"record_id","project_id","batch_number","layer","component_id","component_name","threat_or_vuln_id","source_type","consequence","likelihood","impact","detectability","unmitigated_risk","residual_risk","tolerable_flag","tolerability"
"16368","2","12","Layer 1","3","AIS Interface","T0814","ATT&CK","Inhibit Response Function","2.51515","1.87932","1","4.72677","4.72677","1","Tolerable"
"16633","2","12","Layer 1","3","AIS Interface","T0809","ATT&CK","Inhibit Response Function","2.51515","1.87932","1","4.72677","4.72677","1","Tolerable"
"17494","2","12","Layer 1","3","AIS Interface","TID-222","EMB3D","Critical System Service May Be Disabled","3.88704","1.15332","1","4.48299","4.48299","1","Tolerable"
"17597","2","12","Layer 1","3","AIS Interface","TID-404","EMB3D","Remotely Triggerable Deadlock/DoS","3.88704","1.15332","1","4.48299","4.48299","1","Tolerable"
"16345","2","12","Layer 1","3","AIS Interface","T0800","ATT&CK","Inhibit Response Function","3.88704","1.87932","0.5","7.30498","3.65249","1","Tolerable"
"16453","2","12","Layer 1","3","AIS Interface","T0816","ATT&CK","Inhibit Response Function","3.88704","1.87932","0.5","7.30498","3.65249","1","Tolerable"
"17294","2","12","Layer 1","3","AIS Interface","TID-101","EMB3D","Power Consumption Analysis Side Channel","3.88704","0.864","1","3.3584","3.3584","1","Tolerable"
"17325","2","12","Layer 1","3","AIS Interface","TID-102","EMB3D","Electromagnetic Analysis Side Channel","3.88704","0.864","1","3.3584","3.3584","1","Tolerable"
"16288","2","12","Layer 1","3","AIS Interface","T0803","ATT&CK","Inhibit Response Function","1.43723","1.87932","1","2.70101","2.70101","1","Tolerable"
"16598","2","12","Layer 1","3","AIS Interface","T0804","ATT&CK","Inhibit Response Function","1.43723","1.87932","1","2.70101","2.70101","1","Tolerable"
"16327","2","12","Layer 1","3","AIS Interface","T0887","ATT&CK","Collection","3.88704","0.488485","1","1.89876","1.89876","1","Tolerable"
"17477","2","12","Layer 1","3","AIS Interface","TID-118","EMB3D","Weak Peripheral Port Electrical Damage Protection","3.88704","0.478318","1","1.85924","1.85924","1","Tolerable"
"17462","2","12","Layer 1","3","AIS Interface","TID-114","EMB3D","Peripheral Data Bus Interception","3.88704","0.44","1","1.7103","1.7103","1","Tolerable"
"17011","2","12","Layer 1","3","AIS Interface","T0891","ATT&CK","Persistence","3.88704","0.424","1","1.6481","1.6481","1","Tolerable"
"17425","2","12","Layer 1","3","AIS Interface","TID-111","EMB3D","Untrusted External Storage","3.88704","0.424","1","1.6481","1.6481","1","Tolerable"
"17449","2","12","Layer 1","3","AIS Interface","TID-113","EMB3D","Unverified Peripheral Firmware Loaded","3.88704","0.424","1","1.6481","1.6481","1","Tolerable"
"17534","2","12","Layer 1","3","AIS Interface","TID-310","EMB3D","Remotely Accessible Unauthenticated Services","3.88704","0.424","1","1.6481","1.6481","1","Tolerable"
"17579","2","12","Layer 1","3","AIS Interface","TID-401","EMB3D","Undocumented Protocol Features","3.88704","0.424","1","1.6481","1.6481","1","Tolerable"
"16400","2","12","Layer 1","3","AIS Interface","T0805","ATT&CK","Inhibit Response Function","1.43723","1.87932","0.5","2.70101","1.35051","1","Tolerable"
"17692","2","12","Layer 1","3","AIS Interface","TID-408","EMB3D","Unencrypted Sensitive Data Communication","2.83525","0.424","1","1.20215","1.20215","1","Tolerable"
"17029","2","12","Layer 1","3","AIS Interface","T0859","ATT&CK","Persistence","2.51515","0.424","1","1.06642","1.06642","1","Tolerable"
"17357","2","12","Layer 1","3","AIS Interface","TID-103","EMB3D","Microarchitectural Side Channels","1.18175","0.864","1","1.02103","1.02103","1","Tolerable"
"17642","2","12","Layer 1","3","AIS Interface","TID-406","EMB3D","Unauthorized Messages or Connections","1.83458","0.44","1","0.807215","0.807215","1","Tolerable"
"17387","2","12","Layer 1","3","AIS Interface","TID-105","EMB3D","Hardware Fault Injection – Control Flow Modification","1.18175","0.494318","1","0.58416","0.58416","1","Tolerable"
"16845","2","12","Layer 1","3","AIS Interface","T0830","ATT&CK","Collection","1.43723","0.488485","0.5","0.702065","0.351033","1","Tolerable"
"17666","2","12","Layer 1","3","AIS Interface","TID-407","EMB3D","Missing Message Replay Protection","0.914598","0.424","0.5","0.38779","0.193895","1","Tolerable"
"16326","2","12","Layer 1","3","AIS Interface","T0887","ATT&CK","Discovery","3.88704","0.0484849","1","0.188463","0.188463","1","Tolerable"
"16777","2","12","Layer 1","3","AIS Interface","T0812","ATT&CK","Lateral Movement","3.88704","0.0484849","1","0.188463","0.188463","1","Tolerable"
"17010","2","12","Layer 1","3","AIS Interface","T0891","ATT&CK","Lateral Movement","3.88704","0.0484849","1","0.188463","0.188463","1","Tolerable"
"17618","2","12","Layer 1","3","AIS Interface","TID-405","EMB3D","Network Stack Resource Exhaustion","2.83525","0.0484849","1","0.137467","0.137467","1","Tolerable"
"17028","2","12","Layer 1","3","AIS Interface","T0859","ATT&CK","Lateral Movement","2.51515","0.0484849","1","0.121947","0.121947","1","Tolerable"
"16476","2","12","Layer 1","3","AIS Interface","T0860","ATT&CK","Initial Access","3.88704","0.0484849","0.5","0.188463","0.0942313","1","Tolerable"
"16698","2","12","Layer 1","3","AIS Interface","T0862","ATT&CK","Initial Access","1.43723","0.0484849","1","0.0696839","0.0696839","1","Tolerable"
"16973","2","12","Layer 1","3","AIS Interface","T0847","ATT&CK","Initial Access","0.914598","0.0484849","1","0.0443442","0.0443442","1","Tolerable"
"17514","2","12","Layer 2","24","Autonomous Decision-Making Engine","TID-222","EMB3D","Critical System Service May Be Disabled","3.88704","2.12562","1","8.26236","8.26236","0","Non-tolerable"
"17615","2","12","Layer 2","24","Autonomous Decision-Making Engine","TID-404","EMB3D","Remotely Triggerable Deadlock/DoS","3.88704","2.12562","1","8.26236","8.26236","0","Non-tolerable"
"17319","2","12","Layer 2","24","Autonomous Decision-Making Engine","TID-101","EMB3D","Power Consumption Analysis Side Channel","3.88704","1.232","1","4.78883","4.78883","1","Tolerable"
"17362","2","12","Layer 2","24","Autonomous Decision-Making Engine","TID-102","EMB3D","Electromagnetic Analysis Side Channel","3.88704","1.232","1","4.78883","4.78883","1","Tolerable"
"17536","2","12","Layer 2","24","Autonomous Decision-Making Engine","TID-301","EMB3D","Applications Binaries Modified","3.88704","1.82862","0.5","7.10791","3.55396","1","Tolerable"
"17473","2","12","Layer 2","24","Autonomous Decision-Making Engine","TID-113","EMB3D","Unverified Peripheral Firmware Loaded","3.88704","0.704","1","2.73648","2.73648","1","Tolerable"
"17561","2","12","Layer 2","24","Autonomous Decision-Making Engine","TID-310","EMB3D","Remotely Accessible Unauthenticated Services","3.88704","0.704","1","2.73648","2.73648","1","Tolerable"
"17572","2","12","Layer 2","24","Autonomous Decision-Making Engine","TID-326","EMB3D","Insecure Deserialization","3.88704","0.704","1","2.73648","2.73648","1","Tolerable"
"17599","2","12","Layer 2","24","Autonomous Decision-Making Engine","TID-401","EMB3D","Undocumented Protocol Features","3.88704","0.704","1","2.73648","2.73648","1","Tolerable"
"17431","2","12","Layer 2","24","Autonomous Decision-Making Engine","TID-109","EMB3D","RAM Chip Contents Readout","3.88704","0.528","1","2.05236","2.05236","1","Tolerable"
"17493","2","12","Layer 2","24","Autonomous Decision-Making Engine","TID-114","EMB3D","Peripheral Data Bus Interception","3.88704","0.528","1","2.05236","2.05236","1","Tolerable"
"17730","2","12","Layer 2","24","Autonomous Decision-Making Engine","TID-408","EMB3D","Unencrypted Sensitive Data Communication","2.83525","0.704","1","1.99602","1.99602","1","Tolerable"
"17279","2","12","Layer 2","24","Autonomous Decision-Making Engine","AML.T0031","ATLAS","Erode ML Model Integrity","2.22117","2.94962","0.25","6.5516","1.6379","1","Tolerable"
"17389","2","12","Layer 2","24","Autonomous Decision-Making Engine","TID-103","EMB3D","Microarchitectural Side Channels","1.18175","1.232","1","1.45592","1.45592","1","Tolerable"
"17550","2","12","Layer 2","24","Autonomous Decision-Making Engine","TID-302","EMB3D","Install Untrusted Application","3.88704","0.704","0.5","2.73648","1.36824","1","Tolerable"
"17423","2","12","Layer 2","24","Autonomous Decision-Making Engine","TID-105","EMB3D","Hardware Fault Injection – Control Flow Modification","1.18175","1.12462","1","1.32902","1.32902","1","Tolerable"
"17678","2","12","Layer 2","24","Autonomous Decision-Making Engine","TID-406","EMB3D","Unauthorized Messages or Connections","1.83458","0.528","1","0.968658","0.968658","1","Tolerable"
"17689","2","12","Layer 2","24","Autonomous Decision-Making Engine","TID-407","EMB3D","Missing Message Replay Protection","0.914598","0.704","1","0.643877","0.643877","1","Tolerable"
"17289","2","12","Layer 2","24","Autonomous Decision-Making Engine","AML.T0015","ATLAS","Defense Evasion","2.22117","0.704","0.25","1.5637","0.390926","1","Tolerable"
"17639","2","12","Layer 2","24","Autonomous Decision-Making Engine","TID-405","EMB3D","Network Stack Resource Exhaustion","2.83525","0.0484849","1","0.137467","0.137467","1","Tolerable"
"17257","2","12","Layer 2","24","Autonomous Decision-Making Engine","AML.T0010.002","ATLAS","Initial Access","1.62015","0.0484849","1","0.0785528","0.0785528","1","Tolerable"
"17295","2","12","Layer 2","24","Autonomous Decision-Making Engine","AML.T0043","ATLAS","ML Attack Staging","1.62015","0.0484849","1","0.0785528","0.0785528","1","Tolerable"
"17288","2","12","Layer 2","24","Autonomous Decision-Making Engine","AML.T0015","ATLAS","Initial Access","2.22117","0.0484849","0.25","0.107693","0.0269233","1","Tolerable"
"17290","2","12","Layer 2","24","Autonomous Decision-Making Engine","AML.T0015","ATLAS","Evade ML Model","2.22117","0.0484849","0.25","0.107693","0.0269233","1","Tolerable"
"17518","2","12","Layer 3","33","Autonomous Navigation Decision Module","TID-222","EMB3D","Critical System Service May Be Disabled","3.88704","2.625","1","10.2035","10.2035","0","Non-tolerable"
"17341","2","12","Layer 3","33","Autonomous Navigation Decision Module","TID-101","EMB3D","Power Consumption Analysis Side Channel","3.88704","1.416","1","5.50405","5.50405","1","Tolerable"
"17370","2","12","Layer 3","33","Autonomous Navigation Decision Module","TID-102","EMB3D","Electromagnetic Analysis Side Channel","3.88704","1.416","1","5.50405","5.50405","1","Tolerable"
"17546","2","12","Layer 3","33","Autonomous Navigation Decision Module","TID-301","EMB3D","Applications Binaries Modified","3.88704","2.416","0.5","9.39109","4.69554","1","Tolerable"
"17570","2","12","Layer 3","33","Autonomous Navigation Decision Module","TID-310","EMB3D","Remotely Accessible Unauthenticated Services","3.88704","0.8","1","3.10963","3.10963","1","Tolerable"
"17612","2","12","Layer 3","33","Autonomous Navigation Decision Module","TID-401","EMB3D","Undocumented Protocol Features","3.88704","0.8","1","3.10963","3.10963","1","Tolerable"
"17631","2","12","Layer 3","33","Autonomous Navigation Decision Module","TID-404","EMB3D","Remotely Triggerable Deadlock/DoS","3.88704","2.625","0.25","10.2035","2.55087","1","Tolerable"
"17432","2","12","Layer 3","33","Autonomous Navigation Decision Module","TID-109","EMB3D","RAM Chip Contents Readout","3.88704","0.616","1","2.39442","2.39442","1","Tolerable"
"17734","2","12","Layer 3","33","Autonomous Navigation Decision Module","TID-408","EMB3D","Unencrypted Sensitive Data Communication","2.83525","0.8","1","2.2682","2.2682","1","Tolerable"
"17434","2","12","Layer 3","33","Autonomous Navigation Decision Module","TID-105","EMB3D","Hardware Fault Injection – Control Flow Modification","1.18175","1.616","1","1.90971","1.90971","1","Tolerable"
"17401","2","12","Layer 3","33","Autonomous Navigation Decision Module","TID-103","EMB3D","Microarchitectural Side Channels","1.18175","1.416","1","1.67336","1.67336","1","Tolerable"
"17549","2","12","Layer 3","33","Autonomous Navigation Decision Module","TID-302","EMB3D","Install Untrusted Application","3.88704","0.8","0.5","3.10963","1.55482","1","Tolerable"
"17680","2","12","Layer 3","33","Autonomous Navigation Decision Module","TID-406","EMB3D","Unauthorized Messages or Connections","1.83458","0.616","1","1.1301","1.1301","1","Tolerable"
"17588","2","12","Layer 3","33","Autonomous Navigation Decision Module","TID-326","EMB3D","Insecure Deserialization","3.88704","0.8","0.25","3.10963","0.777408","1","Tolerable"
"17281","2","12","Layer 3","33","Autonomous Navigation Decision Module","AML.T0015","ATLAS","Defense Evasion","2.22117","0.8","0.25","1.77694","0.444234","1","Tolerable"
"17701","2","12","Layer 3","33","Autonomous Navigation Decision Module","TID-407","EMB3D","Missing Message Replay Protection","0.914598","0.8","0.5","0.731678","0.365839","1","Tolerable"
"17250","2","12","Layer 3","33","Autonomous Navigation Decision Module","AML.T0010.002","ATLAS","Initial Access","1.62015","0.0242424","1","0.0392763","0.0392763","1","Tolerable"
"17293","2","12","Layer 3","33","Autonomous Navigation Decision Module","AML.T0043","ATLAS","ML Attack Staging","1.62015","0.0242424","1","0.0392763","0.0392763","1","Tolerable"
"17655","2","12","Layer 3","33","Autonomous Navigation Decision Module","TID-405","EMB3D","Network Stack Resource Exhaustion","2.83525","0.0242424","0.25","0.0687333","0.0171833","1","Tolerable"
"17280","2","12","Layer 3","33","Autonomous Navigation Decision Module","AML.T0015","ATLAS","Initial Access","2.22117","0.0242424","0.25","0.0538465","0.0134616","1","Tolerable"
"17282","2","12","Layer 3","33","Autonomous Navigation Decision Module","AML.T0015","ATLAS","Evade ML Model","2.22117","0.0242424","0.25","0.0538465","0.0134616","1","Tolerable"
"16369","2","12","Layer 3","34","Collision Avoidance System","T0800","ATT&CK","Inhibit Response Function","3.88704","2.97833","1","11.5769","11.5769","0","Non-tolerable"
"16483","2","12","Layer 3","34","Collision Avoidance System","T0816","ATT&CK","Inhibit Response Function","3.88704","2.97833","1","11.5769","11.5769","0","Non-tolerable"
"17507","2","12","Layer 3","34","Collision Avoidance System","TID-222","EMB3D","Critical System Service May Be Disabled","3.88704","2.09033","1","8.12519","8.12519","0","Non-tolerable"
"17617","2","12","Layer 3","34","Collision Avoidance System","TID-404","EMB3D","Remotely Triggerable Deadlock/DoS","3.88704","2.09033","1","8.12519","8.12519","0","Non-tolerable"
"16314","2","12","Layer 3","34","Collision Avoidance System","T0881","ATT&CK","Inhibit Response Function","2.51515","2.97833","1","7.49094","7.49094","0","Non-tolerable"
"16658","2","12","Layer 3","34","Collision Avoidance System","T0809","ATT&CK","Inhibit Response Function","2.51515","2.97833","1","7.49094","7.49094","0","Non-tolerable"
"16760","2","12","Layer 3","34","Collision Avoidance System","T0856","ATT&CK","Impair Process Control","2.51515","2.97833","1","7.49094","7.49094","0","Non-tolerable"
"17273","2","12","Layer 3","34","Collision Avoidance System","AML.T0031","ATLAS","Erode ML Model Integrity","2.22117","2.99433","1","6.65091","6.65091","0","Non-tolerable"
"17242","2","12","Layer 3","34","Collision Avoidance System","T0892","ATT&CK","Inhibit Response Function","2.22117","2.97833","1","6.61538","6.61538","0","Non-tolerable"
"16396","2","12","Layer 3","34","Collision Avoidance System","T0814","ATT&CK","Inhibit Response Function","2.51515","2.97833","0.75","7.49094","5.61821","1","Tolerable"
"17322","2","12","Layer 3","34","Collision Avoidance System","TID-101","EMB3D","Power Consumption Analysis Side Channel","3.88704","1.328","1","5.16199","5.16199","1","Tolerable"
"17353","2","12","Layer 3","34","Collision Avoidance System","TID-102","EMB3D","Electromagnetic Analysis Side Channel","3.88704","1.328","1","5.16199","5.16199","1","Tolerable"
"16506","2","12","Layer 3","34","Collision Avoidance System","T0858","ATT&CK","Execution","2.22117","2.02681","1","4.5019","4.5019","1","Tolerable"
"16294","2","12","Layer 3","34","Collision Avoidance System","T0803","ATT&CK","Inhibit Response Function","1.43723","2.97833","1","4.28054","4.28054","1","Tolerable"
"16425","2","12","Layer 3","34","Collision Avoidance System","T0805","ATT&CK","Inhibit Response Function","1.43723","2.97833","1","4.28054","4.28054","1","Tolerable"
"16501","2","12","Layer 3","34","Collision Avoidance System","T0878","ATT&CK","Inhibit Response Function","1.43723","2.97833","1","4.28054","4.28054","1","Tolerable"
"16575","2","12","Layer 3","34","Collision Avoidance System","T0835","ATT&CK","Inhibit Response Function","1.43723","2.97833","1","4.28054","4.28054","1","Tolerable"
"16623","2","12","Layer 3","34","Collision Avoidance System","T0804","ATT&CK","Inhibit Response Function","1.43723","2.97833","1","4.28054","4.28054","1","Tolerable"
"16841","2","12","Layer 3","34","Collision Avoidance System","T0806","ATT&CK","Impair Process Control","1.43723","2.97833","1","4.28054","4.28054","1","Tolerable"
"16961","2","12","Layer 3","34","Collision Avoidance System","T0857","ATT&CK","Inhibit Response Function","1.43723","2.97833","1","4.28054","4.28054","1","Tolerable"
"17167","2","12","Layer 3","34","Collision Avoidance System","T0838","ATT&CK","Inhibit Response Function","1.43723","2.97833","1","4.28054","4.28054","1","Tolerable"
"17234","2","12","Layer 3","34","Collision Avoidance System","T0839","ATT&CK","Impair Process Control","1.43723","2.97833","1","4.28054","4.28054","1","Tolerable"
"17529","2","12","Layer 3","34","Collision Avoidance System","TID-301","EMB3D","Applications Binaries Modified","3.88704","1.88133","0.5","7.3128","3.6564","1","Tolerable"
"16319","2","12","Layer 3","34","Collision Avoidance System","T0821","ATT&CK","Execution","1.43723","2.02681","1","2.913","2.913","1","Tolerable"
"16696","2","12","Layer 3","34","Collision Avoidance System","T0871","ATT&CK","Execution","1.43723","2.02681","1","2.913","2.913","1","Tolerable"
"16925","2","12","Layer 3","34","Collision Avoidance System","T0834","ATT&CK","Execution","1.43723","2.02681","1","2.913","2.913","1","Tolerable"
"17555","2","12","Layer 3","34","Collision Avoidance System","TID-310","EMB3D","Remotely Accessible Unauthenticated Services","3.88704","0.712","1","2.76757","2.76757","1","Tolerable"
"17574","2","12","Layer 3","34","Collision Avoidance System","TID-326","EMB3D","Insecure Deserialization","3.88704","0.712","1","2.76757","2.76757","1","Tolerable"
"17595","2","12","Layer 3","34","Collision Avoidance System","TID-401","EMB3D","Undocumented Protocol Features","3.88704","0.712","1","2.76757","2.76757","1","Tolerable"
"16446","2","12","Layer 3","34","Collision Avoidance System","T0861","ATT&CK","Collection","3.88704","0.664485","1","2.58288","2.58288","1","Tolerable"
"16532","2","12","Layer 3","34","Collision Avoidance System","T0801","ATT&CK","Collection","3.88704","0.664485","1","2.58288","2.58288","1","Tolerable"
"17420","2","12","Layer 3","34","Collision Avoidance System","TID-109","EMB3D","RAM Chip Contents Readout","3.88704","0.616","1","2.39442","2.39442","1","Tolerable"
"16632","2","12","Layer 3","34","Collision Avoidance System","T0855","ATT&CK","Impair Process Control","1.43723","2.97833","0.5","4.28054","2.14027","1","Tolerable"
"17720","2","12","Layer 3","34","Collision Avoidance System","TID-408","EMB3D","Unencrypted Sensitive Data Communication","2.83525","0.712","1","2.0187","2.0187","1","Tolerable"
"16675","2","12","Layer 3","34","Collision Avoidance System","T0872","ATT&CK","Evasion","2.51515","0.712","1","1.79079","1.79079","1","Tolerable"
"16759","2","12","Layer 3","34","Collision Avoidance System","T0856","ATT&CK","Evasion","2.51515","0.712","1","1.79079","1.79079","1","Tolerable"
"17087","2","12","Layer 3","34","Collision Avoidance System","T0859","ATT&CK","Persistence","2.51515","0.712","1","1.79079","1.79079","1","Tolerable"
"16676","2","12","Layer 3","34","Collision Avoidance System","T0877","ATT&CK","Collection","2.51515","0.664485","1","1.67128","1.67128","1","Tolerable"
"16507","2","12","Layer 3","34","Collision Avoidance System","T0858","ATT&CK","Evasion","2.22117","0.712","1","1.58147","1.58147","1","Tolerable"
"17246","2","12","Layer 3","34","Collision Avoidance System","T0889","ATT&CK","Persistence","2.22117","0.712","1","1.58147","1.58147","1","Tolerable"
"17261","2","12","Layer 3","34","Collision Avoidance System","AML.T0015","ATLAS","Defense Evasion","2.22117","0.712","1","1.58147","1.58147","1","Tolerable"
"17385","2","12","Layer 3","34","Collision Avoidance System","TID-103","EMB3D","Microarchitectural Side Channels","1.18175","1.328","1","1.56936","1.56936","1","Tolerable"
"16504","2","12","Layer 3","34","Collision Avoidance System","T0868","ATT&CK","Collection","2.22117","0.664485","1","1.47593","1.47593","1","Tolerable"
"16568","2","12","Layer 3","34","Collision Avoidance System","T0845","ATT&CK","Collection","2.22117","0.664485","1","1.47593","1.47593","1","Tolerable"
"17533","2","12","Layer 3","34","Collision Avoidance System","TID-302","EMB3D","Install Untrusted Application","3.88704","0.712","0.5","2.76757","1.38379","1","Tolerable"
"17418","2","12","Layer 3","34","Collision Avoidance System","TID-105","EMB3D","Hardware Fault Injection – Control Flow Modification","1.18175","1.16933","1","1.38185","1.38185","1","Tolerable"
"17667","2","12","Layer 3","34","Collision Avoidance System","TID-406","EMB3D","Unauthorized Messages or Connections","1.83458","0.616","1","1.1301","1.1301","1","Tolerable"
"16877","2","12","Layer 3","34","Collision Avoidance System","T0820","ATT&CK","Evasion","1.43723","0.712","1","1.02331","1.02331","1","Tolerable"
"16962","2","12","Layer 3","34","Collision Avoidance System","T0857","ATT&CK","Persistence","1.43723","0.712","1","1.02331","1.02331","1","Tolerable"
"17097","2","12","Layer 3","34","Collision Avoidance System","T0890","ATT&CK","Privilege Escalation","1.43723","0.712","1","1.02331","1.02331","1","Tolerable"
"17233","2","12","Layer 3","34","Collision Avoidance System","T0839","ATT&CK","Persistence","1.43723","0.712","1","1.02331","1.02331","1","Tolerable"
"16872","2","12","Layer 3","34","Collision Avoidance System","T0830","ATT&CK","Collection","1.43723","0.664485","1","0.955018","0.955018","1","Tolerable"
"17687","2","12","Layer 3","34","Collision Avoidance System","TID-407","EMB3D","Missing Message Replay Protection","0.914598","0.712","1","0.651194","0.651194","1","Tolerable"
"16807","2","12","Layer 3","34","Collision Avoidance System","T0866","ATT&CK","Lateral Movement","3.88704","0.0484849","1","0.188463","0.188463","1","Tolerable"
"16808","2","12","Layer 3","34","Collision Avoidance System","T0866","ATT&CK","Initial Access","3.88704","0.0484849","1","0.188463","0.188463","1","Tolerable"
"16819","2","12","Layer 3","34","Collision Avoidance System","T0812","ATT&CK","Lateral Movement","3.88704","0.0484849","1","0.188463","0.188463","1","Tolerable"
"17127","2","12","Layer 3","34","Collision Avoidance System","T0884","ATT&CK","Command and Control","3.88704","0.0484849","1","0.188463","0.188463","1","Tolerable"
"17143","2","12","Layer 3","34","Collision Avoidance System","T0869","ATT&CK","Command and Control","3.88704","0.0484849","1","0.188463","0.188463","1","Tolerable"
"17195","2","12","Layer 3","34","Collision Avoidance System","T0885","ATT&CK","Command and Control","3.88704","0.0484849","1","0.188463","0.188463","1","Tolerable"
"16562","2","12","Layer 3","34","Collision Avoidance System","T0888","ATT&CK","Discovery","2.51515","0.0484849","1","0.121947","0.121947","1","Tolerable"
"16594","2","12","Layer 3","34","Collision Avoidance System","T0842","ATT&CK","Discovery","2.51515","0.0484849","1","0.121947","0.121947","1","Tolerable"
"17086","2","12","Layer 3","34","Collision Avoidance System","T0859","ATT&CK","Lateral Movement","2.51515","0.0484849","1","0.121947","0.121947","1","Tolerable"
"17112","2","12","Layer 3","34","Collision Avoidance System","T0846","ATT&CK","Discovery","2.51515","0.0484849","1","0.121947","0.121947","1","Tolerable"
"17208","2","12","Layer 3","34","Collision Avoidance System","T0840","ATT&CK","Discovery","2.51515","0.0484849","1","0.121947","0.121947","1","Tolerable"
"16902","2","12","Layer 3","34","Collision Avoidance System","T0848","ATT&CK","Initial Access","2.22117","0.0484849","1","0.107693","0.107693","1","Tolerable"
"16967","2","12","Layer 3","34","Collision Avoidance System","T0843","ATT&CK","Lateral Movement","2.22117","0.0484849","1","0.107693","0.107693","1","Tolerable"
"17260","2","12","Layer 3","34","Collision Avoidance System","AML.T0015","ATLAS","Initial Access","2.22117","0.0484849","1","0.107693","0.107693","1","Tolerable"
"17262","2","12","Layer 3","34","Collision Avoidance System","AML.T0015","ATLAS","Evade ML Model","2.22117","0.0484849","1","0.107693","0.107693","1","Tolerable"
"17248","2","12","Layer 3","34","Collision Avoidance System","AML.T0010.002","ATLAS","Initial Access","1.62015","0.0484849","1","0.0785528","0.0785528","1","Tolerable"
"17266","2","12","Layer 3","34","Collision Avoidance System","AML.T0043","ATLAS","ML Attack Staging","1.62015","0.0484849","1","0.0785528","0.0785528","1","Tolerable"
"16722","2","12","Layer 3","34","Collision Avoidance System","T0862","ATT&CK","Initial Access","1.43723","0.0484849","1","0.0696839","0.0696839","1","Tolerable"
"17635","2","12","Layer 3","34","Collision Avoidance System","TID-405","EMB3D","Network Stack Resource Exhaustion","2.83525","0.0484849","0.5","0.137467","0.0687334","1","Tolerable"
"17000","2","12","Layer 3","34","Collision Avoidance System","T0847","ATT&CK","Initial Access","0.914598","0.0484849","1","0.0443442","0.0443442","1","Tolerable"
"16310","2","12","Layer 1","12","Controllable Pitch Propeller","T0881","ATT&CK","Inhibit Response Function","2.51515","2.6151","1","6.57736","6.57736","0","Non-tolerable"
"16641","2","12","Layer 1","12","Controllable Pitch Propeller","T0809","ATT&CK","Inhibit Response Function","2.51515","2.6151","1","6.57736","6.57736","0","Non-tolerable"
"17221","2","12","Layer 1","12","Controllable Pitch Propeller","T0892","ATT&CK","Inhibit Response Function","2.22117","2.6151","1","5.80857","5.80857","1","Tolerable"
"16380","2","12","Layer 1","12","Controllable Pitch Propeller","T0814","ATT&CK","Inhibit Response Function","2.51515","2.6151","0.75","6.57736","4.93302","1","Tolerable"
"16284","2","12","Layer 1","12","Controllable Pitch Propeller","T0803","ATT&CK","Inhibit Response Function","1.43723","2.6151","1","3.75849","3.75849","1","Tolerable"
"16409","2","12","Layer 1","12","Controllable Pitch Propeller","T0805","ATT&CK","Inhibit Response Function","1.43723","2.6151","1","3.75849","3.75849","1","Tolerable"
"16569","2","12","Layer 1","12","Controllable Pitch Propeller","T0835","ATT&CK","Inhibit Response Function","1.43723","2.6151","1","3.75849","3.75849","1","Tolerable"
"16606","2","12","Layer 1","12","Controllable Pitch Propeller","T0804","ATT&CK","Inhibit Response Function","1.43723","2.6151","1","3.75849","3.75849","1","Tolerable"
"16835","2","12","Layer 1","12","Controllable Pitch Propeller","T0806","ATT&CK","Impair Process Control","1.43723","2.6151","1","3.75849","3.75849","1","Tolerable"
"16356","2","12","Layer 1","12","Controllable Pitch Propeller","T0800","ATT&CK","Inhibit Response Function","3.88704","2.6151","0.25","10.165","2.54125","1","Tolerable"
"16463","2","12","Layer 1","12","Controllable Pitch Propeller","T0816","ATT&CK","Inhibit Response Function","3.88704","2.6151","0.25","10.165","2.54125","1","Tolerable"
"17482","2","12","Layer 1","12","Controllable Pitch Propeller","TID-118","EMB3D","Weak Peripheral Port Electrical Damage Protection","3.88704","0.630096","1","2.44921","2.44921","1","Tolerable"
"16915","2","12","Layer 1","12","Controllable Pitch Propeller","T0834","ATT&CK","Execution","1.43723","1.6151","1","2.32126","2.32126","1","Tolerable"
"17302","2","12","Layer 1","12","Controllable Pitch Propeller","TID-101","EMB3D","Power Consumption Analysis Side Channel","3.88704","0.448","1","1.74139","1.74139","1","Tolerable"
"17337","2","12","Layer 1","12","Controllable Pitch Propeller","TID-102","EMB3D","Electromagnetic Analysis Side Channel","3.88704","0.448","1","1.74139","1.74139","1","Tolerable"
"17426","2","12","Layer 1","12","Controllable Pitch Propeller","TID-111","EMB3D","Untrusted External Storage","3.88704","0.44","1","1.7103","1.7103","1","Tolerable"
"17448","2","12","Layer 1","12","Controllable Pitch Propeller","TID-113","EMB3D","Unverified Peripheral Firmware Loaded","3.88704","0.44","1","1.7103","1.7103","1","Tolerable"
"17490","2","12","Layer 1","12","Controllable Pitch Propeller","TID-210","EMB3D","Device Vulnerabilities Unpatchable","3.88704","0.44","1","1.7103","1.7103","1","Tolerable"
"16738","2","12","Layer 1","12","Controllable Pitch Propeller","T0856","ATT&CK","Impair Process Control","2.51515","2.6151","0.25","6.57736","1.64434","1","Tolerable"
"17702","2","12","Layer 1","12","Controllable Pitch Propeller","TID-408","EMB3D","Unencrypted Sensitive Data Communication","2.83525","0.44","1","1.24751","1.24751","1","Tolerable"
"16666","2","12","Layer 1","12","Controllable Pitch Propeller","T0872","ATT&CK","Evasion","2.51515","0.44","1","1.10667","1.10667","1","Tolerable"
"17047","2","12","Layer 1","12","Controllable Pitch Propeller","T0859","ATT&CK","Persistence","2.51515","0.44","1","1.10667","1.10667","1","Tolerable"
"16624","2","12","Layer 1","12","Controllable Pitch Propeller","T0855","ATT&CK","Impair Process Control","1.43723","2.6151","0.25","3.75849","0.939624","1","Tolerable"
"16927","2","12","Layer 1","12","Controllable Pitch Propeller","T0857","ATT&CK","Inhibit Response Function","1.43723","2.6151","0.25","3.75849","0.939624","1","Tolerable"
"17216","2","12","Layer 1","12","Controllable Pitch Propeller","T0839","ATT&CK","Impair Process Control","1.43723","2.6151","0.25","3.75849","0.939624","1","Tolerable"
"16499","2","12","Layer 1","12","Controllable Pitch Propeller","T0858","ATT&CK","Execution","2.22117","1.6151","0.25","3.5874","0.896851","1","Tolerable"
"16880","2","12","Layer 1","12","Controllable Pitch Propeller","T0820","ATT&CK","Evasion","1.43723","0.44","1","0.632381","0.632381","1","Tolerable"
"17081","2","12","Layer 1","12","Controllable Pitch Propeller","T0890","ATT&CK","Privilege Escalation","1.43723","0.44","1","0.632381","0.632381","1","Tolerable"
"16318","2","12","Layer 1","12","Controllable Pitch Propeller","T0821","ATT&CK","Execution","1.43723","1.6151","0.25","2.32126","0.580316","1","Tolerable"
"16687","2","12","Layer 1","12","Controllable Pitch Propeller","T0871","ATT&CK","Execution","1.43723","1.6151","0.25","2.32126","0.580316","1","Tolerable"
"17365","2","12","Layer 1","12","Controllable Pitch Propeller","TID-103","EMB3D","Microarchitectural Side Channels","1.18175","0.448","1","0.529424","0.529424","1","Tolerable"
"16737","2","12","Layer 1","12","Controllable Pitch Propeller","T0856","ATT&CK","Evasion","2.51515","0.44","0.25","1.10667","0.276666","1","Tolerable"
"16500","2","12","Layer 1","12","Controllable Pitch Propeller","T0858","ATT&CK","Evasion","2.22117","0.44","0.25","0.977315","0.244329","1","Tolerable"
"17245","2","12","Layer 1","12","Controllable Pitch Propeller","T0889","ATT&CK","Persistence","2.22117","0.44","0.25","0.977315","0.244329","1","Tolerable"
"17395","2","12","Layer 1","12","Controllable Pitch Propeller","TID-105","EMB3D","Hardware Fault Injection – Control Flow Modification","1.18175","0.198096","1","0.2341","0.2341","1","Tolerable"
"16928","2","12","Layer 1","12","Controllable Pitch Propeller","T0857","ATT&CK","Persistence","1.43723","0.44","0.25","0.632381","0.158095","1","Tolerable"
"17215","2","12","Layer 1","12","Controllable Pitch Propeller","T0839","ATT&CK","Persistence","1.43723","0.44","0.25","0.632381","0.158095","1","Tolerable"
"16512","2","12","Layer 1","12","Controllable Pitch Propeller","T0801","ATT&CK","Collection","3.88704","0.008","1","0.0310963","0.0310963","1","Tolerable"
"17461","2","12","Layer 1","12","Controllable Pitch Propeller","TID-114","EMB3D","Peripheral Data Bus Interception","3.88704","0.008","1","0.0310963","0.0310963","1","Tolerable"
"16677","2","12","Layer 1","12","Controllable Pitch Propeller","T0877","ATT&CK","Collection","2.51515","0.008","1","0.0201212","0.0201212","1","Tolerable"
"17651","2","12","Layer 1","12","Controllable Pitch Propeller","TID-406","EMB3D","Unauthorized Messages or Connections","1.83458","0.008","1","0.0146766","0.0146766","1","Tolerable"
"16444","2","12","Layer 1","12","Controllable Pitch Propeller","T0861","ATT&CK","Collection","3.88704","0.008","0.25","0.0310963","0.00777408","1","Tolerable"
"16514","2","12","Layer 1","12","Controllable Pitch Propeller","T0868","ATT&CK","Collection","2.22117","0.008","0.25","0.0177694","0.00444234","1","Tolerable"
"16566","2","12","Layer 1","12","Controllable Pitch Propeller","T0845","ATT&CK","Collection","2.22117","0.008","0.25","0.0177694","0.00444234","1","Tolerable"
"16859","2","12","Layer 1","12","Controllable Pitch Propeller","T0830","ATT&CK","Collection","1.43723","0.008","0.25","0.0114978","0.00287446","1","Tolerable"
"16554","2","12","Layer 1","12","Controllable Pitch Propeller","T0888","ATT&CK","Discovery","2.51515","0","1","0","0","1","Tolerable"
"16582","2","12","Layer 1","12","Controllable Pitch Propeller","T0842","ATT&CK","Discovery","2.51515","0","1","0","0","1","Tolerable"
"16708","2","12","Layer 1","12","Controllable Pitch Propeller","T0862","ATT&CK","Initial Access","1.43723","0","1","0","0","1","Tolerable"
"16778","2","12","Layer 1","12","Controllable Pitch Propeller","T0866","ATT&CK","Lateral Movement","3.88704","0","1","0","0","1","Tolerable"
"16779","2","12","Layer 1","12","Controllable Pitch Propeller","T0866","ATT&CK","Initial Access","3.88704","0","1","0","0","1","Tolerable"
"16806","2","12","Layer 1","12","Controllable Pitch Propeller","T0812","ATT&CK","Lateral Movement","3.88704","0","1","0","0","1","Tolerable"
"16898","2","12","Layer 1","12","Controllable Pitch Propeller","T0848","ATT&CK","Initial Access","2.22117","0","0.25","0","0","1","Tolerable"
"16970","2","12","Layer 1","12","Controllable Pitch Propeller","T0843","ATT&CK","Lateral Movement","2.22117","0","0.25","0","0","1","Tolerable"
"16984","2","12","Layer 1","12","Controllable Pitch Propeller","T0847","ATT&CK","Initial Access","0.914598","0","1","0","0","1","Tolerable"
"17046","2","12","Layer 1","12","Controllable Pitch Propeller","T0859","ATT&CK","Lateral Movement","2.51515","0","1","0","0","1","Tolerable"
"17102","2","12","Layer 1","12","Controllable Pitch Propeller","T0846","ATT&CK","Discovery","2.51515","0","1","0","0","1","Tolerable"
"17133","2","12","Layer 1","12","Controllable Pitch Propeller","T0869","ATT&CK","Command and Control","3.88704","0","1","0","0","1","Tolerable"
"17196","2","12","Layer 1","12","Controllable Pitch Propeller","T0840","ATT&CK","Discovery","2.51515","0","1","0","0","1","Tolerable"
"17544","2","12","Layer 3","32","Data Integration and Analysis Module","TID-301","EMB3D","Applications Binaries Modified","3.88704","2.29988","1","8.93973","8.93973","0","Non-tolerable"
"17517","2","12","Layer 3","32","Data Integration and Analysis Module","TID-222","EMB3D","Critical System Service May Be Disabled","3.88704","2.27088","1","8.82701","8.82701","0","Non-tolerable"
"17633","2","12","Layer 3","32","Data Integration and Analysis Module","TID-404","EMB3D","Remotely Triggerable Deadlock/DoS","3.88704","2.27088","1","8.82701","8.82701","0","Non-tolerable"
"17335","2","12","Layer 3","32","Data Integration and Analysis Module","TID-101","EMB3D","Power Consumption Analysis Side Channel","3.88704","1.408","1","5.47295","5.47295","1","Tolerable"
"17367","2","12","Layer 3","32","Data Integration and Analysis Module","TID-102","EMB3D","Electromagnetic Analysis Side Channel","3.88704","1.408","1","5.47295","5.47295","1","Tolerable"
"17435","2","12","Layer 3","32","Data Integration and Analysis Module","TID-109","EMB3D","RAM Chip Contents Readout","3.88704","0.704","1","2.73648","2.73648","1","Tolerable"
"17583","2","12","Layer 3","32","Data Integration and Analysis Module","TID-326","EMB3D","Insecure Deserialization","3.88704","0.704","1","2.73648","2.73648","1","Tolerable"
"17610","2","12","Layer 3","32","Data Integration and Analysis Module","TID-401","EMB3D","Undocumented Protocol Features","3.88704","0.704","1","2.73648","2.73648","1","Tolerable"
"17731","2","12","Layer 3","32","Data Integration and Analysis Module","TID-408","EMB3D","Unencrypted Sensitive Data Communication","2.83525","0.704","1","1.99602","1.99602","1","Tolerable"
"17429","2","12","Layer 3","32","Data Integration and Analysis Module","TID-105","EMB3D","Hardware Fault Injection – Control Flow Modification","1.18175","1.59588","1","1.88593","1.88593","1","Tolerable"
"17400","2","12","Layer 3","32","Data Integration and Analysis Module","TID-103","EMB3D","Microarchitectural Side Channels","1.18175","1.408","1","1.6639","1.6639","1","Tolerable"
"17736","2","12","Layer 3","32","Data Integration and Analysis Module","TID-412","EMB3D","Network Routing Capability Abuse","2.83525","0.704","0.75","1.99602","1.49701","1","Tolerable"
"17569","2","12","Layer 3","32","Data Integration and Analysis Module","TID-310","EMB3D","Remotely Accessible Unauthenticated Services","3.88704","0.704","0.25","2.73648","0.684119","1","Tolerable"
"17275","2","12","Layer 3","32","Data Integration and Analysis Module","AML.T0015","ATLAS","Defense Evasion","2.22117","0.704","0.25","1.5637","0.390926","1","Tolerable"
"17683","2","12","Layer 3","32","Data Integration and Analysis Module","TID-406","EMB3D","Unauthorized Messages or Connections","1.83458","0.704","0.25","1.29154","0.322886","1","Tolerable"
"17703","2","12","Layer 3","32","Data Integration and Analysis Module","TID-407","EMB3D","Missing Message Replay Protection","0.914598","0.704","0.5","0.643877","0.321938","1","Tolerable"
"17251","2","12","Layer 3","32","Data Integration and Analysis Module","AML.T0010.002","ATLAS","Initial Access","1.62015","0.0242424","1","0.0392763","0.0392763","1","Tolerable"
"17286","2","12","Layer 3","32","Data Integration and Analysis Module","AML.T0043","ATLAS","ML Attack Staging","1.62015","0.0242424","1","0.0392763","0.0392763","1","Tolerable"
"17643","2","12","Layer 3","32","Data Integration and Analysis Module","TID-405","EMB3D","Network Stack Resource Exhaustion","2.83525","0.0242424","0.5","0.0687333","0.0343666","1","Tolerable"
"17274","2","12","Layer 3","32","Data Integration and Analysis Module","AML.T0015","ATLAS","Initial Access","2.22117","0.0242424","0.25","0.0538465","0.0134616","1","Tolerable"
"17276","2","12","Layer 3","32","Data Integration and Analysis Module","AML.T0015","ATLAS","Evade ML Model","2.22117","0.0242424","0.25","0.0538465","0.0134616","1","Tolerable"
"16363","2","12","Layer 1","21","Echo Sounder","T0800","ATT&CK","Inhibit Response Function","3.88704","0.985","1","3.82873","3.82873","1","Tolerable"
"16470","2","12","Layer 1","21","Echo Sounder","T0816","ATT&CK","Inhibit Response Function","3.88704","0.985","1","3.82873","3.82873","1","Tolerable"
"16653","2","12","Layer 1","21","Echo Sounder","T0809","ATT&CK","Inhibit Response Function","2.51515","0.985","1","2.47742","2.47742","1","Tolerable"
"16390","2","12","Layer 1","21","Echo Sounder","T0814","ATT&CK","Inhibit Response Function","2.51515","0.985","0.75","2.47742","1.85807","1","Tolerable"
"17312","2","12","Layer 1","21","Echo Sounder","TID-101","EMB3D","Power Consumption Analysis Side Channel","3.88704","0.376","1","1.46153","1.46153","1","Tolerable"
"17346","2","12","Layer 1","21","Echo Sounder","TID-102","EMB3D","Electromagnetic Analysis Side Channel","3.88704","0.376","1","1.46153","1.46153","1","Tolerable"
"16299","2","12","Layer 1","21","Echo Sounder","T0803","ATT&CK","Inhibit Response Function","1.43723","0.985","1","1.41567","1.41567","1","Tolerable"
"16417","2","12","Layer 1","21","Echo Sounder","T0805","ATT&CK","Inhibit Response Function","1.43723","0.985","1","1.41567","1.41567","1","Tolerable"
"16618","2","12","Layer 1","21","Echo Sounder","T0804","ATT&CK","Inhibit Response Function","1.43723","0.985","1","1.41567","1.41567","1","Tolerable"
"17489","2","12","Layer 1","21","Echo Sounder","TID-118","EMB3D","Weak Peripheral Port Electrical Damage Protection","3.88704","0.21","1","0.816278","0.816278","1","Tolerable"
"16339","2","12","Layer 1","21","Echo Sounder","T0887","ATT&CK","Collection","3.88704","0.2","1","0.777408","0.777408","1","Tolerable"
"16525","2","12","Layer 1","21","Echo Sounder","T0801","ATT&CK","Collection","3.88704","0.2","1","0.777408","0.777408","1","Tolerable"
"17021","2","12","Layer 1","21","Echo Sounder","T0891","ATT&CK","Persistence","3.88704","0.2","1","0.777408","0.777408","1","Tolerable"
"17443","2","12","Layer 1","21","Echo Sounder","TID-111","EMB3D","Untrusted External Storage","3.88704","0.2","1","0.777408","0.777408","1","Tolerable"
"17458","2","12","Layer 1","21","Echo Sounder","TID-113","EMB3D","Unverified Peripheral Firmware Loaded","3.88704","0.2","1","0.777408","0.777408","1","Tolerable"
"17469","2","12","Layer 1","21","Echo Sounder","TID-114","EMB3D","Peripheral Data Bus Interception","3.88704","0.176","1","0.684119","0.684119","1","Tolerable"
"17713","2","12","Layer 1","21","Echo Sounder","TID-408","EMB3D","Unencrypted Sensitive Data Communication","2.83525","0.2","1","0.56705","0.56705","1","Tolerable"
"17057","2","12","Layer 1","21","Echo Sounder","T0859","ATT&CK","Persistence","2.51515","0.2","1","0.50303","0.50303","1","Tolerable"
"17379","2","12","Layer 1","21","Echo Sounder","TID-103","EMB3D","Microarchitectural Side Channels","1.18175","0.376","1","0.444338","0.444338","1","Tolerable"
"16860","2","12","Layer 1","21","Echo Sounder","T0830","ATT&CK","Collection","1.43723","0.2","1","0.287446","0.287446","1","Tolerable"
"17410","2","12","Layer 1","21","Echo Sounder","TID-105","EMB3D","Hardware Fault Injection – Control Flow Modification","1.18175","0.186","1","0.219805","0.219805","1","Tolerable"
"17661","2","12","Layer 1","21","Echo Sounder","TID-406","EMB3D","Unauthorized Messages or Connections","1.83458","0.176","0.5","0.322886","0.161443","1","Tolerable"
"16338","2","12","Layer 1","21","Echo Sounder","T0887","ATT&CK","Discovery","3.88704","0.024","1","0.093289","0.093289","1","Tolerable"
"16490","2","12","Layer 1","21","Echo Sounder","T0860","ATT&CK","Initial Access","3.88704","0.024","1","0.093289","0.093289","1","Tolerable"
"16816","2","12","Layer 1","21","Echo Sounder","T0812","ATT&CK","Lateral Movement","3.88704","0.024","1","0.093289","0.093289","1","Tolerable"
"17020","2","12","Layer 1","21","Echo Sounder","T0891","ATT&CK","Lateral Movement","3.88704","0.024","1","0.093289","0.093289","1","Tolerable"
"17056","2","12","Layer 1","21","Echo Sounder","T0859","ATT&CK","Lateral Movement","2.51515","0.024","1","0.0603636","0.0603636","1","Tolerable"
"16714","2","12","Layer 1","21","Echo Sounder","T0862","ATT&CK","Initial Access","1.43723","0.024","1","0.0344935","0.0344935","1","Tolerable"
"16990","2","12","Layer 1","21","Echo Sounder","T0847","ATT&CK","Initial Access","0.914598","0.024","1","0.0219504","0.0219504","1","Tolerable"
"16308","2","12","Layer 1","14","Electric / Hybrid Propulsion System","T0881","ATT&CK","Inhibit Response Function","2.51515","2.6151","1","6.57736","6.57736","0","Non-tolerable"
"16646","2","12","Layer 1","14","Electric / Hybrid Propulsion System","T0809","ATT&CK","Inhibit Response Function","2.51515","2.6151","1","6.57736","6.57736","0","Non-tolerable"
"17226","2","12","Layer 1","14","Electric / Hybrid Propulsion System","T0892","ATT&CK","Inhibit Response Function","2.22117","2.6151","1","5.80857","5.80857","1","Tolerable"
"16383","2","12","Layer 1","14","Electric / Hybrid Propulsion System","T0814","ATT&CK","Inhibit Response Function","2.51515","2.6151","0.75","6.57736","4.93302","1","Tolerable"
"16436","2","12","Layer 1","14","Electric / Hybrid Propulsion System","T0807","ATT&CK","Execution","2.51515","1.6151","1","4.06221","4.06221","1","Tolerable"
"16539","2","12","Layer 1","14","Electric / Hybrid Propulsion System","T0853","ATT&CK","Execution","2.51515","1.6151","1","4.06221","4.06221","1","Tolerable"
"16893","2","12","Layer 1","14","Electric / Hybrid Propulsion System","T0823","ATT&CK","Execution","2.51515","1.6151","1","4.06221","4.06221","1","Tolerable"
"16287","2","12","Layer 1","14","Electric / Hybrid Propulsion System","T0803","ATT&CK","Inhibit Response Function","1.43723","2.6151","1","3.75849","3.75849","1","Tolerable"
"16411","2","12","Layer 1","14","Electric / Hybrid Propulsion System","T0805","ATT&CK","Inhibit Response Function","1.43723","2.6151","1","3.75849","3.75849","1","Tolerable"
"16494","2","12","Layer 1","14","Electric / Hybrid Propulsion System","T0878","ATT&CK","Inhibit Response Function","1.43723","2.6151","1","3.75849","3.75849","1","Tolerable"
"16610","2","12","Layer 1","14","Electric / Hybrid Propulsion System","T0804","ATT&CK","Inhibit Response Function","1.43723","2.6151","1","3.75849","3.75849","1","Tolerable"
"16836","2","12","Layer 1","14","Electric / Hybrid Propulsion System","T0806","ATT&CK","Impair Process Control","1.43723","2.6151","1","3.75849","3.75849","1","Tolerable"
"16724","2","12","Layer 1","14","Electric / Hybrid Propulsion System","T0895","ATT&CK","Execution","2.22117","1.6151","1","3.5874","3.5874","1","Tolerable"
"17481","2","12","Layer 1","14","Electric / Hybrid Propulsion System","TID-118","EMB3D","Weak Peripheral Port Electrical Damage Protection","3.88704","0.726096","1","2.82236","2.82236","1","Tolerable"
"17306","2","12","Layer 1","14","Electric / Hybrid Propulsion System","TID-101","EMB3D","Power Consumption Analysis Side Channel","3.88704","0.712","1","2.76757","2.76757","1","Tolerable"
"17338","2","12","Layer 1","14","Electric / Hybrid Propulsion System","TID-102","EMB3D","Electromagnetic Analysis Side Channel","3.88704","0.712","1","2.76757","2.76757","1","Tolerable"
"16465","2","12","Layer 1","14","Electric / Hybrid Propulsion System","T0816","ATT&CK","Inhibit Response Function","3.88704","2.6151","0.25","10.165","2.54125","1","Tolerable"
"16922","2","12","Layer 1","14","Electric / Hybrid Propulsion System","T0834","ATT&CK","Execution","1.43723","1.6151","1","2.32126","2.32126","1","Tolerable"
"17428","2","12","Layer 1","14","Electric / Hybrid Propulsion System","TID-111","EMB3D","Untrusted External Storage","3.88704","0.536","1","2.08345","2.08345","1","Tolerable"
"17451","2","12","Layer 1","14","Electric / Hybrid Propulsion System","TID-113","EMB3D","Unverified Peripheral Firmware Loaded","3.88704","0.536","1","2.08345","2.08345","1","Tolerable"
"17522","2","12","Layer 1","14","Electric / Hybrid Propulsion System","TID-301","EMB3D","Applications Binaries Modified","3.88704","0.902096","0.5","3.50648","1.75324","1","Tolerable"
"16750","2","12","Layer 1","14","Electric / Hybrid Propulsion System","T0856","ATT&CK","Impair Process Control","2.51515","2.6151","0.25","6.57736","1.64434","1","Tolerable"
"16422","2","12","Layer 1","14","Electric / Hybrid Propulsion System","T0894","ATT&CK","Evasion","2.83525","0.536","1","1.51969","1.51969","1","Tolerable"
"17706","2","12","Layer 1","14","Electric / Hybrid Propulsion System","TID-408","EMB3D","Unencrypted Sensitive Data Communication","2.83525","0.536","1","1.51969","1.51969","1","Tolerable"
"16667","2","12","Layer 1","14","Electric / Hybrid Propulsion System","T0872","ATT&CK","Evasion","2.51515","0.536","1","1.34812","1.34812","1","Tolerable"
"17049","2","12","Layer 1","14","Electric / Hybrid Propulsion System","T0859","ATT&CK","Persistence","2.51515","0.536","1","1.34812","1.34812","1","Tolerable"
"16626","2","12","Layer 1","14","Electric / Hybrid Propulsion System","T0855","ATT&CK","Impair Process Control","1.43723","2.6151","0.25","3.75849","0.939624","1","Tolerable"
"17371","2","12","Layer 1","14","Electric / Hybrid Propulsion System","TID-103","EMB3D","Microarchitectural Side Channels","1.18175","0.712","1","0.841406","0.841406","1","Tolerable"
"16874","2","12","Layer 1","14","Electric / Hybrid Propulsion System","T0820","ATT&CK","Evasion","1.43723","0.536","1","0.770355","0.770355","1","Tolerable"
"16947","2","12","Layer 1","14","Electric / Hybrid Propulsion System","T0849","ATT&CK","Evasion","1.43723","0.536","1","0.770355","0.770355","1","Tolerable"
"17082","2","12","Layer 1","14","Electric / Hybrid Propulsion System","T0890","ATT&CK","Privilege Escalation","1.43723","0.536","1","0.770355","0.770355","1","Tolerable"
"16515","2","12","Layer 1","14","Electric / Hybrid Propulsion System","T0801","ATT&CK","Collection","3.88704","0.176","1","0.684119","0.684119","1","Tolerable"
"16573","2","12","Layer 1","14","Electric / Hybrid Propulsion System","T0811","ATT&CK","Collection","3.88704","0.176","1","0.684119","0.684119","1","Tolerable"
"17465","2","12","Layer 1","14","Electric / Hybrid Propulsion System","TID-114","EMB3D","Peripheral Data Bus Interception","3.88704","0.176","1","0.684119","0.684119","1","Tolerable"
"16595","2","12","Layer 1","14","Electric / Hybrid Propulsion System","T0802","ATT&CK","Collection","2.51515","0.176","1","0.442666","0.442666","1","Tolerable"
"17218","2","12","Layer 1","14","Electric / Hybrid Propulsion System","T0893","ATT&CK","Collection","2.51515","0.176","1","0.442666","0.442666","1","Tolerable"
"17403","2","12","Layer 1","14","Electric / Hybrid Propulsion System","TID-105","EMB3D","Hardware Fault Injection – Control Flow Modification","1.18175","0.366096","1","0.432634","0.432634","1","Tolerable"
"16749","2","12","Layer 1","14","Electric / Hybrid Propulsion System","T0856","ATT&CK","Evasion","2.51515","0.536","0.25","1.34812","0.33703","1","Tolerable"
"17657","2","12","Layer 1","14","Electric / Hybrid Propulsion System","TID-406","EMB3D","Unauthorized Messages or Connections","1.83458","0.176","1","0.322886","0.322886","1","Tolerable"
"16447","2","12","Layer 1","14","Electric / Hybrid Propulsion System","T0861","ATT&CK","Collection","3.88704","0.176","0.25","0.684119","0.17103","1","Tolerable"
"16856","2","12","Layer 1","14","Electric / Hybrid Propulsion System","T0830","ATT&CK","Collection","1.43723","0.176","0.25","0.252952","0.0632381","1","Tolerable"
"16556","2","12","Layer 1","14","Electric / Hybrid Propulsion System","T0888","ATT&CK","Discovery","2.51515","0","1","0","0","1","Tolerable"
"16585","2","12","Layer 1","14","Electric / Hybrid Propulsion System","T0842","ATT&CK","Discovery","2.51515","0","1","0","0","1","Tolerable"
"16713","2","12","Layer 1","14","Electric / Hybrid Propulsion System","T0862","ATT&CK","Initial Access","1.43723","0","1","0","0","1","Tolerable"
"16784","2","12","Layer 1","14","Electric / Hybrid Propulsion System","T0866","ATT&CK","Lateral Movement","3.88704","0","1","0","0","1","Tolerable"
"16785","2","12","Layer 1","14","Electric / Hybrid Propulsion System","T0866","ATT&CK","Initial Access","3.88704","0","1","0","0","1","Tolerable"
"16809","2","12","Layer 1","14","Electric / Hybrid Propulsion System","T0812","ATT&CK","Lateral Movement","3.88704","0","1","0","0","1","Tolerable"
"16903","2","12","Layer 1","14","Electric / Hybrid Propulsion System","T0848","ATT&CK","Initial Access","2.22117","0","0.25","0","0","1","Tolerable"
"16981","2","12","Layer 1","14","Electric / Hybrid Propulsion System","T0847","ATT&CK","Initial Access","0.914598","0","1","0","0","1","Tolerable"
"17048","2","12","Layer 1","14","Electric / Hybrid Propulsion System","T0859","ATT&CK","Lateral Movement","2.51515","0","1","0","0","1","Tolerable"
"17105","2","12","Layer 1","14","Electric / Hybrid Propulsion System","T0846","ATT&CK","Discovery","2.51515","0","1","0","0","1","Tolerable"
"17120","2","12","Layer 1","14","Electric / Hybrid Propulsion System","T0884","ATT&CK","Command and Control","3.88704","0","1","0","0","1","Tolerable"
"17136","2","12","Layer 1","14","Electric / Hybrid Propulsion System","T0869","ATT&CK","Command and Control","3.88704","0","1","0","0","1","Tolerable"
"17162","2","12","Layer 1","14","Electric / Hybrid Propulsion System","T0886","ATT&CK","Lateral Movement","1.43723","0","0.25","0","0","1","Tolerable"
"17163","2","12","Layer 1","14","Electric / Hybrid Propulsion System","T0886","ATT&CK","Initial Access","1.43723","0","0.25","0","0","1","Tolerable"
"17186","2","12","Layer 1","14","Electric / Hybrid Propulsion System","T0885","ATT&CK","Command and Control","3.88704","0","1","0","0","1","Tolerable"
"17198","2","12","Layer 1","14","Electric / Hybrid Propulsion System","T0840","ATT&CK","Discovery","2.51515","0","1","0","0","1","Tolerable"
"17213","2","12","Layer 1","14","Electric / Hybrid Propulsion System","T0867","ATT&CK","Lateral Movement","2.51515","0","1","0","0","1","Tolerable"
"16455","2","12","Layer 1","4","ENC Data Service","T0816","ATT&CK","Inhibit Response Function","3.88704","1.45247","1","5.64581","5.64581","1","Tolerable"
"16371","2","12","Layer 1","4","ENC Data Service","T0814","ATT&CK","Inhibit Response Function","2.51515","1.45247","1","3.65318","3.65318","1","Tolerable"
"16730","2","12","Layer 1","4","ENC Data Service","T0856","ATT&CK","Impair Process Control","2.51515","1.45247","1","3.65318","3.65318","1","Tolerable"
"17499","2","12","Layer 1","4","ENC Data Service","TID-222","EMB3D","Critical System Service May Be Disabled","3.88704","0.888471","1","3.45352","3.45352","1","Tolerable"
"17602","2","12","Layer 1","4","ENC Data Service","TID-404","EMB3D","Remotely Triggerable Deadlock/DoS","3.88704","0.888471","1","3.45352","3.45352","1","Tolerable"
"17231","2","12","Layer 1","4","ENC Data Service","T0892","ATT&CK","Inhibit Response Function","2.22117","1.45247","1","3.22619","3.22619","1","Tolerable"
"17508","2","12","Layer 1","4","ENC Data Service","TID-301","EMB3D","Applications Binaries Modified","3.88704","0.690471","1","2.68389","2.68389","1","Tolerable"
"16430","2","12","Layer 1","4","ENC Data Service","T0807","ATT&CK","Execution","2.51515","0.976714","1","2.45658","2.45658","1","Tolerable"
"16537","2","12","Layer 1","4","ENC Data Service","T0853","ATT&CK","Execution","2.51515","0.976714","1","2.45658","2.45658","1","Tolerable"
"16886","2","12","Layer 1","4","ENC Data Service","T0823","ATT&CK","Execution","2.51515","0.976714","1","2.45658","2.45658","1","Tolerable"
"16599","2","12","Layer 1","4","ENC Data Service","T0804","ATT&CK","Inhibit Response Function","1.43723","1.45247","1","2.08754","2.08754","1","Tolerable"
"16297","2","12","Layer 1","4","ENC Data Service","T0881","ATT&CK","Inhibit Response Function","2.51515","1.45247","0.5","3.65318","1.82659","1","Tolerable"
"16634","2","12","Layer 1","4","ENC Data Service","T0809","ATT&CK","Inhibit Response Function","2.51515","1.45247","0.5","3.65318","1.82659","1","Tolerable"
"16683","2","12","Layer 1","4","ENC Data Service","T0871","ATT&CK","Execution","1.43723","0.976714","1","1.40376","1.40376","1","Tolerable"
"16905","2","12","Layer 1","4","ENC Data Service","T0834","ATT&CK","Execution","1.43723","0.976714","1","1.40376","1.40376","1","Tolerable"
"17582","2","12","Layer 1","4","ENC Data Service","TID-401","EMB3D","Undocumented Protocol Features","3.88704","0.336","1","1.30605","1.30605","1","Tolerable"
"17690","2","12","Layer 1","4","ENC Data Service","TID-408","EMB3D","Unencrypted Sensitive Data Communication","2.83525","0.336","1","0.952644","0.952644","1","Tolerable"
"16729","2","12","Layer 1","4","ENC Data Service","T0856","ATT&CK","Evasion","2.51515","0.336","1","0.84509","0.84509","1","Tolerable"
"17035","2","12","Layer 1","4","ENC Data Service","T0859","ATT&CK","Persistence","2.51515","0.336","1","0.84509","0.84509","1","Tolerable"
"16844","2","12","Layer 1","4","ENC Data Service","T0830","ATT&CK","Collection","1.43723","0.376242","1","0.540747","0.540747","1","Tolerable"
"16867","2","12","Layer 1","4","ENC Data Service","T0820","ATT&CK","Evasion","1.43723","0.336","1","0.482909","0.482909","1","Tolerable"
"17072","2","12","Layer 1","4","ENC Data Service","T0890","ATT&CK","Privilege Escalation","1.43723","0.336","1","0.482909","0.482909","1","Tolerable"
"16659","2","12","Layer 1","4","ENC Data Service","T0872","ATT&CK","Evasion","2.51515","0.336","0.5","0.84509","0.422545","1","Tolerable"
"17539","2","12","Layer 1","4","ENC Data Service","TID-310","EMB3D","Remotely Accessible Unauthenticated Services","3.88704","0.336","0.25","1.30605","0.326511","1","Tolerable"
"16938","2","12","Layer 1","4","ENC Data Service","T0849","ATT&CK","Evasion","1.43723","0.336","0.5","0.482909","0.241455","1","Tolerable"
"17648","2","12","Layer 1","4","ENC Data Service","TID-406","EMB3D","Unauthorized Messages or Connections","1.83458","0.352","0.25","0.645772","0.161443","1","Tolerable"
"17670","2","12","Layer 1","4","ENC Data Service","TID-407","EMB3D","Missing Message Replay Protection","0.914598","0.336","0.5","0.307305","0.153652","1","Tolerable"
"16765","2","12","Layer 1","4","ENC Data Service","T0866","ATT&CK","Lateral Movement","3.88704","0.0242424","1","0.0942312","0.0942312","1","Tolerable"
"16766","2","12","Layer 1","4","ENC Data Service","T0866","ATT&CK","Initial Access","3.88704","0.0242424","1","0.0942312","0.0942312","1","Tolerable"
"16781","2","12","Layer 1","4","ENC Data Service","T0812","ATT&CK","Lateral Movement","3.88704","0.0242424","1","0.0942312","0.0942312","1","Tolerable"
"17129","2","12","Layer 1","4","ENC Data Service","T0869","ATT&CK","Command and Control","3.88704","0.0242424","1","0.0942312","0.0942312","1","Tolerable"
"17166","2","12","Layer 1","4","ENC Data Service","T0885","ATT&CK","Command and Control","3.88704","0.0242424","1","0.0942312","0.0942312","1","Tolerable"
"17620","2","12","Layer 1","4","ENC Data Service","TID-405","EMB3D","Network Stack Resource Exhaustion","2.83525","0.0242424","1","0.0687333","0.0687333","1","Tolerable"
"16552","2","12","Layer 1","4","ENC Data Service","T0888","ATT&CK","Discovery","2.51515","0.0242424","1","0.0609733","0.0609733","1","Tolerable"
"16577","2","12","Layer 1","4","ENC Data Service","T0842","ATT&CK","Discovery","2.51515","0.0242424","1","0.0609733","0.0609733","1","Tolerable"
"17034","2","12","Layer 1","4","ENC Data Service","T0859","ATT&CK","Lateral Movement","2.51515","0.0242424","1","0.0609733","0.0609733","1","Tolerable"
"17094","2","12","Layer 1","4","ENC Data Service","T0846","ATT&CK","Discovery","2.51515","0.0242424","1","0.0609733","0.0609733","1","Tolerable"
"17199","2","12","Layer 1","4","ENC Data Service","T0840","ATT&CK","Discovery","2.51515","0.0242424","1","0.0609733","0.0609733","1","Tolerable"
"16825","2","12","Layer 1","4","ENC Data Service","T0822","ATT&CK","Initial Access","2.22117","0.0242424","1","0.0538465","0.0538465","1","Tolerable"
"16700","2","12","Layer 1","4","ENC Data Service","T0862","ATT&CK","Initial Access","1.43723","0.0242424","1","0.0348419","0.0348419","1","Tolerable"
"17145","2","12","Layer 1","4","ENC Data Service","T0886","ATT&CK","Lateral Movement","1.43723","0.0242424","1","0.0348419","0.0348419","1","Tolerable"
"17146","2","12","Layer 1","4","ENC Data Service","T0886","ATT&CK","Initial Access","1.43723","0.0242424","1","0.0348419","0.0348419","1","Tolerable"
"16974","2","12","Layer 1","4","ENC Data Service","T0847","ATT&CK","Initial Access","0.914598","0.0242424","1","0.0221721","0.0221721","1","Tolerable"
"17504","2","12","Layer 1","16","Engine Control Mechanism","TID-222","EMB3D","Critical System Service May Be Disabled","3.88704","1.78834","1","6.95133","6.95133","0","Non-tolerable"
"17607","2","12","Layer 1","16","Engine Control Mechanism","TID-404","EMB3D","Remotely Triggerable Deadlock/DoS","3.88704","1.78834","1","6.95133","6.95133","0","Non-tolerable"
"17238","2","12","Layer 1","16","Engine Control Mechanism","T0892","ATT&CK","Inhibit Response Function","2.22117","2.81234","1","6.24668","6.24668","1","Tolerable"
"16386","2","12","Layer 1","16","Engine Control Mechanism","T0814","ATT&CK","Inhibit Response Function","2.51515","2.81234","0.75","7.07345","5.30509","1","Tolerable"
"16438","2","12","Layer 1","16","Engine Control Mechanism","T0807","ATT&CK","Execution","2.51515","1.86082","1","4.68024","4.68024","1","Tolerable"
"16542","2","12","Layer 1","16","Engine Control Mechanism","T0853","ATT&CK","Execution","2.51515","1.86082","1","4.68024","4.68024","1","Tolerable"
"16896","2","12","Layer 1","16","Engine Control Mechanism","T0823","ATT&CK","Execution","2.51515","1.86082","1","4.68024","4.68024","1","Tolerable"
"16725","2","12","Layer 1","16","Engine Control Mechanism","T0895","ATT&CK","Execution","2.22117","1.86082","1","4.1332","4.1332","1","Tolerable"
"16292","2","12","Layer 1","16","Engine Control Mechanism","T0803","ATT&CK","Inhibit Response Function","1.43723","2.81234","1","4.04197","4.04197","1","Tolerable"
"16410","2","12","Layer 1","16","Engine Control Mechanism","T0805","ATT&CK","Inhibit Response Function","1.43723","2.81234","1","4.04197","4.04197","1","Tolerable"
"16495","2","12","Layer 1","16","Engine Control Mechanism","T0878","ATT&CK","Inhibit Response Function","1.43723","2.81234","1","4.04197","4.04197","1","Tolerable"
"16574","2","12","Layer 1","16","Engine Control Mechanism","T0835","ATT&CK","Inhibit Response Function","1.43723","2.81234","1","4.04197","4.04197","1","Tolerable"
"16611","2","12","Layer 1","16","Engine Control Mechanism","T0804","ATT&CK","Inhibit Response Function","1.43723","2.81234","1","4.04197","4.04197","1","Tolerable"
"16838","2","12","Layer 1","16","Engine Control Mechanism","T0806","ATT&CK","Impair Process Control","1.43723","2.81234","1","4.04197","4.04197","1","Tolerable"
"17483","2","12","Layer 1","16","Engine Control Mechanism","TID-118","EMB3D","Weak Peripheral Port Electrical Damage Protection","3.88704","0.963336","1","3.74453","3.74453","1","Tolerable"
"16311","2","12","Layer 1","16","Engine Control Mechanism","T0881","ATT&CK","Inhibit Response Function","2.51515","2.81234","0.5","7.07345","3.53672","1","Tolerable"
"16648","2","12","Layer 1","16","Engine Control Mechanism","T0809","ATT&CK","Inhibit Response Function","2.51515","2.81234","0.5","7.07345","3.53672","1","Tolerable"
"17314","2","12","Layer 1","16","Engine Control Mechanism","TID-101","EMB3D","Power Consumption Analysis Side Channel","3.88704","0.752","1","2.92305","2.92305","1","Tolerable"
"17340","2","12","Layer 1","16","Engine Control Mechanism","TID-102","EMB3D","Electromagnetic Analysis Side Channel","3.88704","0.752","1","2.92305","2.92305","1","Tolerable"
"16358","2","12","Layer 1","16","Engine Control Mechanism","T0800","ATT&CK","Inhibit Response Function","3.88704","2.81234","0.25","10.9317","2.73292","1","Tolerable"
"16464","2","12","Layer 1","16","Engine Control Mechanism","T0816","ATT&CK","Inhibit Response Function","3.88704","2.81234","0.25","10.9317","2.73292","1","Tolerable"
"16917","2","12","Layer 1","16","Engine Control Mechanism","T0834","ATT&CK","Execution","1.43723","1.86082","1","2.67443","2.67443","1","Tolerable"
"17440","2","12","Layer 1","16","Engine Control Mechanism","TID-111","EMB3D","Untrusted External Storage","3.88704","0.576","1","2.23893","2.23893","1","Tolerable"
"17452","2","12","Layer 1","16","Engine Control Mechanism","TID-113","EMB3D","Unverified Peripheral Firmware Loaded","3.88704","0.576","1","2.23893","2.23893","1","Tolerable"
"17543","2","12","Layer 1","16","Engine Control Mechanism","TID-310","EMB3D","Remotely Accessible Unauthenticated Services","3.88704","0.576","1","2.23893","2.23893","1","Tolerable"
"17589","2","12","Layer 1","16","Engine Control Mechanism","TID-401","EMB3D","Undocumented Protocol Features","3.88704","0.576","1","2.23893","2.23893","1","Tolerable"
"17523","2","12","Layer 1","16","Engine Control Mechanism","TID-301","EMB3D","Applications Binaries Modified","3.88704","1.13934","0.5","4.42864","2.21432","1","Tolerable"
"16752","2","12","Layer 1","16","Engine Control Mechanism","T0856","ATT&CK","Impair Process Control","2.51515","2.81234","0.25","7.07345","1.76836","1","Tolerable"
"16424","2","12","Layer 1","16","Engine Control Mechanism","T0894","ATT&CK","Evasion","2.83525","0.576","1","1.6331","1.6331","1","Tolerable"
"17708","2","12","Layer 1","16","Engine Control Mechanism","TID-408","EMB3D","Unencrypted Sensitive Data Communication","2.83525","0.576","1","1.6331","1.6331","1","Tolerable"
"16322","2","12","Layer 1","16","Engine Control Mechanism","T0836","ATT&CK","Impair Process Control","2.22117","2.81234","0.25","6.24668","1.56167","1","Tolerable"
"16508","2","12","Layer 1","16","Engine Control Mechanism","T0858","ATT&CK","Execution","2.22117","1.86082","0.25","4.1332","1.0333","1","Tolerable"
"16631","2","12","Layer 1","16","Engine Control Mechanism","T0855","ATT&CK","Impair Process Control","1.43723","2.81234","0.25","4.04197","1.01049","1","Tolerable"
"16954","2","12","Layer 1","16","Engine Control Mechanism","T0857","ATT&CK","Inhibit Response Function","1.43723","2.81234","0.25","4.04197","1.01049","1","Tolerable"
"17174","2","12","Layer 1","16","Engine Control Mechanism","T0838","ATT&CK","Inhibit Response Function","1.43723","2.81234","0.25","4.04197","1.01049","1","Tolerable"
"17241","2","12","Layer 1","16","Engine Control Mechanism","T0839","ATT&CK","Impair Process Control","1.43723","2.81234","0.25","4.04197","1.01049","1","Tolerable"
"17373","2","12","Layer 1","16","Engine Control Mechanism","TID-103","EMB3D","Microarchitectural Side Channels","1.18175","0.752","1","0.888676","0.888676","1","Tolerable"
"16519","2","12","Layer 1","16","Engine Control Mechanism","T0801","ATT&CK","Collection","3.88704","0.224485","1","0.872582","0.872582","1","Tolerable"
"16883","2","12","Layer 1","16","Engine Control Mechanism","T0820","ATT&CK","Evasion","1.43723","0.576","1","0.827845","0.827845","1","Tolerable"
"17091","2","12","Layer 1","16","Engine Control Mechanism","T0890","ATT&CK","Privilege Escalation","1.43723","0.576","1","0.827845","0.827845","1","Tolerable"
"16672","2","12","Layer 1","16","Engine Control Mechanism","T0872","ATT&CK","Evasion","2.51515","0.576","0.5","1.44873","0.724363","1","Tolerable"
"17053","2","12","Layer 1","16","Engine Control Mechanism","T0859","ATT&CK","Persistence","2.51515","0.576","0.5","1.44873","0.724363","1","Tolerable"
"17468","2","12","Layer 1","16","Engine Control Mechanism","TID-114","EMB3D","Peripheral Data Bus Interception","3.88704","0.176","1","0.684119","0.684119","1","Tolerable"
"16321","2","12","Layer 1","16","Engine Control Mechanism","T0821","ATT&CK","Execution","1.43723","1.86082","0.25","2.67443","0.668607","1","Tolerable"
"16690","2","12","Layer 1","16","Engine Control Mechanism","T0871","ATT&CK","Execution","1.43723","1.86082","0.25","2.67443","0.668607","1","Tolerable"
"17405","2","12","Layer 1","16","Engine Control Mechanism","TID-105","EMB3D","Hardware Fault Injection – Control Flow Modification","1.18175","0.563336","1","0.665722","0.665722","1","Tolerable"
"16592","2","12","Layer 1","16","Engine Control Mechanism","T0802","ATT&CK","Collection","2.51515","0.224485","1","0.564613","0.564613","1","Tolerable"
"16679","2","12","Layer 1","16","Engine Control Mechanism","T0877","ATT&CK","Collection","2.51515","0.224485","1","0.564613","0.564613","1","Tolerable"
"17676","2","12","Layer 1","16","Engine Control Mechanism","TID-407","EMB3D","Missing Message Replay Protection","0.914598","0.576","1","0.526808","0.526808","1","Tolerable"
"16576","2","12","Layer 1","16","Engine Control Mechanism","T0811","ATT&CK","Collection","3.88704","0.224485","0.5","0.872582","0.436291","1","Tolerable"
"16950","2","12","Layer 1","16","Engine Control Mechanism","T0849","ATT&CK","Evasion","1.43723","0.576","0.5","0.827845","0.413922","1","Tolerable"
"16751","2","12","Layer 1","16","Engine Control Mechanism","T0856","ATT&CK","Evasion","2.51515","0.576","0.25","1.44873","0.362182","1","Tolerable"
"17656","2","12","Layer 1","16","Engine Control Mechanism","TID-406","EMB3D","Unauthorized Messages or Connections","1.83458","0.176","1","0.322886","0.322886","1","Tolerable"
"16509","2","12","Layer 1","16","Engine Control Mechanism","T0858","ATT&CK","Evasion","2.22117","0.576","0.25","1.27939","0.319848","1","Tolerable"
"17244","2","12","Layer 1","16","Engine Control Mechanism","T0889","ATT&CK","Persistence","2.22117","0.576","0.25","1.27939","0.319848","1","Tolerable"
"17224","2","12","Layer 1","16","Engine Control Mechanism","T0893","ATT&CK","Collection","2.51515","0.224485","0.5","0.564613","0.282307","1","Tolerable"
"16450","2","12","Layer 1","16","Engine Control Mechanism","T0861","ATT&CK","Collection","3.88704","0.224485","0.25","0.872582","0.218145","1","Tolerable"
"16955","2","12","Layer 1","16","Engine Control Mechanism","T0857","ATT&CK","Persistence","1.43723","0.576","0.25","0.827845","0.206961","1","Tolerable"
"17240","2","12","Layer 1","16","Engine Control Mechanism","T0839","ATT&CK","Persistence","1.43723","0.576","0.25","0.827845","0.206961","1","Tolerable"
"16812","2","12","Layer 1","16","Engine Control Mechanism","T0812","ATT&CK","Lateral Movement","3.88704","0.0484849","1","0.188463","0.188463","1","Tolerable"
"17122","2","12","Layer 1","16","Engine Control Mechanism","T0884","ATT&CK","Command and Control","3.88704","0.0484849","1","0.188463","0.188463","1","Tolerable"
"17140","2","12","Layer 1","16","Engine Control Mechanism","T0869","ATT&CK","Command and Control","3.88704","0.0484849","1","0.188463","0.188463","1","Tolerable"
"17188","2","12","Layer 1","16","Engine Control Mechanism","T0885","ATT&CK","Command and Control","3.88704","0.0484849","1","0.188463","0.188463","1","Tolerable"
"17629","2","12","Layer 1","16","Engine Control Mechanism","TID-405","EMB3D","Network Stack Resource Exhaustion","2.83525","0.0484849","1","0.137467","0.137467","1","Tolerable"
"16511","2","12","Layer 1","16","Engine Control Mechanism","T0868","ATT&CK","Collection","2.22117","0.224485","0.25","0.498619","0.124655","1","Tolerable"
"16570","2","12","Layer 1","16","Engine Control Mechanism","T0845","ATT&CK","Collection","2.22117","0.224485","0.25","0.498619","0.124655","1","Tolerable"
"16561","2","12","Layer 1","16","Engine Control Mechanism","T0888","ATT&CK","Discovery","2.51515","0.0484849","1","0.121947","0.121947","1","Tolerable"
"17109","2","12","Layer 1","16","Engine Control Mechanism","T0846","ATT&CK","Discovery","2.51515","0.0484849","1","0.121947","0.121947","1","Tolerable"
"17207","2","12","Layer 1","16","Engine Control Mechanism","T0840","ATT&CK","Discovery","2.51515","0.0484849","1","0.121947","0.121947","1","Tolerable"
"17209","2","12","Layer 1","16","Engine Control Mechanism","T0867","ATT&CK","Lateral Movement","2.51515","0.0484849","1","0.121947","0.121947","1","Tolerable"
"16792","2","12","Layer 1","16","Engine Control Mechanism","T0866","ATT&CK","Lateral Movement","3.88704","0.0484849","0.5","0.188463","0.0942313","1","Tolerable"
"16793","2","12","Layer 1","16","Engine Control Mechanism","T0866","ATT&CK","Initial Access","3.88704","0.0484849","0.5","0.188463","0.0942313","1","Tolerable"
"16855","2","12","Layer 1","16","Engine Control Mechanism","T0830","ATT&CK","Collection","1.43723","0.224485","0.25","0.322636","0.0806591","1","Tolerable"
"16711","2","12","Layer 1","16","Engine Control Mechanism","T0862","ATT&CK","Initial Access","1.43723","0.0484849","1","0.0696839","0.0696839","1","Tolerable"
"16588","2","12","Layer 1","16","Engine Control Mechanism","T0842","ATT&CK","Discovery","2.51515","0.0484849","0.5","0.121947","0.0609734","1","Tolerable"
"17052","2","12","Layer 1","16","Engine Control Mechanism","T0859","ATT&CK","Lateral Movement","2.51515","0.0484849","0.5","0.121947","0.0609734","1","Tolerable"
"16987","2","12","Layer 1","16","Engine Control Mechanism","T0847","ATT&CK","Initial Access","0.914598","0.0484849","1","0.0443442","0.0443442","1","Tolerable"
"16906","2","12","Layer 1","16","Engine Control Mechanism","T0848","ATT&CK","Initial Access","2.22117","0.0484849","0.25","0.107693","0.0269233","1","Tolerable"
"16972","2","12","Layer 1","16","Engine Control Mechanism","T0843","ATT&CK","Lateral Movement","2.22117","0.0484849","0.25","0.107693","0.0269233","1","Tolerable"
"17164","2","12","Layer 1","16","Engine Control Mechanism","T0886","ATT&CK","Lateral Movement","1.43723","0.0484849","0.25","0.0696839","0.017421","1","Tolerable"
"17165","2","12","Layer 1","16","Engine Control Mechanism","T0886","ATT&CK","Initial Access","1.43723","0.0484849","0.25","0.0696839","0.017421","1","Tolerable"
"16473","2","12","Layer 2","25","Feedback Control Module","T0816","ATT&CK","Inhibit Response Function","3.88704","1.58277","1","6.15229","6.15229","1","Tolerable"
"16312","2","12","Layer 2","25","Feedback Control Module","T0881","ATT&CK","Inhibit Response Function","2.51515","1.58277","1","3.9809","3.9809","1","Tolerable"
"16656","2","12","Layer 2","25","Feedback Control Module","T0809","ATT&CK","Inhibit Response Function","2.51515","1.58277","1","3.9809","3.9809","1","Tolerable"
"16746","2","12","Layer 2","25","Feedback Control Module","T0856","ATT&CK","Impair Process Control","2.51515","1.58277","1","3.9809","3.9809","1","Tolerable"
"17228","2","12","Layer 2","25","Feedback Control Module","T0892","ATT&CK","Inhibit Response Function","2.22117","1.58277","1","3.5156","3.5156","1","Tolerable"
"16398","2","12","Layer 2","25","Feedback Control Module","T0814","ATT&CK","Inhibit Response Function","2.51515","1.58277","0.75","3.9809","2.98568","1","Tolerable"
"16291","2","12","Layer 2","25","Feedback Control Module","T0803","ATT&CK","Inhibit Response Function","1.43723","1.58277","1","2.27481","2.27481","1","Tolerable"
"16420","2","12","Layer 2","25","Feedback Control Module","T0805","ATT&CK","Inhibit Response Function","1.43723","1.58277","1","2.27481","2.27481","1","Tolerable"
"16498","2","12","Layer 2","25","Feedback Control Module","T0878","ATT&CK","Inhibit Response Function","1.43723","1.58277","1","2.27481","2.27481","1","Tolerable"
"16617","2","12","Layer 2","25","Feedback Control Module","T0804","ATT&CK","Inhibit Response Function","1.43723","1.58277","1","2.27481","2.27481","1","Tolerable"
"16839","2","12","Layer 2","25","Feedback Control Module","T0806","ATT&CK","Impair Process Control","1.43723","1.58277","1","2.27481","2.27481","1","Tolerable"
"16439","2","12","Layer 2","25","Feedback Control Module","T0807","ATT&CK","Execution","2.51515","0.857013","1","2.15552","2.15552","1","Tolerable"
"16540","2","12","Layer 2","25","Feedback Control Module","T0853","ATT&CK","Execution","2.51515","0.857013","1","2.15552","2.15552","1","Tolerable"
"16895","2","12","Layer 2","25","Feedback Control Module","T0823","ATT&CK","Execution","2.51515","0.857013","1","2.15552","2.15552","1","Tolerable"
"17317","2","12","Layer 2","25","Feedback Control Module","TID-101","EMB3D","Power Consumption Analysis Side Channel","3.88704","0.536","1","2.08345","2.08345","1","Tolerable"
"17351","2","12","Layer 2","25","Feedback Control Module","TID-102","EMB3D","Electromagnetic Analysis Side Channel","3.88704","0.536","1","2.08345","2.08345","1","Tolerable"
"16727","2","12","Layer 2","25","Feedback Control Module","T0895","ATT&CK","Execution","2.22117","0.857013","1","1.90357","1.90357","1","Tolerable"
"17456","2","12","Layer 2","25","Feedback Control Module","TID-113","EMB3D","Unverified Peripheral Firmware Loaded","3.88704","0.36","1","1.39933","1.39933","1","Tolerable"
"16924","2","12","Layer 2","25","Feedback Control Module","T0834","ATT&CK","Execution","1.43723","0.857013","1","1.23172","1.23172","1","Tolerable"
"17526","2","12","Layer 2","25","Feedback Control Module","TID-301","EMB3D","Applications Binaries Modified","3.88704","0.61877","0.5","2.40518","1.20259","1","Tolerable"
"16630","2","12","Layer 2","25","Feedback Control Module","T0855","ATT&CK","Impair Process Control","1.43723","1.58277","0.5","2.27481","1.1374","1","Tolerable"
"16427","2","12","Layer 2","25","Feedback Control Module","T0894","ATT&CK","Evasion","2.83525","0.36","1","1.02069","1.02069","1","Tolerable"
"17718","2","12","Layer 2","25","Feedback Control Module","TID-408","EMB3D","Unencrypted Sensitive Data Communication","2.83525","0.36","1","1.02069","1.02069","1","Tolerable"
"16670","2","12","Layer 2","25","Feedback Control Module","T0872","ATT&CK","Evasion","2.51515","0.36","1","0.905454","0.905454","1","Tolerable"
"16745","2","12","Layer 2","25","Feedback Control Module","T0856","ATT&CK","Evasion","2.51515","0.36","1","0.905454","0.905454","1","Tolerable"
"17065","2","12","Layer 2","25","Feedback Control Module","T0859","ATT&CK","Persistence","2.51515","0.36","1","0.905454","0.905454","1","Tolerable"
"16449","2","12","Layer 2","25","Feedback Control Module","T0861","ATT&CK","Collection","3.88704","0.200242","1","0.77835","0.77835","1","Tolerable"
"16524","2","12","Layer 2","25","Feedback Control Module","T0801","ATT&CK","Collection","3.88704","0.200242","1","0.77835","0.77835","1","Tolerable"
"16571","2","12","Layer 2","25","Feedback Control Module","T0811","ATT&CK","Collection","3.88704","0.200242","1","0.77835","0.77835","1","Tolerable"
"17531","2","12","Layer 2","25","Feedback Control Module","TID-302","EMB3D","Install Untrusted Application","3.88704","0.36","0.5","1.39933","0.699667","1","Tolerable"
"17415","2","12","Layer 2","25","Feedback Control Module","TID-109","EMB3D","RAM Chip Contents Readout","3.88704","0.176","1","0.684119","0.684119","1","Tolerable"
"17480","2","12","Layer 2","25","Feedback Control Module","TID-114","EMB3D","Peripheral Data Bus Interception","3.88704","0.176","1","0.684119","0.684119","1","Tolerable"
"17382","2","12","Layer 2","25","Feedback Control Module","TID-103","EMB3D","Microarchitectural Side Channels","1.18175","0.536","1","0.633418","0.633418","1","Tolerable"
"16882","2","12","Layer 2","25","Feedback Control Module","T0820","ATT&CK","Evasion","1.43723","0.36","1","0.517403","0.517403","1","Tolerable"
"16958","2","12","Layer 2","25","Feedback Control Module","T0849","ATT&CK","Evasion","1.43723","0.36","1","0.517403","0.517403","1","Tolerable"
"17092","2","12","Layer 2","25","Feedback Control Module","T0890","ATT&CK","Privilege Escalation","1.43723","0.36","1","0.517403","0.517403","1","Tolerable"
"16591","2","12","Layer 2","25","Feedback Control Module","T0802","ATT&CK","Collection","2.51515","0.200242","1","0.50364","0.50364","1","Tolerable"
"17217","2","12","Layer 2","25","Feedback Control Module","T0893","ATT&CK","Collection","2.51515","0.200242","1","0.50364","0.50364","1","Tolerable"
"17567","2","12","Layer 2","25","Feedback Control Module","TID-326","EMB3D","Insecure Deserialization","3.88704","0.36","0.25","1.39933","0.349834","1","Tolerable"
"17664","2","12","Layer 2","25","Feedback Control Module","TID-406","EMB3D","Unauthorized Messages or Connections","1.83458","0.176","1","0.322886","0.322886","1","Tolerable"
"17413","2","12","Layer 2","25","Feedback Control Module","TID-105","EMB3D","Hardware Fault Injection – Control Flow Modification","1.18175","0.25877","1","0.305802","0.305802","1","Tolerable"
"16862","2","12","Layer 2","25","Feedback Control Module","T0830","ATT&CK","Collection","1.43723","0.200242","1","0.287794","0.287794","1","Tolerable"
"16788","2","12","Layer 2","25","Feedback Control Module","T0866","ATT&CK","Lateral Movement","3.88704","0.0242424","1","0.0942312","0.0942312","1","Tolerable"
"16789","2","12","Layer 2","25","Feedback Control Module","T0866","ATT&CK","Initial Access","3.88704","0.0242424","1","0.0942312","0.0942312","1","Tolerable"
"16820","2","12","Layer 2","25","Feedback Control Module","T0812","ATT&CK","Lateral Movement","3.88704","0.0242424","1","0.0942312","0.0942312","1","Tolerable"
"17124","2","12","Layer 2","25","Feedback Control Module","T0884","ATT&CK","Command and Control","3.88704","0.0242424","1","0.0942312","0.0942312","1","Tolerable"
"17137","2","12","Layer 2","25","Feedback Control Module","T0869","ATT&CK","Command and Control","3.88704","0.0242424","1","0.0942312","0.0942312","1","Tolerable"
"17193","2","12","Layer 2","25","Feedback Control Module","T0885","ATT&CK","Command and Control","3.88704","0.0242424","1","0.0942312","0.0942312","1","Tolerable"
"16559","2","12","Layer 2","25","Feedback Control Module","T0888","ATT&CK","Discovery","2.51515","0.0242424","1","0.0609733","0.0609733","1","Tolerable"
"16589","2","12","Layer 2","25","Feedback Control Module","T0842","ATT&CK","Discovery","2.51515","0.0242424","1","0.0609733","0.0609733","1","Tolerable"
"17064","2","12","Layer 2","25","Feedback Control Module","T0859","ATT&CK","Lateral Movement","2.51515","0.0242424","1","0.0609733","0.0609733","1","Tolerable"
"17107","2","12","Layer 2","25","Feedback Control Module","T0846","ATT&CK","Discovery","2.51515","0.0242424","1","0.0609733","0.0609733","1","Tolerable"
"17202","2","12","Layer 2","25","Feedback Control Module","T0840","ATT&CK","Discovery","2.51515","0.0242424","1","0.0609733","0.0609733","1","Tolerable"
"17212","2","12","Layer 2","25","Feedback Control Module","T0867","ATT&CK","Lateral Movement","2.51515","0.0242424","1","0.0609733","0.0609733","1","Tolerable"
"16907","2","12","Layer 2","25","Feedback Control Module","T0848","ATT&CK","Initial Access","2.22117","0.0242424","1","0.0538465","0.0538465","1","Tolerable"
"16718","2","12","Layer 2","25","Feedback Control Module","T0862","ATT&CK","Initial Access","1.43723","0.0242424","1","0.0348419","0.0348419","1","Tolerable"
"17168","2","12","Layer 2","25","Feedback Control Module","T0886","ATT&CK","Lateral Movement","1.43723","0.0242424","1","0.0348419","0.0348419","1","Tolerable"
"17169","2","12","Layer 2","25","Feedback Control Module","T0886","ATT&CK","Initial Access","1.43723","0.0242424","1","0.0348419","0.0348419","1","Tolerable"
"16992","2","12","Layer 2","25","Feedback Control Module","T0847","ATT&CK","Initial Access","0.914598","0.0242424","1","0.0221721","0.0221721","1","Tolerable"
"16642","2","12","Layer 1","11","GMDSS","T0809","ATT&CK","Inhibit Response Function","2.51515","2.07883","1","5.22858","5.22858","1","Tolerable"
"17220","2","12","Layer 1","11","GMDSS","T0892","ATT&CK","Inhibit Response Function","2.22117","2.07883","1","4.61744","4.61744","1","Tolerable"
"17501","2","12","Layer 1","11","GMDSS","TID-222","EMB3D","Critical System Service May Be Disabled","3.88704","1.07083","1","4.16237","4.16237","1","Tolerable"
"17606","2","12","Layer 1","11","GMDSS","TID-404","EMB3D","Remotely Triggerable Deadlock/DoS","3.88704","1.07083","1","4.16237","4.16237","1","Tolerable"
"16352","2","12","Layer 1","11","GMDSS","T0800","ATT&CK","Inhibit Response Function","3.88704","2.07883","0.5","8.08051","4.04025","1","Tolerable"
"16459","2","12","Layer 1","11","GMDSS","T0816","ATT&CK","Inhibit Response Function","3.88704","2.07883","0.5","8.08051","4.04025","1","Tolerable"
"16382","2","12","Layer 1","11","GMDSS","T0814","ATT&CK","Inhibit Response Function","2.51515","2.07883","0.75","5.22858","3.92143","1","Tolerable"
"16437","2","12","Layer 1","11","GMDSS","T0807","ATT&CK","Execution","2.51515","1.10308","1","2.7744","2.7744","1","Tolerable"
"16534","2","12","Layer 1","11","GMDSS","T0853","ATT&CK","Execution","2.51515","1.10308","1","2.7744","2.7744","1","Tolerable"
"16890","2","12","Layer 1","11","GMDSS","T0823","ATT&CK","Execution","2.51515","1.10308","1","2.7744","2.7744","1","Tolerable"
"16309","2","12","Layer 1","11","GMDSS","T0881","ATT&CK","Inhibit Response Function","2.51515","2.07883","0.5","5.22858","2.61429","1","Tolerable"
"16740","2","12","Layer 1","11","GMDSS","T0856","ATT&CK","Impair Process Control","2.51515","2.07883","0.5","5.22858","2.61429","1","Tolerable"
"17521","2","12","Layer 1","11","GMDSS","TID-301","EMB3D","Applications Binaries Modified","3.88704","0.571833","1","2.22274","2.22274","1","Tolerable"
"17307","2","12","Layer 1","11","GMDSS","TID-101","EMB3D","Power Consumption Analysis Side Channel","3.88704","0.568","1","2.20784","2.20784","1","Tolerable"
"17336","2","12","Layer 1","11","GMDSS","TID-102","EMB3D","Electromagnetic Analysis Side Channel","3.88704","0.568","1","2.20784","2.20784","1","Tolerable"
"16685","2","12","Layer 1","11","GMDSS","T0871","ATT&CK","Execution","1.43723","1.10308","1","1.58537","1.58537","1","Tolerable"
"16916","2","12","Layer 1","11","GMDSS","T0834","ATT&CK","Execution","1.43723","1.10308","1","1.58537","1.58537","1","Tolerable"
"17542","2","12","Layer 1","11","GMDSS","TID-310","EMB3D","Remotely Accessible Unauthenticated Services","3.88704","0.392","1","1.52372","1.52372","1","Tolerable"
"17591","2","12","Layer 1","11","GMDSS","TID-401","EMB3D","Undocumented Protocol Features","3.88704","0.392","1","1.52372","1.52372","1","Tolerable"
"16933","2","12","Layer 1","11","GMDSS","T0857","ATT&CK","Inhibit Response Function","1.43723","2.07883","0.5","2.98776","1.49388","1","Tolerable"
"17160","2","12","Layer 1","11","GMDSS","T0838","ATT&CK","Inhibit Response Function","1.43723","2.07883","0.5","2.98776","1.49388","1","Tolerable"
"17704","2","12","Layer 1","11","GMDSS","TID-408","EMB3D","Unencrypted Sensitive Data Communication","2.83525","0.392","1","1.11142","1.11142","1","Tolerable"
"16668","2","12","Layer 1","11","GMDSS","T0872","ATT&CK","Evasion","2.51515","0.392","1","0.985939","0.985939","1","Tolerable"
"17045","2","12","Layer 1","11","GMDSS","T0859","ATT&CK","Persistence","2.51515","0.392","1","0.985939","0.985939","1","Tolerable"
"17724","2","12","Layer 1","11","GMDSS","TID-412","EMB3D","Network Routing Capability Abuse","2.83525","0.392","0.75","1.11142","0.833564","1","Tolerable"
"16407","2","12","Layer 1","11","GMDSS","T0805","ATT&CK","Inhibit Response Function","1.43723","2.07883","0.25","2.98776","0.74694","1","Tolerable"
"16493","2","12","Layer 1","11","GMDSS","T0878","ATT&CK","Inhibit Response Function","1.43723","2.07883","0.25","2.98776","0.74694","1","Tolerable"
"16604","2","12","Layer 1","11","GMDSS","T0804","ATT&CK","Inhibit Response Function","1.43723","2.07883","0.25","2.98776","0.74694","1","Tolerable"
"17364","2","12","Layer 1","11","GMDSS","TID-103","EMB3D","Microarchitectural Side Channels","1.18175","0.568","1","0.671234","0.671234","1","Tolerable"
"16878","2","12","Layer 1","11","GMDSS","T0820","ATT&CK","Evasion","1.43723","0.392","1","0.563394","0.563394","1","Tolerable"
"16941","2","12","Layer 1","11","GMDSS","T0849","ATT&CK","Evasion","1.43723","0.392","1","0.563394","0.563394","1","Tolerable"
"17078","2","12","Layer 1","11","GMDSS","T0890","ATT&CK","Privilege Escalation","1.43723","0.392","1","0.563394","0.563394","1","Tolerable"
"16739","2","12","Layer 1","11","GMDSS","T0856","ATT&CK","Evasion","2.51515","0.392","0.5","0.985939","0.492969","1","Tolerable"
"17675","2","12","Layer 1","11","GMDSS","TID-407","EMB3D","Missing Message Replay Protection","0.914598","0.392","1","0.358522","0.358522","1","Tolerable"
"17653","2","12","Layer 1","11","GMDSS","TID-406","EMB3D","Unauthorized Messages or Connections","1.83458","0.176","1","0.322886","0.322886","1","Tolerable"
"16934","2","12","Layer 1","11","GMDSS","T0857","ATT&CK","Persistence","1.43723","0.392","0.5","0.563394","0.281697","1","Tolerable"
"17396","2","12","Layer 1","11","GMDSS","TID-105","EMB3D","Hardware Fault Injection – Control Flow Modification","1.18175","0.179833","1","0.212518","0.212518","1","Tolerable"
"16805","2","12","Layer 1","11","GMDSS","T0812","ATT&CK","Lateral Movement","3.88704","0.0242424","1","0.0942312","0.0942312","1","Tolerable"
"17118","2","12","Layer 1","11","GMDSS","T0884","ATT&CK","Command and Control","3.88704","0.0242424","1","0.0942312","0.0942312","1","Tolerable"
"16852","2","12","Layer 1","11","GMDSS","T0830","ATT&CK","Collection","1.43723","0.200242","0.25","0.287794","0.0719486","1","Tolerable"
"17624","2","12","Layer 1","11","GMDSS","TID-405","EMB3D","Network Stack Resource Exhaustion","2.83525","0.0242424","1","0.0687333","0.0687333","1","Tolerable"
"16551","2","12","Layer 1","11","GMDSS","T0888","ATT&CK","Discovery","2.51515","0.0242424","1","0.0609733","0.0609733","1","Tolerable"
"17044","2","12","Layer 1","11","GMDSS","T0859","ATT&CK","Lateral Movement","2.51515","0.0242424","1","0.0609733","0.0609733","1","Tolerable"
"17103","2","12","Layer 1","11","GMDSS","T0846","ATT&CK","Discovery","2.51515","0.0242424","1","0.0609733","0.0609733","1","Tolerable"
"17201","2","12","Layer 1","11","GMDSS","T0840","ATT&CK","Discovery","2.51515","0.0242424","1","0.0609733","0.0609733","1","Tolerable"
"16775","2","12","Layer 1","11","GMDSS","T0866","ATT&CK","Lateral Movement","3.88704","0.0242424","0.5","0.0942312","0.0471156","1","Tolerable"
"16776","2","12","Layer 1","11","GMDSS","T0866","ATT&CK","Initial Access","3.88704","0.0242424","0.5","0.0942312","0.0471156","1","Tolerable"
"17134","2","12","Layer 1","11","GMDSS","T0869","ATT&CK","Command and Control","3.88704","0.0242424","0.5","0.0942312","0.0471156","1","Tolerable"
"17185","2","12","Layer 1","11","GMDSS","T0885","ATT&CK","Command and Control","3.88704","0.0242424","0.5","0.0942312","0.0471156","1","Tolerable"
"16706","2","12","Layer 1","11","GMDSS","T0862","ATT&CK","Initial Access","1.43723","0.0242424","1","0.0348419","0.0348419","1","Tolerable"
"16586","2","12","Layer 1","11","GMDSS","T0842","ATT&CK","Discovery","2.51515","0.0242424","0.5","0.0609733","0.0304866","1","Tolerable"
"16830","2","12","Layer 1","11","GMDSS","T0822","ATT&CK","Initial Access","2.22117","0.0242424","0.5","0.0538465","0.0269232","1","Tolerable"
"16979","2","12","Layer 1","11","GMDSS","T0847","ATT&CK","Initial Access","0.914598","0.0242424","1","0.0221721","0.0221721","1","Tolerable"
"17153","2","12","Layer 1","11","GMDSS","T0886","ATT&CK","Lateral Movement","1.43723","0.0242424","0.5","0.0348419","0.017421","1","Tolerable"
"17154","2","12","Layer 1","11","GMDSS","T0886","ATT&CK","Initial Access","1.43723","0.0242424","0.5","0.0348419","0.017421","1","Tolerable"
"16342","2","12","Layer 1","2","GNSS / GPS Receiver","T0800","ATT&CK","Inhibit Response Function","3.88704","1.82747","1","7.10345","7.10345","0","Non-tolerable"
"16452","2","12","Layer 1","2","GNSS / GPS Receiver","T0816","ATT&CK","Inhibit Response Function","3.88704","1.82747","1","7.10345","7.10345","0","Non-tolerable"
"16628","2","12","Layer 1","2","GNSS / GPS Receiver","T0809","ATT&CK","Inhibit Response Function","2.51515","1.82747","1","4.59636","4.59636","1","Tolerable"
"16372","2","12","Layer 1","2","GNSS / GPS Receiver","T0814","ATT&CK","Inhibit Response Function","2.51515","1.82747","0.75","4.59636","3.44727","1","Tolerable"
"17287","2","12","Layer 1","2","GNSS / GPS Receiver","TID-101","EMB3D","Power Consumption Analysis Side Channel","3.88704","0.848","1","3.29621","3.29621","1","Tolerable"
"17324","2","12","Layer 1","2","GNSS / GPS Receiver","TID-102","EMB3D","Electromagnetic Analysis Side Channel","3.88704","0.848","1","3.29621","3.29621","1","Tolerable"
"16286","2","12","Layer 1","2","GNSS / GPS Receiver","T0803","ATT&CK","Inhibit Response Function","1.43723","1.82747","1","2.6265","2.6265","1","Tolerable"
"16397","2","12","Layer 1","2","GNSS / GPS Receiver","T0805","ATT&CK","Inhibit Response Function","1.43723","1.82747","1","2.6265","2.6265","1","Tolerable"
"16597","2","12","Layer 1","2","GNSS / GPS Receiver","T0804","ATT&CK","Inhibit Response Function","1.43723","1.82747","1","2.6265","2.6265","1","Tolerable"
"16325","2","12","Layer 1","2","GNSS / GPS Receiver","T0887","ATT&CK","Collection","3.88704","0.464242","1","1.80453","1.80453","1","Tolerable"
"17457","2","12","Layer 1","2","GNSS / GPS Receiver","TID-114","EMB3D","Peripheral Data Bus Interception","3.88704","0.44","1","1.7103","1.7103","1","Tolerable"
"17476","2","12","Layer 1","2","GNSS / GPS Receiver","TID-118","EMB3D","Weak Peripheral Port Electrical Damage Protection","3.88704","0.410471","1","1.59552","1.59552","1","Tolerable"
"17003","2","12","Layer 1","2","GNSS / GPS Receiver","T0891","ATT&CK","Persistence","3.88704","0.408","1","1.58591","1.58591","1","Tolerable"
"17419","2","12","Layer 1","2","GNSS / GPS Receiver","TID-111","EMB3D","Untrusted External Storage","3.88704","0.408","1","1.58591","1.58591","1","Tolerable"
"17445","2","12","Layer 1","2","GNSS / GPS Receiver","TID-113","EMB3D","Unverified Peripheral Firmware Loaded","3.88704","0.408","1","1.58591","1.58591","1","Tolerable"
"17691","2","12","Layer 1","2","GNSS / GPS Receiver","TID-408","EMB3D","Unencrypted Sensitive Data Communication","2.83525","0.408","1","1.15678","1.15678","1","Tolerable"
"17025","2","12","Layer 1","2","GNSS / GPS Receiver","T0859","ATT&CK","Persistence","2.51515","0.408","1","1.02618","1.02618","1","Tolerable"
"17359","2","12","Layer 1","2","GNSS / GPS Receiver","TID-103","EMB3D","Microarchitectural Side Channels","1.18175","0.848","1","1.00212","1.00212","1","Tolerable"
"17638","2","12","Layer 1","2","GNSS / GPS Receiver","TID-406","EMB3D","Unauthorized Messages or Connections","1.83458","0.44","1","0.807215","0.807215","1","Tolerable"
"16842","2","12","Layer 1","2","GNSS / GPS Receiver","T0830","ATT&CK","Collection","1.43723","0.464242","1","0.667223","0.667223","1","Tolerable"
"17386","2","12","Layer 1","2","GNSS / GPS Receiver","TID-105","EMB3D","Hardware Fault Injection – Control Flow Modification","1.18175","0.442471","1","0.522891","0.522891","1","Tolerable"
"16324","2","12","Layer 1","2","GNSS / GPS Receiver","T0887","ATT&CK","Discovery","3.88704","0.0242424","1","0.0942312","0.0942312","1","Tolerable"
"16478","2","12","Layer 1","2","GNSS / GPS Receiver","T0860","ATT&CK","Initial Access","3.88704","0.0242424","1","0.0942312","0.0942312","1","Tolerable"
"16780","2","12","Layer 1","2","GNSS / GPS Receiver","T0812","ATT&CK","Lateral Movement","3.88704","0.0242424","1","0.0942312","0.0942312","1","Tolerable"
"17002","2","12","Layer 1","2","GNSS / GPS Receiver","T0891","ATT&CK","Lateral Movement","3.88704","0.0242424","1","0.0942312","0.0942312","1","Tolerable"
"17113","2","12","Layer 1","2","GNSS / GPS Receiver","T0884","ATT&CK","Command and Control","3.88704","0.0242424","1","0.0942312","0.0942312","1","Tolerable"
"17170","2","12","Layer 1","2","GNSS / GPS Receiver","T0885","ATT&CK","Command and Control","3.88704","0.0242424","1","0.0942312","0.0942312","1","Tolerable"
"16545","2","12","Layer 1","2","GNSS / GPS Receiver","T0888","ATT&CK","Discovery","2.51515","0.0242424","1","0.0609733","0.0609733","1","Tolerable"
"17024","2","12","Layer 1","2","GNSS / GPS Receiver","T0859","ATT&CK","Lateral Movement","2.51515","0.0242424","1","0.0609733","0.0609733","1","Tolerable"
"16695","2","12","Layer 1","2","GNSS / GPS Receiver","T0862","ATT&CK","Initial Access","1.43723","0.0242424","1","0.0348419","0.0348419","1","Tolerable"
"16971","2","12","Layer 1","2","GNSS / GPS Receiver","T0847","ATT&CK","Initial Access","0.914598","0.0242424","1","0.0221721","0.0221721","1","Tolerable"
"17739","2","12","Layer 1","2","GNSS / GPS Receiver","EUVD-2024-1860","Vulnerability","Loss of Control","0.00738538","1.82747","1","0.0134966","0.0134966","1","Tolerable"
"17743","2","12","Layer 1","2","GNSS / GPS Receiver","EUVD-2024-1860","Vulnerability","Loss of Control","0.00738538","1.82747","1","0.0134966","0.0134966","1","Tolerable"
"17747","2","12","Layer 1","2","GNSS / GPS Receiver","EUVD-2024-1860","Vulnerability","Loss of Control","0.00738538","1.82747","1","0.0134966","0.0134966","1","Tolerable"
"17751","2","12","Layer 1","2","GNSS / GPS Receiver","EUVD-2024-1860","Vulnerability","Loss of Control","0.00738538","1.82747","1","0.0134966","0.0134966","1","Tolerable"
"17755","2","12","Layer 1","2","GNSS / GPS Receiver","EUVD-2024-1860","Vulnerability","Loss of Control","0.00738538","1.82747","1","0.0134966","0.0134966","1","Tolerable"
"17759","2","12","Layer 1","2","GNSS / GPS Receiver","EUVD-2024-1860","Vulnerability","Loss of Control","0.00738538","1.82747","1","0.0134966","0.0134966","1","Tolerable"
"17763","2","12","Layer 1","2","GNSS / GPS Receiver","EUVD-2024-1860","Vulnerability","Loss of Control","0.00738538","1.82747","1","0.0134966","0.0134966","1","Tolerable"
"17767","2","12","Layer 1","2","GNSS / GPS Receiver","EUVD-2024-1860","Vulnerability","Loss of Control","0.00738538","1.82747","1","0.0134966","0.0134966","1","Tolerable"
"17771","2","12","Layer 1","2","GNSS / GPS Receiver","EUVD-2024-1860","Vulnerability","Loss of Control","0.00738538","1.82747","1","0.0134966","0.0134966","1","Tolerable"
"17775","2","12","Layer 1","2","GNSS / GPS Receiver","EUVD-2024-1860","Vulnerability","Loss of Control","0.00738538","1.82747","1","0.0134966","0.0134966","1","Tolerable"
"17779","2","12","Layer 1","2","GNSS / GPS Receiver","EUVD-2024-1860","Vulnerability","Loss of Control","0.00738538","1.82747","1","0.0134966","0.0134966","1","Tolerable"
"17783","2","12","Layer 1","2","GNSS / GPS Receiver","EUVD-2024-1860","Vulnerability","Loss of Control","0.00738538","1.82747","1","0.0134966","0.0134966","1","Tolerable"
"17787","2","12","Layer 1","2","GNSS / GPS Receiver","EUVD-2024-1860","Vulnerability","Loss of Control","0.00738538","1.82747","1","0.0134966","0.0134966","1","Tolerable"
"17791","2","12","Layer 1","2","GNSS / GPS Receiver","EUVD-2024-1860","Vulnerability","Loss of Control","0.00738538","1.82747","1","0.0134966","0.0134966","1","Tolerable"
"17795","2","12","Layer 1","2","GNSS / GPS Receiver","EUVD-2024-1860","Vulnerability","Loss of Control","0.00738538","1.82747","1","0.0134966","0.0134966","1","Tolerable"
"17738","2","12","Layer 1","2","GNSS / GPS Receiver","EUVD-2024-1860","Vulnerability","Exfiltration","0.00738538","0.464242","1","0.00342861","0.00342861","1","Tolerable"
"17742","2","12","Layer 1","2","GNSS / GPS Receiver","EUVD-2024-1860","Vulnerability","Exfiltration","0.00738538","0.464242","1","0.00342861","0.00342861","1","Tolerable"
"17746","2","12","Layer 1","2","GNSS / GPS Receiver","EUVD-2024-1860","Vulnerability","Exfiltration","0.00738538","0.464242","1","0.00342861","0.00342861","1","Tolerable"
"17750","2","12","Layer 1","2","GNSS / GPS Receiver","EUVD-2024-1860","Vulnerability","Exfiltration","0.00738538","0.464242","1","0.00342861","0.00342861","1","Tolerable"
"17754","2","12","Layer 1","2","GNSS / GPS Receiver","EUVD-2024-1860","Vulnerability","Exfiltration","0.00738538","0.464242","1","0.00342861","0.00342861","1","Tolerable"
"17758","2","12","Layer 1","2","GNSS / GPS Receiver","EUVD-2024-1860","Vulnerability","Exfiltration","0.00738538","0.464242","1","0.00342861","0.00342861","1","Tolerable"
"17762","2","12","Layer 1","2","GNSS / GPS Receiver","EUVD-2024-1860","Vulnerability","Exfiltration","0.00738538","0.464242","1","0.00342861","0.00342861","1","Tolerable"
"17766","2","12","Layer 1","2","GNSS / GPS Receiver","EUVD-2024-1860","Vulnerability","Exfiltration","0.00738538","0.464242","1","0.00342861","0.00342861","1","Tolerable"
"17770","2","12","Layer 1","2","GNSS / GPS Receiver","EUVD-2024-1860","Vulnerability","Exfiltration","0.00738538","0.464242","1","0.00342861","0.00342861","1","Tolerable"
"17774","2","12","Layer 1","2","GNSS / GPS Receiver","EUVD-2024-1860","Vulnerability","Exfiltration","0.00738538","0.464242","1","0.00342861","0.00342861","1","Tolerable"
"17778","2","12","Layer 1","2","GNSS / GPS Receiver","EUVD-2024-1860","Vulnerability","Exfiltration","0.00738538","0.464242","1","0.00342861","0.00342861","1","Tolerable"
"17782","2","12","Layer 1","2","GNSS / GPS Receiver","EUVD-2024-1860","Vulnerability","Exfiltration","0.00738538","0.464242","1","0.00342861","0.00342861","1","Tolerable"
"17786","2","12","Layer 1","2","GNSS / GPS Receiver","EUVD-2024-1860","Vulnerability","Exfiltration","0.00738538","0.464242","1","0.00342861","0.00342861","1","Tolerable"
"17790","2","12","Layer 1","2","GNSS / GPS Receiver","EUVD-2024-1860","Vulnerability","Exfiltration","0.00738538","0.464242","1","0.00342861","0.00342861","1","Tolerable"
"17794","2","12","Layer 1","2","GNSS / GPS Receiver","EUVD-2024-1860","Vulnerability","Exfiltration","0.00738538","0.464242","1","0.00342861","0.00342861","1","Tolerable"
"17740","2","12","Layer 1","2","GNSS / GPS Receiver","EUVD-2024-1860","Vulnerability","Reputational Harm","0.00738538","0.375","1","0.00276952","0.00276952","1","Tolerable"
"17744","2","12","Layer 1","2","GNSS / GPS Receiver","EUVD-2024-1860","Vulnerability","Reputational Harm","0.00738538","0.375","1","0.00276952","0.00276952","1","Tolerable"
"17748","2","12","Layer 1","2","GNSS / GPS Receiver","EUVD-2024-1860","Vulnerability","Reputational Harm","0.00738538","0.375","1","0.00276952","0.00276952","1","Tolerable"
"17752","2","12","Layer 1","2","GNSS / GPS Receiver","EUVD-2024-1860","Vulnerability","Reputational Harm","0.00738538","0.375","1","0.00276952","0.00276952","1","Tolerable"
"17756","2","12","Layer 1","2","GNSS / GPS Receiver","EUVD-2024-1860","Vulnerability","Reputational Harm","0.00738538","0.375","1","0.00276952","0.00276952","1","Tolerable"
"17760","2","12","Layer 1","2","GNSS / GPS Receiver","EUVD-2024-1860","Vulnerability","Reputational Harm","0.00738538","0.375","1","0.00276952","0.00276952","1","Tolerable"
"17764","2","12","Layer 1","2","GNSS / GPS Receiver","EUVD-2024-1860","Vulnerability","Reputational Harm","0.00738538","0.375","1","0.00276952","0.00276952","1","Tolerable"
"17768","2","12","Layer 1","2","GNSS / GPS Receiver","EUVD-2024-1860","Vulnerability","Reputational Harm","0.00738538","0.375","1","0.00276952","0.00276952","1","Tolerable"
"17772","2","12","Layer 1","2","GNSS / GPS Receiver","EUVD-2024-1860","Vulnerability","Reputational Harm","0.00738538","0.375","1","0.00276952","0.00276952","1","Tolerable"
"17776","2","12","Layer 1","2","GNSS / GPS Receiver","EUVD-2024-1860","Vulnerability","Reputational Harm","0.00738538","0.375","1","0.00276952","0.00276952","1","Tolerable"
"17780","2","12","Layer 1","2","GNSS / GPS Receiver","EUVD-2024-1860","Vulnerability","Reputational Harm","0.00738538","0.375","1","0.00276952","0.00276952","1","Tolerable"
"17784","2","12","Layer 1","2","GNSS / GPS Receiver","EUVD-2024-1860","Vulnerability","Reputational Harm","0.00738538","0.375","1","0.00276952","0.00276952","1","Tolerable"
"17788","2","12","Layer 1","2","GNSS / GPS Receiver","EUVD-2024-1860","Vulnerability","Reputational Harm","0.00738538","0.375","1","0.00276952","0.00276952","1","Tolerable"
"17792","2","12","Layer 1","2","GNSS / GPS Receiver","EUVD-2024-1860","Vulnerability","Reputational Harm","0.00738538","0.375","1","0.00276952","0.00276952","1","Tolerable"
"17796","2","12","Layer 1","2","GNSS / GPS Receiver","EUVD-2024-1860","Vulnerability","Reputational Harm","0.00738538","0.375","1","0.00276952","0.00276952","1","Tolerable"
"17737","2","12","Layer 1","2","GNSS / GPS Receiver","EUVD-2024-1860","Vulnerability","Credential Access","0.00738538","0.0242424","1","0.000179039","0.000179039","1","Tolerable"
"17741","2","12","Layer 1","2","GNSS / GPS Receiver","EUVD-2024-1860","Vulnerability","Credential Access","0.00738538","0.0242424","1","0.000179039","0.000179039","1","Tolerable"
"17745","2","12","Layer 1","2","GNSS / GPS Receiver","EUVD-2024-1860","Vulnerability","Credential Access","0.00738538","0.0242424","1","0.000179039","0.000179039","1","Tolerable"
"17749","2","12","Layer 1","2","GNSS / GPS Receiver","EUVD-2024-1860","Vulnerability","Credential Access","0.00738538","0.0242424","1","0.000179039","0.000179039","1","Tolerable"
"17753","2","12","Layer 1","2","GNSS / GPS Receiver","EUVD-2024-1860","Vulnerability","Credential Access","0.00738538","0.0242424","1","0.000179039","0.000179039","1","Tolerable"
"17757","2","12","Layer 1","2","GNSS / GPS Receiver","EUVD-2024-1860","Vulnerability","Credential Access","0.00738538","0.0242424","1","0.000179039","0.000179039","1","Tolerable"
"17761","2","12","Layer 1","2","GNSS / GPS Receiver","EUVD-2024-1860","Vulnerability","Credential Access","0.00738538","0.0242424","1","0.000179039","0.000179039","1","Tolerable"
"17765","2","12","Layer 1","2","GNSS / GPS Receiver","EUVD-2024-1860","Vulnerability","Credential Access","0.00738538","0.0242424","1","0.000179039","0.000179039","1","Tolerable"
"17769","2","12","Layer 1","2","GNSS / GPS Receiver","EUVD-2024-1860","Vulnerability","Credential Access","0.00738538","0.0242424","1","0.000179039","0.000179039","1","Tolerable"
"17773","2","12","Layer 1","2","GNSS / GPS Receiver","EUVD-2024-1860","Vulnerability","Credential Access","0.00738538","0.0242424","1","0.000179039","0.000179039","1","Tolerable"
"17777","2","12","Layer 1","2","GNSS / GPS Receiver","EUVD-2024-1860","Vulnerability","Credential Access","0.00738538","0.0242424","1","0.000179039","0.000179039","1","Tolerable"
"17781","2","12","Layer 1","2","GNSS / GPS Receiver","EUVD-2024-1860","Vulnerability","Credential Access","0.00738538","0.0242424","1","0.000179039","0.000179039","1","Tolerable"
"17785","2","12","Layer 1","2","GNSS / GPS Receiver","EUVD-2024-1860","Vulnerability","Credential Access","0.00738538","0.0242424","1","0.000179039","0.000179039","1","Tolerable"
"17789","2","12","Layer 1","2","GNSS / GPS Receiver","EUVD-2024-1860","Vulnerability","Credential Access","0.00738538","0.0242424","1","0.000179039","0.000179039","1","Tolerable"
"17793","2","12","Layer 1","2","GNSS / GPS Receiver","EUVD-2024-1860","Vulnerability","Credential Access","0.00738538","0.0242424","1","0.000179039","0.000179039","1","Tolerable"
"16365","2","12","Layer 1","22","Gyroscope Compass","T0800","ATT&CK","Inhibit Response Function","3.88704","1.0447","1","4.06081","4.06081","1","Tolerable"
"16472","2","12","Layer 1","22","Gyroscope Compass","T0816","ATT&CK","Inhibit Response Function","3.88704","1.0447","1","4.06081","4.06081","1","Tolerable"
"16652","2","12","Layer 1","22","Gyroscope Compass","T0809","ATT&CK","Inhibit Response Function","2.51515","1.0447","1","2.62759","2.62759","1","Tolerable"
"16391","2","12","Layer 1","22","Gyroscope Compass","T0814","ATT&CK","Inhibit Response Function","2.51515","1.0447","0.75","2.62759","1.97069","1","Tolerable"
"16290","2","12","Layer 1","22","Gyroscope Compass","T0803","ATT&CK","Inhibit Response Function","1.43723","1.0447","1","1.50148","1.50148","1","Tolerable"
"16418","2","12","Layer 1","22","Gyroscope Compass","T0805","ATT&CK","Inhibit Response Function","1.43723","1.0447","1","1.50148","1.50148","1","Tolerable"
"16619","2","12","Layer 1","22","Gyroscope Compass","T0804","ATT&CK","Inhibit Response Function","1.43723","1.0447","1","1.50148","1.50148","1","Tolerable"
"17488","2","12","Layer 1","22","Gyroscope Compass","TID-118","EMB3D","Weak Peripheral Port Electrical Damage Protection","3.88704","0.237705","1","0.923968","0.923968","1","Tolerable"
"17315","2","12","Layer 1","22","Gyroscope Compass","TID-101","EMB3D","Power Consumption Analysis Side Channel","3.88704","0.176","1","0.684119","0.684119","1","Tolerable"
"17347","2","12","Layer 1","22","Gyroscope Compass","TID-102","EMB3D","Electromagnetic Analysis Side Channel","3.88704","0.176","1","0.684119","0.684119","1","Tolerable"
"17015","2","12","Layer 1","22","Gyroscope Compass","T0891","ATT&CK","Persistence","3.88704","0.168","1","0.653023","0.653023","1","Tolerable"
"17444","2","12","Layer 1","22","Gyroscope Compass","TID-111","EMB3D","Untrusted External Storage","3.88704","0.168","1","0.653023","0.653023","1","Tolerable"
"17460","2","12","Layer 1","22","Gyroscope Compass","TID-113","EMB3D","Unverified Peripheral Firmware Loaded","3.88704","0.168","1","0.653023","0.653023","1","Tolerable"
"17715","2","12","Layer 1","22","Gyroscope Compass","TID-408","EMB3D","Unencrypted Sensitive Data Communication","2.83525","0.168","1","0.476322","0.476322","1","Tolerable"
"17069","2","12","Layer 1","22","Gyroscope Compass","T0859","ATT&CK","Persistence","2.51515","0.168","1","0.422545","0.422545","1","Tolerable"
"16344","2","12","Layer 1","22","Gyroscope Compass","T0887","ATT&CK","Collection","3.88704","0.0564849","1","0.219559","0.219559","1","Tolerable"
"16526","2","12","Layer 1","22","Gyroscope Compass","T0801","ATT&CK","Collection","3.88704","0.0564849","1","0.219559","0.219559","1","Tolerable"
"17378","2","12","Layer 1","22","Gyroscope Compass","TID-103","EMB3D","Microarchitectural Side Channels","1.18175","0.176","1","0.207988","0.207988","1","Tolerable"
"16343","2","12","Layer 1","22","Gyroscope Compass","T0887","ATT&CK","Discovery","3.88704","0.0484849","1","0.188463","0.188463","1","Tolerable"
"16489","2","12","Layer 1","22","Gyroscope Compass","T0860","ATT&CK","Initial Access","3.88704","0.0484849","1","0.188463","0.188463","1","Tolerable"
"16815","2","12","Layer 1","22","Gyroscope Compass","T0812","ATT&CK","Lateral Movement","3.88704","0.0484849","1","0.188463","0.188463","1","Tolerable"
"17014","2","12","Layer 1","22","Gyroscope Compass","T0891","ATT&CK","Lateral Movement","3.88704","0.0484849","1","0.188463","0.188463","1","Tolerable"
"17068","2","12","Layer 1","22","Gyroscope Compass","T0859","ATT&CK","Lateral Movement","2.51515","0.0484849","1","0.121947","0.121947","1","Tolerable"
"17411","2","12","Layer 1","22","Gyroscope Compass","TID-105","EMB3D","Hardware Fault Injection – Control Flow Modification","1.18175","0.0777048","1","0.0918276","0.0918276","1","Tolerable"
"16863","2","12","Layer 1","22","Gyroscope Compass","T0830","ATT&CK","Collection","1.43723","0.0564849","1","0.0811818","0.0811818","1","Tolerable"
"16720","2","12","Layer 1","22","Gyroscope Compass","T0862","ATT&CK","Initial Access","1.43723","0.0484849","1","0.0696839","0.0696839","1","Tolerable"
"16995","2","12","Layer 1","22","Gyroscope Compass","T0847","ATT&CK","Initial Access","0.914598","0.0484849","1","0.0443442","0.0443442","1","Tolerable"
"17471","2","12","Layer 1","22","Gyroscope Compass","TID-114","EMB3D","Peripheral Data Bus Interception","3.88704","0.008","1","0.0310963","0.0310963","1","Tolerable"
"17662","2","12","Layer 1","22","Gyroscope Compass","TID-406","EMB3D","Unauthorized Messages or Connections","1.83458","0.008","0.5","0.0146766","0.00733832","1","Tolerable"
"16364","2","12","Layer 1","23","Heading and Speed Sensor","T0800","ATT&CK","Inhibit Response Function","3.88704","0.999005","1","3.88317","3.88317","1","Tolerable"
"16474","2","12","Layer 1","23","Heading and Speed Sensor","T0816","ATT&CK","Inhibit Response Function","3.88704","0.999005","1","3.88317","3.88317","1","Tolerable"
"16655","2","12","Layer 1","23","Heading and Speed Sensor","T0809","ATT&CK","Inhibit Response Function","2.51515","0.999005","1","2.51265","2.51265","1","Tolerable"
"16392","2","12","Layer 1","23","Heading and Speed Sensor","T0814","ATT&CK","Inhibit Response Function","2.51515","0.999005","0.75","2.51265","1.88449","1","Tolerable"
"16305","2","12","Layer 1","23","Heading and Speed Sensor","T0803","ATT&CK","Inhibit Response Function","1.43723","0.999005","1","1.4358","1.4358","1","Tolerable"
"16419","2","12","Layer 1","23","Heading and Speed Sensor","T0805","ATT&CK","Inhibit Response Function","1.43723","0.999005","1","1.4358","1.4358","1","Tolerable"
"16615","2","12","Layer 1","23","Heading and Speed Sensor","T0804","ATT&CK","Inhibit Response Function","1.43723","0.999005","1","1.4358","1.4358","1","Tolerable"
"17491","2","12","Layer 1","23","Heading and Speed Sensor","TID-118","EMB3D","Weak Peripheral Port Electrical Damage Protection","3.88704","0.184005","1","0.715235","0.715235","1","Tolerable"
"17316","2","12","Layer 1","23","Heading and Speed Sensor","TID-101","EMB3D","Power Consumption Analysis Side Channel","3.88704","0.168","1","0.653023","0.653023","1","Tolerable"
"17350","2","12","Layer 1","23","Heading and Speed Sensor","TID-102","EMB3D","Electromagnetic Analysis Side Channel","3.88704","0.168","1","0.653023","0.653023","1","Tolerable"
"17023","2","12","Layer 1","23","Heading and Speed Sensor","T0891","ATT&CK","Persistence","3.88704","0.16","1","0.621926","0.621926","1","Tolerable"
"17442","2","12","Layer 1","23","Heading and Speed Sensor","TID-111","EMB3D","Untrusted External Storage","3.88704","0.16","1","0.621926","0.621926","1","Tolerable"
"17459","2","12","Layer 1","23","Heading and Speed Sensor","TID-113","EMB3D","Unverified Peripheral Firmware Loaded","3.88704","0.16","1","0.621926","0.621926","1","Tolerable"
"17716","2","12","Layer 1","23","Heading and Speed Sensor","TID-408","EMB3D","Unencrypted Sensitive Data Communication","2.83525","0.16","1","0.45364","0.45364","1","Tolerable"
"17071","2","12","Layer 1","23","Heading and Speed Sensor","T0859","ATT&CK","Persistence","2.51515","0.16","1","0.402424","0.402424","1","Tolerable"
"17380","2","12","Layer 1","23","Heading and Speed Sensor","TID-103","EMB3D","Microarchitectural Side Channels","1.18175","0.168","1","0.198534","0.198534","1","Tolerable"
"16348","2","12","Layer 1","23","Heading and Speed Sensor","T0887","ATT&CK","Collection","3.88704","0.0322424","1","0.125327","0.125327","1","Tolerable"
"16528","2","12","Layer 1","23","Heading and Speed Sensor","T0801","ATT&CK","Collection","3.88704","0.0322424","1","0.125327","0.125327","1","Tolerable"
"16347","2","12","Layer 1","23","Heading and Speed Sensor","T0887","ATT&CK","Discovery","3.88704","0.0242424","1","0.0942312","0.0942312","1","Tolerable"
"16491","2","12","Layer 1","23","Heading and Speed Sensor","T0860","ATT&CK","Initial Access","3.88704","0.0242424","1","0.0942312","0.0942312","1","Tolerable"
"16818","2","12","Layer 1","23","Heading and Speed Sensor","T0812","ATT&CK","Lateral Movement","3.88704","0.0242424","1","0.0942312","0.0942312","1","Tolerable"
"17022","2","12","Layer 1","23","Heading and Speed Sensor","T0891","ATT&CK","Lateral Movement","3.88704","0.0242424","1","0.0942312","0.0942312","1","Tolerable"
"17070","2","12","Layer 1","23","Heading and Speed Sensor","T0859","ATT&CK","Lateral Movement","2.51515","0.0242424","1","0.0609733","0.0609733","1","Tolerable"
"16864","2","12","Layer 1","23","Heading and Speed Sensor","T0830","ATT&CK","Collection","1.43723","0.0322424","1","0.0463397","0.0463397","1","Tolerable"
"17412","2","12","Layer 1","23","Heading and Speed Sensor","TID-105","EMB3D","Hardware Fault Injection – Control Flow Modification","1.18175","0.0320051","1","0.037822","0.037822","1","Tolerable"
"16717","2","12","Layer 1","23","Heading and Speed Sensor","T0862","ATT&CK","Initial Access","1.43723","0.0242424","1","0.0348419","0.0348419","1","Tolerable"
"17475","2","12","Layer 1","23","Heading and Speed Sensor","TID-114","EMB3D","Peripheral Data Bus Interception","3.88704","0.008","1","0.0310963","0.0310963","1","Tolerable"
"16993","2","12","Layer 1","23","Heading and Speed Sensor","T0847","ATT&CK","Initial Access","0.914598","0.0242424","1","0.0221721","0.0221721","1","Tolerable"
"17663","2","12","Layer 1","23","Heading and Speed Sensor","TID-406","EMB3D","Unauthorized Messages or Connections","1.83458","0.008","0.5","0.0146766","0.00733832","1","Tolerable"
"16393","2","12","Layer 2","28","Human Override Control Interface","T0814","ATT&CK","Inhibit Response Function","2.51515","2.18538","1","5.49655","5.49655","1","Tolerable"
"16657","2","12","Layer 2","28","Human Override Control Interface","T0809","ATT&CK","Inhibit Response Function","2.51515","2.18538","1","5.49655","5.49655","1","Tolerable"
"17237","2","12","Layer 2","28","Human Override Control Interface","T0892","ATT&CK","Inhibit Response Function","2.22117","2.18538","1","4.85409","4.85409","1","Tolerable"
"17505","2","12","Layer 2","28","Human Override Control Interface","TID-222","EMB3D","Critical System Service May Be Disabled","3.88704","1.20138","1","4.6698","4.6698","1","Tolerable"
"17611","2","12","Layer 2","28","Human Override Control Interface","TID-404","EMB3D","Remotely Triggerable Deadlock/DoS","3.88704","1.20138","1","4.6698","4.6698","1","Tolerable"
"16304","2","12","Layer 2","28","Human Override Control Interface","T0803","ATT&CK","Inhibit Response Function","1.43723","2.18538","1","3.14089","3.14089","1","Tolerable"
"16621","2","12","Layer 2","28","Human Override Control Interface","T0804","ATT&CK","Inhibit Response Function","1.43723","2.18538","1","3.14089","3.14089","1","Tolerable"
"16441","2","12","Layer 2","28","Human Override Control Interface","T0807","ATT&CK","Execution","2.51515","1.20962","1","3.04237","3.04237","1","Tolerable"
"16548","2","12","Layer 2","28","Human Override Control Interface","T0853","ATT&CK","Execution","2.51515","1.20962","1","3.04237","3.04237","1","Tolerable"
"16899","2","12","Layer 2","28","Human Override Control Interface","T0823","ATT&CK","Execution","2.51515","1.20962","1","3.04237","3.04237","1","Tolerable"
"16316","2","12","Layer 2","28","Human Override Control Interface","T0881","ATT&CK","Inhibit Response Function","2.51515","2.18538","0.5","5.49655","2.74827","1","Tolerable"
"16758","2","12","Layer 2","28","Human Override Control Interface","T0856","ATT&CK","Impair Process Control","2.51515","2.18538","0.5","5.49655","2.74827","1","Tolerable"
"17528","2","12","Layer 2","28","Human Override Control Interface","TID-301","EMB3D","Applications Binaries Modified","3.88704","0.702376","1","2.73016","2.73016","1","Tolerable"
"16728","2","12","Layer 2","28","Human Override Control Interface","T0895","ATT&CK","Execution","2.22117","1.20962","1","2.68677","2.68677","1","Tolerable"
"17321","2","12","Layer 2","28","Human Override Control Interface","TID-101","EMB3D","Power Consumption Analysis Side Channel","3.88704","0.592","1","2.30113","2.30113","1","Tolerable"
"17349","2","12","Layer 2","28","Human Override Control Interface","TID-102","EMB3D","Electromagnetic Analysis Side Channel","3.88704","0.592","1","2.30113","2.30113","1","Tolerable"
"16477","2","12","Layer 2","28","Human Override Control Interface","T0863","ATT&CK","Execution","1.83458","1.20962","1","2.21914","2.21914","1","Tolerable"
"16366","2","12","Layer 2","28","Human Override Control Interface","T0800","ATT&CK","Inhibit Response Function","3.88704","2.18538","0.25","8.49464","2.12366","1","Tolerable"
"16486","2","12","Layer 2","28","Human Override Control Interface","T0816","ATT&CK","Inhibit Response Function","3.88704","2.18538","0.25","8.49464","2.12366","1","Tolerable"
"16920","2","12","Layer 2","28","Human Override Control Interface","T0834","ATT&CK","Execution","1.43723","1.20962","1","1.7385","1.7385","1","Tolerable"
"17552","2","12","Layer 2","28","Human Override Control Interface","TID-310","EMB3D","Remotely Accessible Unauthenticated Services","3.88704","0.416","1","1.61701","1.61701","1","Tolerable"
"17553","2","12","Layer 2","28","Human Override Control Interface","TID-311","EMB3D","Default Credentials","3.88704","0.416","1","1.61701","1.61701","1","Tolerable"
"17554","2","12","Layer 2","28","Human Override Control Interface","TID-313","EMB3D","Unauthenticated Session Changes Credential","3.88704","0.416","1","1.61701","1.61701","1","Tolerable"
"17557","2","12","Layer 2","28","Human Override Control Interface","TID-312","EMB3D","Credential Change Mechanism Can Be Abused","3.88704","0.416","1","1.61701","1.61701","1","Tolerable"
"17562","2","12","Layer 2","28","Human Override Control Interface","TID-317","EMB3D","Predictable Cryptographic Key","3.88704","0.416","1","1.61701","1.61701","1","Tolerable"
"17563","2","12","Layer 2","28","Human Override Control Interface","TID-318","EMB3D","Insecure Cryptographic Implementation","3.88704","0.416","1","1.61701","1.61701","1","Tolerable"
"17564","2","12","Layer 2","28","Human Override Control Interface","TID-316","EMB3D","Incorrect Certificate Verification Allows Authentication Bypass","3.88704","0.416","1","1.61701","1.61701","1","Tolerable"
"17573","2","12","Layer 2","28","Human Override Control Interface","TID-329","EMB3D","Improper Password Storage","3.88704","0.416","1","1.61701","1.61701","1","Tolerable"
"17575","2","12","Layer 2","28","Human Override Control Interface","TID-330","EMB3D","Cryptographic Timing Side-Channel","3.88704","0.416","1","1.61701","1.61701","1","Tolerable"
"17577","2","12","Layer 2","28","Human Override Control Interface","TID-328","EMB3D","Hardcoded Credentials","3.88704","0.416","1","1.61701","1.61701","1","Tolerable"
"17593","2","12","Layer 2","28","Human Override Control Interface","TID-401","EMB3D","Undocumented Protocol Features","3.88704","0.416","1","1.61701","1.61701","1","Tolerable"
"16423","2","12","Layer 2","28","Human Override Control Interface","T0805","ATT&CK","Inhibit Response Function","1.43723","2.18538","0.5","3.14089","1.57044","1","Tolerable"
"16497","2","12","Layer 2","28","Human Override Control Interface","T0878","ATT&CK","Inhibit Response Function","1.43723","2.18538","0.5","3.14089","1.57044","1","Tolerable"
"16629","2","12","Layer 2","28","Human Override Control Interface","T0855","ATT&CK","Impair Process Control","1.43723","2.18538","0.5","3.14089","1.57044","1","Tolerable"
"16840","2","12","Layer 2","28","Human Override Control Interface","T0806","ATT&CK","Impair Process Control","1.43723","2.18538","0.5","3.14089","1.57044","1","Tolerable"
"16956","2","12","Layer 2","28","Human Override Control Interface","T0857","ATT&CK","Inhibit Response Function","1.43723","2.18538","0.5","3.14089","1.57044","1","Tolerable"
"17558","2","12","Layer 2","28","Human Override Control Interface","TID-315","EMB3D","Password Retrieval Mechanism Abused","3.88704","0.416","0.75","1.61701","1.21276","1","Tolerable"
"16429","2","12","Layer 2","28","Human Override Control Interface","T0894","ATT&CK","Evasion","2.83525","0.416","1","1.17946","1.17946","1","Tolerable"
"16673","2","12","Layer 2","28","Human Override Control Interface","T0872","ATT&CK","Evasion","2.51515","0.416","1","1.0463","1.0463","1","Tolerable"
"17560","2","12","Layer 2","28","Human Override Control Interface","TID-314","EMB3D","Passwords Can Be Guessed Using Brute-Force Attempts","3.88704","0.416","0.5","1.61701","0.808504","1","Tolerable"
"17171","2","12","Layer 2","28","Human Override Control Interface","T0838","ATT&CK","Inhibit Response Function","1.43723","2.18538","0.25","3.14089","0.785222","1","Tolerable"
"16530","2","12","Layer 2","28","Human Override Control Interface","T0801","ATT&CK","Collection","3.88704","0.200242","1","0.77835","0.77835","1","Tolerable"
"17383","2","12","Layer 2","28","Human Override Control Interface","TID-103","EMB3D","Microarchitectural Side Channels","1.18175","0.592","1","0.699596","0.699596","1","Tolerable"
"16879","2","12","Layer 2","28","Human Override Control Interface","T0820","ATT&CK","Evasion","1.43723","0.416","1","0.597888","0.597888","1","Tolerable"
"16969","2","12","Layer 2","28","Human Override Control Interface","T0849","ATT&CK","Evasion","1.43723","0.416","1","0.597888","0.597888","1","Tolerable"
"17093","2","12","Layer 2","28","Human Override Control Interface","T0890","ATT&CK","Privilege Escalation","1.43723","0.416","1","0.597888","0.597888","1","Tolerable"
"16757","2","12","Layer 2","28","Human Override Control Interface","T0856","ATT&CK","Evasion","2.51515","0.416","0.5","1.0463","0.523151","1","Tolerable"
"16996","2","12","Layer 2","28","Human Override Control Interface","T0852","ATT&CK","Collection","2.51515","0.200242","1","0.50364","0.50364","1","Tolerable"
"17219","2","12","Layer 2","28","Human Override Control Interface","T0893","ATT&CK","Collection","2.51515","0.200242","1","0.50364","0.50364","1","Tolerable"
"16694","2","12","Layer 2","28","Human Override Control Interface","T0871","ATT&CK","Execution","1.43723","1.20962","0.25","1.7385","0.434625","1","Tolerable"
"17685","2","12","Layer 2","28","Human Override Control Interface","TID-407","EMB3D","Missing Message Replay Protection","0.914598","0.416","1","0.380473","0.380473","1","Tolerable"
"17416","2","12","Layer 2","28","Human Override Control Interface","TID-105","EMB3D","Hardware Fault Injection – Control Flow Modification","1.18175","0.286376","1","0.338425","0.338425","1","Tolerable"
"16957","2","12","Layer 2","28","Human Override Control Interface","T0857","ATT&CK","Persistence","1.43723","0.416","0.5","0.597888","0.298944","1","Tolerable"
"17075","2","12","Layer 2","28","Human Override Control Interface","T0859","ATT&CK","Persistence","2.51515","0.416","0.25","1.0463","0.261576","1","Tolerable"
"16448","2","12","Layer 2","28","Human Override Control Interface","T0861","ATT&CK","Collection","3.88704","0.200242","0.25","0.77835","0.194588","1","Tolerable"
"17719","2","12","Layer 2","28","Human Override Control Interface","TID-411","EMB3D","Weak/Insecure Cryptographic Protocol","0.456531","0.416","1","0.189917","0.189917","1","Tolerable"
"16866","2","12","Layer 2","28","Human Override Control Interface","T0830","ATT&CK","Collection","1.43723","0.200242","0.5","0.287794","0.143897","1","Tolerable"
"16822","2","12","Layer 2","28","Human Override Control Interface","T0812","ATT&CK","Lateral Movement","3.88704","0.0242424","1","0.0942312","0.0942312","1","Tolerable"
"17125","2","12","Layer 2","28","Human Override Control Interface","T0884","ATT&CK","Command and Control","3.88704","0.0242424","1","0.0942312","0.0942312","1","Tolerable"
"17634","2","12","Layer 2","28","Human Override Control Interface","TID-405","EMB3D","Network Stack Resource Exhaustion","2.83525","0.0242424","1","0.0687333","0.0687333","1","Tolerable"
"16563","2","12","Layer 2","28","Human Override Control Interface","T0888","ATT&CK","Discovery","2.51515","0.0242424","1","0.0609733","0.0609733","1","Tolerable"
"17110","2","12","Layer 2","28","Human Override Control Interface","T0846","ATT&CK","Discovery","2.51515","0.0242424","1","0.0609733","0.0609733","1","Tolerable"
"17211","2","12","Layer 2","28","Human Override Control Interface","T0840","ATT&CK","Discovery","2.51515","0.0242424","1","0.0609733","0.0609733","1","Tolerable"
"16798","2","12","Layer 2","28","Human Override Control Interface","T0866","ATT&CK","Lateral Movement","3.88704","0.0242424","0.5","0.0942312","0.0471156","1","Tolerable"
"16799","2","12","Layer 2","28","Human Override Control Interface","T0866","ATT&CK","Initial Access","3.88704","0.0242424","0.5","0.0942312","0.0471156","1","Tolerable"
"17139","2","12","Layer 2","28","Human Override Control Interface","T0869","ATT&CK","Command and Control","3.88704","0.0242424","0.5","0.0942312","0.0471156","1","Tolerable"
"17190","2","12","Layer 2","28","Human Override Control Interface","T0885","ATT&CK","Command and Control","3.88704","0.0242424","0.5","0.0942312","0.0471156","1","Tolerable"
"16719","2","12","Layer 2","28","Human Override Control Interface","T0862","ATT&CK","Initial Access","1.43723","0.0242424","1","0.0348419","0.0348419","1","Tolerable"
"16909","2","12","Layer 2","28","Human Override Control Interface","T0848","ATT&CK","Initial Access","2.22117","0.0242424","0.5","0.0538465","0.0269232","1","Tolerable"
"16999","2","12","Layer 2","28","Human Override Control Interface","T0847","ATT&CK","Initial Access","0.914598","0.0242424","1","0.0221721","0.0221721","1","Tolerable"
"16590","2","12","Layer 2","28","Human Override Control Interface","T0842","ATT&CK","Discovery","2.51515","0.0242424","0.25","0.0609733","0.0152433","1","Tolerable"
"17074","2","12","Layer 2","28","Human Override Control Interface","T0859","ATT&CK","Lateral Movement","2.51515","0.0242424","0.25","0.0609733","0.0152433","1","Tolerable"
"17176","2","12","Layer 2","28","Human Override Control Interface","T0886","ATT&CK","Lateral Movement","1.43723","0.0242424","0.25","0.0348419","0.00871048","1","Tolerable"
"17177","2","12","Layer 2","28","Human Override Control Interface","T0886","ATT&CK","Initial Access","1.43723","0.0242424","0.25","0.0348419","0.00871048","1","Tolerable"
"16362","2","12","Layer 1","19","Infrared Camera System","T0800","ATT&CK","Inhibit Response Function","3.88704","1.01206","1","3.93391","3.93391","1","Tolerable"
"16469","2","12","Layer 1","19","Infrared Camera System","T0816","ATT&CK","Inhibit Response Function","3.88704","1.01206","1","3.93391","3.93391","1","Tolerable"
"16649","2","12","Layer 1","19","Infrared Camera System","T0809","ATT&CK","Inhibit Response Function","2.51515","1.01206","1","2.54548","2.54548","1","Tolerable"
"16388","2","12","Layer 1","19","Infrared Camera System","T0814","ATT&CK","Inhibit Response Function","2.51515","1.01206","0.75","2.54548","1.90911","1","Tolerable"
"17311","2","12","Layer 1","19","Infrared Camera System","TID-101","EMB3D","Power Consumption Analysis Side Channel","3.88704","0.384","1","1.49262","1.49262","1","Tolerable"
"17344","2","12","Layer 1","19","Infrared Camera System","TID-102","EMB3D","Electromagnetic Analysis Side Channel","3.88704","0.384","1","1.49262","1.49262","1","Tolerable"
"16293","2","12","Layer 1","19","Infrared Camera System","T0803","ATT&CK","Inhibit Response Function","1.43723","1.01206","1","1.45456","1.45456","1","Tolerable"
"16415","2","12","Layer 1","19","Infrared Camera System","T0805","ATT&CK","Inhibit Response Function","1.43723","1.01206","1","1.45456","1.45456","1","Tolerable"
"16614","2","12","Layer 1","19","Infrared Camera System","T0804","ATT&CK","Inhibit Response Function","1.43723","1.01206","1","1.45456","1.45456","1","Tolerable"
"17487","2","12","Layer 1","19","Infrared Camera System","TID-118","EMB3D","Weak Peripheral Port Electrical Damage Protection","3.88704","0.245057","1","0.952547","0.952547","1","Tolerable"
"17017","2","12","Layer 1","19","Infrared Camera System","T0891","ATT&CK","Persistence","3.88704","0.208","1","0.808504","0.808504","1","Tolerable"
"17441","2","12","Layer 1","19","Infrared Camera System","TID-111","EMB3D","Untrusted External Storage","3.88704","0.208","1","0.808504","0.808504","1","Tolerable"
"17454","2","12","Layer 1","19","Infrared Camera System","TID-113","EMB3D","Unverified Peripheral Firmware Loaded","3.88704","0.208","1","0.808504","0.808504","1","Tolerable"
"16335","2","12","Layer 1","19","Infrared Camera System","T0887","ATT&CK","Collection","3.88704","0.200242","1","0.77835","0.77835","1","Tolerable"
"16522","2","12","Layer 1","19","Infrared Camera System","T0801","ATT&CK","Collection","3.88704","0.200242","1","0.77835","0.77835","1","Tolerable"
"17470","2","12","Layer 1","19","Infrared Camera System","TID-114","EMB3D","Peripheral Data Bus Interception","3.88704","0.176","1","0.684119","0.684119","1","Tolerable"
"17711","2","12","Layer 1","19","Infrared Camera System","TID-408","EMB3D","Unencrypted Sensitive Data Communication","2.83525","0.208","1","0.589732","0.589732","1","Tolerable"
"17067","2","12","Layer 1","19","Infrared Camera System","T0859","ATT&CK","Persistence","2.51515","0.208","1","0.523151","0.523151","1","Tolerable"
"17376","2","12","Layer 1","19","Infrared Camera System","TID-103","EMB3D","Microarchitectural Side Channels","1.18175","0.384","1","0.453792","0.453792","1","Tolerable"
"16861","2","12","Layer 1","19","Infrared Camera System","T0830","ATT&CK","Collection","1.43723","0.200242","1","0.287794","0.287794","1","Tolerable"
"17409","2","12","Layer 1","19","Infrared Camera System","TID-105","EMB3D","Hardware Fault Injection – Control Flow Modification","1.18175","0.213057","1","0.25178","0.25178","1","Tolerable"
"17659","2","12","Layer 1","19","Infrared Camera System","TID-406","EMB3D","Unauthorized Messages or Connections","1.83458","0.176","0.5","0.322886","0.161443","1","Tolerable"
"16334","2","12","Layer 1","19","Infrared Camera System","T0887","ATT&CK","Discovery","3.88704","0.0242424","1","0.0942312","0.0942312","1","Tolerable"
"16487","2","12","Layer 1","19","Infrared Camera System","T0860","ATT&CK","Initial Access","3.88704","0.0242424","1","0.0942312","0.0942312","1","Tolerable"
"16814","2","12","Layer 1","19","Infrared Camera System","T0812","ATT&CK","Lateral Movement","3.88704","0.0242424","1","0.0942312","0.0942312","1","Tolerable"
"17016","2","12","Layer 1","19","Infrared Camera System","T0891","ATT&CK","Lateral Movement","3.88704","0.0242424","1","0.0942312","0.0942312","1","Tolerable"
"17066","2","12","Layer 1","19","Infrared Camera System","T0859","ATT&CK","Lateral Movement","2.51515","0.0242424","1","0.0609733","0.0609733","1","Tolerable"
"16715","2","12","Layer 1","19","Infrared Camera System","T0862","ATT&CK","Initial Access","1.43723","0.0242424","1","0.0348419","0.0348419","1","Tolerable"
"16991","2","12","Layer 1","19","Infrared Camera System","T0847","ATT&CK","Initial Access","0.914598","0.0242424","1","0.0221721","0.0221721","1","Tolerable"
"16395","2","12","Layer 2","29","Internal Data Pipeline / Integration Module","T0814","ATT&CK","Inhibit Response Function","2.51515","1.91484","1","4.81612","4.81612","1","Tolerable"
"16654","2","12","Layer 2","29","Internal Data Pipeline / Integration Module","T0809","ATT&CK","Inhibit Response Function","2.51515","1.91484","1","4.81612","4.81612","1","Tolerable"
"17506","2","12","Layer 2","29","Internal Data Pipeline / Integration Module","TID-222","EMB3D","Critical System Service May Be Disabled","3.88704","1.18884","1","4.62108","4.62108","1","Tolerable"
"17614","2","12","Layer 2","29","Internal Data Pipeline / Integration Module","TID-404","EMB3D","Remotely Triggerable Deadlock/DoS","3.88704","1.18884","1","4.62108","4.62108","1","Tolerable"
"17239","2","12","Layer 2","29","Internal Data Pipeline / Integration Module","T0892","ATT&CK","Inhibit Response Function","2.22117","1.91484","1","4.25319","4.25319","1","Tolerable"
"16370","2","12","Layer 2","29","Internal Data Pipeline / Integration Module","T0800","ATT&CK","Inhibit Response Function","3.88704","1.91484","0.5","7.44307","3.72154","1","Tolerable"
"16485","2","12","Layer 2","29","Internal Data Pipeline / Integration Module","T0816","ATT&CK","Inhibit Response Function","3.88704","1.91484","0.5","7.44307","3.72154","1","Tolerable"
"17320","2","12","Layer 2","29","Internal Data Pipeline / Integration Module","TID-101","EMB3D","Power Consumption Analysis Side Channel","3.88704","0.864","1","3.3584","3.3584","1","Tolerable"
"17352","2","12","Layer 2","29","Internal Data Pipeline / Integration Module","TID-102","EMB3D","Electromagnetic Analysis Side Channel","3.88704","0.864","1","3.3584","3.3584","1","Tolerable"
"16442","2","12","Layer 2","29","Internal Data Pipeline / Integration Module","T0807","ATT&CK","Execution","2.51515","1.21333","1","3.0517","3.0517","1","Tolerable"
"16544","2","12","Layer 2","29","Internal Data Pipeline / Integration Module","T0853","ATT&CK","Execution","2.51515","1.21333","1","3.0517","3.0517","1","Tolerable"
"16900","2","12","Layer 2","29","Internal Data Pipeline / Integration Module","T0823","ATT&CK","Execution","2.51515","1.21333","1","3.0517","3.0517","1","Tolerable"
"16622","2","12","Layer 2","29","Internal Data Pipeline / Integration Module","T0804","ATT&CK","Inhibit Response Function","1.43723","1.91484","1","2.75207","2.75207","1","Tolerable"
"16317","2","12","Layer 2","29","Internal Data Pipeline / Integration Module","T0881","ATT&CK","Inhibit Response Function","2.51515","1.91484","0.5","4.81612","2.40806","1","Tolerable"
"16754","2","12","Layer 2","29","Internal Data Pipeline / Integration Module","T0856","ATT&CK","Impair Process Control","2.51515","1.91484","0.5","4.81612","2.40806","1","Tolerable"
"16529","2","12","Layer 2","29","Internal Data Pipeline / Integration Module","T0801","ATT&CK","Collection","3.88704","0.488485","1","1.89876","1.89876","1","Tolerable"
"17527","2","12","Layer 2","29","Internal Data Pipeline / Integration Module","TID-301","EMB3D","Applications Binaries Modified","3.88704","0.953843","0.5","3.70763","1.85381","1","Tolerable"
"16693","2","12","Layer 2","29","Internal Data Pipeline / Integration Module","T0871","ATT&CK","Execution","1.43723","1.21333","1","1.74383","1.74383","1","Tolerable"
"16921","2","12","Layer 2","29","Internal Data Pipeline / Integration Module","T0834","ATT&CK","Execution","1.43723","1.21333","1","1.74383","1.74383","1","Tolerable"
"17568","2","12","Layer 2","29","Internal Data Pipeline / Integration Module","TID-326","EMB3D","Insecure Deserialization","3.88704","0.424","1","1.6481","1.6481","1","Tolerable"
"17594","2","12","Layer 2","29","Internal Data Pipeline / Integration Module","TID-401","EMB3D","Undocumented Protocol Features","3.88704","0.424","1","1.6481","1.6481","1","Tolerable"
"16426","2","12","Layer 2","29","Internal Data Pipeline / Integration Module","T0805","ATT&CK","Inhibit Response Function","1.43723","1.91484","0.5","2.75207","1.37603","1","Tolerable"
"16959","2","12","Layer 2","29","Internal Data Pipeline / Integration Module","T0857","ATT&CK","Inhibit Response Function","1.43723","1.91484","0.5","2.75207","1.37603","1","Tolerable"
"17717","2","12","Layer 2","29","Internal Data Pipeline / Integration Module","TID-408","EMB3D","Unencrypted Sensitive Data Communication","2.83525","0.424","1","1.20215","1.20215","1","Tolerable"
"16674","2","12","Layer 2","29","Internal Data Pipeline / Integration Module","T0872","ATT&CK","Evasion","2.51515","0.424","1","1.06642","1.06642","1","Tolerable"
"17084","2","12","Layer 2","29","Internal Data Pipeline / Integration Module","T0859","ATT&CK","Persistence","2.51515","0.424","1","1.06642","1.06642","1","Tolerable"
"17384","2","12","Layer 2","29","Internal Data Pipeline / Integration Module","TID-103","EMB3D","Microarchitectural Side Channels","1.18175","0.864","1","1.02103","1.02103","1","Tolerable"
"17728","2","12","Layer 2","29","Internal Data Pipeline / Integration Module","TID-412","EMB3D","Network Routing Capability Abuse","2.83525","0.424","0.75","1.20215","0.901609","1","Tolerable"
"17417","2","12","Layer 2","29","Internal Data Pipeline / Integration Module","TID-105","EMB3D","Hardware Fault Injection – Control Flow Modification","1.18175","0.529843","1","0.626142","0.626142","1","Tolerable"
"16885","2","12","Layer 2","29","Internal Data Pipeline / Integration Module","T0820","ATT&CK","Evasion","1.43723","0.424","1","0.609385","0.609385","1","Tolerable"
"16965","2","12","Layer 2","29","Internal Data Pipeline / Integration Module","T0849","ATT&CK","Evasion","1.43723","0.424","1","0.609385","0.609385","1","Tolerable"
"17095","2","12","Layer 2","29","Internal Data Pipeline / Integration Module","T0890","ATT&CK","Privilege Escalation","1.43723","0.424","1","0.609385","0.609385","1","Tolerable"
"16753","2","12","Layer 2","29","Internal Data Pipeline / Integration Module","T0856","ATT&CK","Evasion","2.51515","0.424","0.5","1.06642","0.533212","1","Tolerable"
"17556","2","12","Layer 2","29","Internal Data Pipeline / Integration Module","TID-310","EMB3D","Remotely Accessible Unauthenticated Services","3.88704","0.424","0.25","1.6481","0.412026","1","Tolerable"
"16868","2","12","Layer 2","29","Internal Data Pipeline / Integration Module","T0830","ATT&CK","Collection","1.43723","0.488485","0.5","0.702065","0.351033","1","Tolerable"
"16960","2","12","Layer 2","29","Internal Data Pipeline / Integration Module","T0857","ATT&CK","Persistence","1.43723","0.424","0.5","0.609385","0.304693","1","Tolerable"
"17668","2","12","Layer 2","29","Internal Data Pipeline / Integration Module","TID-406","EMB3D","Unauthorized Messages or Connections","1.83458","0.44","0.25","0.807215","0.201804","1","Tolerable"
"17686","2","12","Layer 2","29","Internal Data Pipeline / Integration Module","TID-407","EMB3D","Missing Message Replay Protection","0.914598","0.424","0.5","0.38779","0.193895","1","Tolerable"
"16823","2","12","Layer 2","29","Internal Data Pipeline / Integration Module","T0812","ATT&CK","Lateral Movement","3.88704","0.0484849","1","0.188463","0.188463","1","Tolerable"
"17123","2","12","Layer 2","29","Internal Data Pipeline / Integration Module","T0884","ATT&CK","Command and Control","3.88704","0.0484849","1","0.188463","0.188463","1","Tolerable"
"17632","2","12","Layer 2","29","Internal Data Pipeline / Integration Module","TID-405","EMB3D","Network Stack Resource Exhaustion","2.83525","0.0484849","1","0.137467","0.137467","1","Tolerable"
"16564","2","12","Layer 2","29","Internal Data Pipeline / Integration Module","T0888","ATT&CK","Discovery","2.51515","0.0484849","1","0.121947","0.121947","1","Tolerable"
"17083","2","12","Layer 2","29","Internal Data Pipeline / Integration Module","T0859","ATT&CK","Lateral Movement","2.51515","0.0484849","1","0.121947","0.121947","1","Tolerable"
"17111","2","12","Layer 2","29","Internal Data Pipeline / Integration Module","T0846","ATT&CK","Discovery","2.51515","0.0484849","1","0.121947","0.121947","1","Tolerable"
"17210","2","12","Layer 2","29","Internal Data Pipeline / Integration Module","T0840","ATT&CK","Discovery","2.51515","0.0484849","1","0.121947","0.121947","1","Tolerable"
"16801","2","12","Layer 2","29","Internal Data Pipeline / Integration Module","T0866","ATT&CK","Lateral Movement","3.88704","0.0484849","0.5","0.188463","0.0942313","1","Tolerable"
"16802","2","12","Layer 2","29","Internal Data Pipeline / Integration Module","T0866","ATT&CK","Initial Access","3.88704","0.0484849","0.5","0.188463","0.0942313","1","Tolerable"
"17141","2","12","Layer 2","29","Internal Data Pipeline / Integration Module","T0869","ATT&CK","Command and Control","3.88704","0.0484849","0.5","0.188463","0.0942313","1","Tolerable"
"17191","2","12","Layer 2","29","Internal Data Pipeline / Integration Module","T0885","ATT&CK","Command and Control","3.88704","0.0484849","0.5","0.188463","0.0942313","1","Tolerable"
"16723","2","12","Layer 2","29","Internal Data Pipeline / Integration Module","T0862","ATT&CK","Initial Access","1.43723","0.0484849","1","0.0696839","0.0696839","1","Tolerable"
"16593","2","12","Layer 2","29","Internal Data Pipeline / Integration Module","T0842","ATT&CK","Discovery","2.51515","0.0484849","0.5","0.121947","0.0609734","1","Tolerable"
"16829","2","12","Layer 2","29","Internal Data Pipeline / Integration Module","T0822","ATT&CK","Initial Access","2.22117","0.0484849","0.5","0.107693","0.0538466","1","Tolerable"
"16997","2","12","Layer 2","29","Internal Data Pipeline / Integration Module","T0847","ATT&CK","Initial Access","0.914598","0.0484849","1","0.0443442","0.0443442","1","Tolerable"
"17178","2","12","Layer 2","29","Internal Data Pipeline / Integration Module","T0886","ATT&CK","Lateral Movement","1.43723","0.0484849","0.5","0.0696839","0.034842","1","Tolerable"
"17179","2","12","Layer 2","29","Internal Data Pipeline / Integration Module","T0886","ATT&CK","Initial Access","1.43723","0.0484849","0.5","0.0696839","0.034842","1","Tolerable"
"16357","2","12","Layer 1","17","LiDAR","T0800","ATT&CK","Inhibit Response Function","3.88704","1.01206","1","3.93391","3.93391","1","Tolerable"
"16466","2","12","Layer 1","17","LiDAR","T0816","ATT&CK","Inhibit Response Function","3.88704","1.01206","1","3.93391","3.93391","1","Tolerable"
"16645","2","12","Layer 1","17","LiDAR","T0809","ATT&CK","Inhibit Response Function","2.51515","1.01206","1","2.54548","2.54548","1","Tolerable"
"16385","2","12","Layer 1","17","LiDAR","T0814","ATT&CK","Inhibit Response Function","2.51515","1.01206","0.75","2.54548","1.90911","1","Tolerable"
"16289","2","12","Layer 1","17","LiDAR","T0803","ATT&CK","Inhibit Response Function","1.43723","1.01206","1","1.45456","1.45456","1","Tolerable"
"16412","2","12","Layer 1","17","LiDAR","T0805","ATT&CK","Inhibit Response Function","1.43723","1.01206","1","1.45456","1.45456","1","Tolerable"
"16612","2","12","Layer 1","17","LiDAR","T0804","ATT&CK","Inhibit Response Function","1.43723","1.01206","1","1.45456","1.45456","1","Tolerable"
"17486","2","12","Layer 1","17","LiDAR","TID-118","EMB3D","Weak Peripheral Port Electrical Damage Protection","3.88704","0.197057","1","0.765969","0.765969","1","Tolerable"
"17313","2","12","Layer 1","17","LiDAR","TID-101","EMB3D","Power Consumption Analysis Side Channel","3.88704","0.168","1","0.653023","0.653023","1","Tolerable"
"17342","2","12","Layer 1","17","LiDAR","TID-102","EMB3D","Electromagnetic Analysis Side Channel","3.88704","0.168","1","0.653023","0.653023","1","Tolerable"
"17007","2","12","Layer 1","17","LiDAR","T0891","ATT&CK","Persistence","3.88704","0.16","1","0.621926","0.621926","1","Tolerable"
"17437","2","12","Layer 1","17","LiDAR","TID-111","EMB3D","Untrusted External Storage","3.88704","0.16","1","0.621926","0.621926","1","Tolerable"
"17455","2","12","Layer 1","17","LiDAR","TID-113","EMB3D","Unverified Peripheral Firmware Loaded","3.88704","0.16","1","0.621926","0.621926","1","Tolerable"
"17709","2","12","Layer 1","17","LiDAR","TID-408","EMB3D","Unencrypted Sensitive Data Communication","2.83525","0.16","1","0.45364","0.45364","1","Tolerable"
"17055","2","12","Layer 1","17","LiDAR","T0859","ATT&CK","Persistence","2.51515","0.16","1","0.402424","0.402424","1","Tolerable"
"17375","2","12","Layer 1","17","LiDAR","TID-103","EMB3D","Microarchitectural Side Channels","1.18175","0.168","1","0.198534","0.198534","1","Tolerable"
"16331","2","12","Layer 1","17","LiDAR","T0887","ATT&CK","Collection","3.88704","0.0322424","1","0.125327","0.125327","1","Tolerable"
"16521","2","12","Layer 1","17","LiDAR","T0801","ATT&CK","Collection","3.88704","0.0322424","1","0.125327","0.125327","1","Tolerable"
"16330","2","12","Layer 1","17","LiDAR","T0887","ATT&CK","Discovery","3.88704","0.0242424","1","0.0942312","0.0942312","1","Tolerable"
"16482","2","12","Layer 1","17","LiDAR","T0860","ATT&CK","Initial Access","3.88704","0.0242424","1","0.0942312","0.0942312","1","Tolerable"
"16813","2","12","Layer 1","17","LiDAR","T0812","ATT&CK","Lateral Movement","3.88704","0.0242424","1","0.0942312","0.0942312","1","Tolerable"
"17006","2","12","Layer 1","17","LiDAR","T0891","ATT&CK","Lateral Movement","3.88704","0.0242424","1","0.0942312","0.0942312","1","Tolerable"
"17054","2","12","Layer 1","17","LiDAR","T0859","ATT&CK","Lateral Movement","2.51515","0.0242424","1","0.0609733","0.0609733","1","Tolerable"
"17404","2","12","Layer 1","17","LiDAR","TID-105","EMB3D","Hardware Fault Injection – Control Flow Modification","1.18175","0.0450572","1","0.0532463","0.0532463","1","Tolerable"
"16850","2","12","Layer 1","17","LiDAR","T0830","ATT&CK","Collection","1.43723","0.0322424","1","0.0463397","0.0463397","1","Tolerable"
"16710","2","12","Layer 1","17","LiDAR","T0862","ATT&CK","Initial Access","1.43723","0.0242424","1","0.0348419","0.0348419","1","Tolerable"
"17467","2","12","Layer 1","17","LiDAR","TID-114","EMB3D","Peripheral Data Bus Interception","3.88704","0.008","1","0.0310963","0.0310963","1","Tolerable"
"16988","2","12","Layer 1","17","LiDAR","T0847","ATT&CK","Initial Access","0.914598","0.0242424","1","0.0221721","0.0221721","1","Tolerable"
"17652","2","12","Layer 1","17","LiDAR","TID-406","EMB3D","Unauthorized Messages or Connections","1.83458","0.008","0.5","0.0146766","0.00733832","1","Tolerable"
"17519","2","12","Layer 2","27","Machine Learning and Adaptive Algorithm Module","TID-222","EMB3D","Critical System Service May Be Disabled","3.88704","1.7248","1","6.70436","6.70436","0","Non-tolerable"
"17616","2","12","Layer 2","27","Machine Learning and Adaptive Algorithm Module","TID-404","EMB3D","Remotely Triggerable Deadlock/DoS","3.88704","1.7248","1","6.70436","6.70436","0","Non-tolerable"
"17532","2","12","Layer 2","27","Machine Learning and Adaptive Algorithm Module","TID-301","EMB3D","Applications Binaries Modified","3.88704","1.4898","1","5.79091","5.79091","1","Tolerable"
"17332","2","12","Layer 2","27","Machine Learning and Adaptive Algorithm Module","TID-101","EMB3D","Power Consumption Analysis Side Channel","3.88704","1","1","3.88704","3.88704","1","Tolerable"
"17366","2","12","Layer 2","27","Machine Learning and Adaptive Algorithm Module","TID-102","EMB3D","Electromagnetic Analysis Side Channel","3.88704","1","1","3.88704","3.88704","1","Tolerable"
"17474","2","12","Layer 2","27","Machine Learning and Adaptive Algorithm Module","TID-113","EMB3D","Unverified Peripheral Firmware Loaded","3.88704","0.56","1","2.17674","2.17674","1","Tolerable"
"17551","2","12","Layer 2","27","Machine Learning and Adaptive Algorithm Module","TID-302","EMB3D","Install Untrusted Application","3.88704","0.56","1","2.17674","2.17674","1","Tolerable"
"17565","2","12","Layer 2","27","Machine Learning and Adaptive Algorithm Module","TID-310","EMB3D","Remotely Accessible Unauthenticated Services","3.88704","0.56","1","2.17674","2.17674","1","Tolerable"
"17578","2","12","Layer 2","27","Machine Learning and Adaptive Algorithm Module","TID-326","EMB3D","Insecure Deserialization","3.88704","0.56","1","2.17674","2.17674","1","Tolerable"
"17600","2","12","Layer 2","27","Machine Learning and Adaptive Algorithm Module","TID-401","EMB3D","Undocumented Protocol Features","3.88704","0.56","1","2.17674","2.17674","1","Tolerable"
"17492","2","12","Layer 2","27","Machine Learning and Adaptive Algorithm Module","TID-114","EMB3D","Peripheral Data Bus Interception","3.88704","0.44","1","1.7103","1.7103","1","Tolerable"
"17732","2","12","Layer 2","27","Machine Learning and Adaptive Algorithm Module","TID-408","EMB3D","Unencrypted Sensitive Data Communication","2.83525","0.56","1","1.58774","1.58774","1","Tolerable"
"17393","2","12","Layer 2","27","Machine Learning and Adaptive Algorithm Module","TID-103","EMB3D","Microarchitectural Side Channels","1.18175","1","1","1.18175","1.18175","1","Tolerable"
"17433","2","12","Layer 2","27","Machine Learning and Adaptive Algorithm Module","TID-105","EMB3D","Hardware Fault Injection – Control Flow Modification","1.18175","0.929799","1","1.09879","1.09879","1","Tolerable"
"17681","2","12","Layer 2","27","Machine Learning and Adaptive Algorithm Module","TID-406","EMB3D","Unauthorized Messages or Connections","1.83458","0.44","1","0.807215","0.807215","1","Tolerable"
"17284","2","12","Layer 2","27","Machine Learning and Adaptive Algorithm Module","AML.T0015","ATLAS","Defense Evasion","2.22117","0.56","0.5","1.24386","0.621928","1","Tolerable"
"17698","2","12","Layer 2","27","Machine Learning and Adaptive Algorithm Module","TID-407","EMB3D","Missing Message Replay Protection","0.914598","0.56","1","0.512175","0.512175","1","Tolerable"
"17636","2","12","Layer 2","27","Machine Learning and Adaptive Algorithm Module","TID-405","EMB3D","Network Stack Resource Exhaustion","2.83525","0.0969696","1","0.274933","0.274933","1","Tolerable"
"17254","2","12","Layer 2","27","Machine Learning and Adaptive Algorithm Module","AML.T0010.002","ATLAS","Initial Access","1.62015","0.0969696","1","0.157105","0.157105","1","Tolerable"
"17283","2","12","Layer 2","27","Machine Learning and Adaptive Algorithm Module","AML.T0015","ATLAS","Initial Access","2.22117","0.0969696","0.5","0.215386","0.107693","1","Tolerable"
"17285","2","12","Layer 2","27","Machine Learning and Adaptive Algorithm Module","AML.T0015","ATLAS","Evade ML Model","2.22117","0.0969696","0.5","0.215386","0.107693","1","Tolerable"
"17255","2","12","Layer 2","27","Machine Learning and Adaptive Algorithm Module","AML.T0010.003","ATLAS","Initial Access","3.88704","0.0969696","0.25","0.376925","0.0942312","1","Tolerable"
"17253","2","12","Layer 2","27","Machine Learning and Adaptive Algorithm Module","AML.T0010.001","ATLAS","Initial Access","1.62015","0.0969696","0.25","0.157105","0.0392763","1","Tolerable"
"17252","2","12","Layer 2","27","Machine Learning and Adaptive Algorithm Module","AML.T0010","ATLAS","Initial Access","0.514634","0.0969696","0.25","0.0499039","0.012476","1","Tolerable"
"17495","2","12","Layer 1","6","Navigation Data Integration Tool","TID-222","EMB3D","Critical System Service May Be Disabled","3.88704","1.4712","1","5.71863","5.71863","1","Tolerable"
"17601","2","12","Layer 1","6","Navigation Data Integration Tool","TID-404","EMB3D","Remotely Triggerable Deadlock/DoS","3.88704","1.4712","1","5.71863","5.71863","1","Tolerable"
"16374","2","12","Layer 1","6","Navigation Data Integration Tool","T0814","ATT&CK","Inhibit Response Function","2.51515","2.1092","1","5.30496","5.30496","1","Tolerable"
"16637","2","12","Layer 1","6","Navigation Data Integration Tool","T0809","ATT&CK","Inhibit Response Function","2.51515","2.1092","1","5.30496","5.30496","1","Tolerable"
"17230","2","12","Layer 1","6","Navigation Data Integration Tool","T0892","ATT&CK","Inhibit Response Function","2.22117","2.1092","1","4.6849","4.6849","1","Tolerable"
"17300","2","12","Layer 1","6","Navigation Data Integration Tool","TID-101","EMB3D","Power Consumption Analysis Side Channel","3.88704","1.128","1","4.38458","4.38458","1","Tolerable"
"17329","2","12","Layer 1","6","Navigation Data Integration Tool","TID-102","EMB3D","Electromagnetic Analysis Side Channel","3.88704","1.128","1","4.38458","4.38458","1","Tolerable"
"16351","2","12","Layer 1","6","Navigation Data Integration Tool","T0800","ATT&CK","Inhibit Response Function","3.88704","2.1092","0.5","8.19856","4.09928","1","Tolerable"
"16456","2","12","Layer 1","6","Navigation Data Integration Tool","T0816","ATT&CK","Inhibit Response Function","3.88704","2.1092","0.5","8.19856","4.09928","1","Tolerable"
"16431","2","12","Layer 1","6","Navigation Data Integration Tool","T0807","ATT&CK","Execution","2.51515","1.38345","1","3.47958","3.47958","1","Tolerable"
"16531","2","12","Layer 1","6","Navigation Data Integration Tool","T0853","ATT&CK","Execution","2.51515","1.38345","1","3.47958","3.47958","1","Tolerable"
"16887","2","12","Layer 1","6","Navigation Data Integration Tool","T0823","ATT&CK","Execution","2.51515","1.38345","1","3.47958","3.47958","1","Tolerable"
"16601","2","12","Layer 1","6","Navigation Data Integration Tool","T0804","ATT&CK","Inhibit Response Function","1.43723","2.1092","1","3.03141","3.03141","1","Tolerable"
"17511","2","12","Layer 1","6","Navigation Data Integration Tool","TID-301","EMB3D","Applications Binaries Modified","3.88704","1.4122","0.5","5.48929","2.74465","1","Tolerable"
"16302","2","12","Layer 1","6","Navigation Data Integration Tool","T0881","ATT&CK","Inhibit Response Function","2.51515","2.1092","0.5","5.30496","2.65248","1","Tolerable"
"16732","2","12","Layer 1","6","Navigation Data Integration Tool","T0856","ATT&CK","Impair Process Control","2.51515","2.1092","0.5","5.30496","2.65248","1","Tolerable"
"16513","2","12","Layer 1","6","Navigation Data Integration Tool","T0801","ATT&CK","Collection","3.88704","0.640242","1","2.48865","2.48865","1","Tolerable"
"17581","2","12","Layer 1","6","Navigation Data Integration Tool","TID-401","EMB3D","Undocumented Protocol Features","3.88704","0.512","1","1.99016","1.99016","1","Tolerable"
"16680","2","12","Layer 1","6","Navigation Data Integration Tool","T0871","ATT&CK","Execution","1.43723","1.38345","1","1.98833","1.98833","1","Tolerable"
"16910","2","12","Layer 1","6","Navigation Data Integration Tool","T0834","ATT&CK","Execution","1.43723","1.38345","1","1.98833","1.98833","1","Tolerable"
"16401","2","12","Layer 1","6","Navigation Data Integration Tool","T0805","ATT&CK","Inhibit Response Function","1.43723","2.1092","0.5","3.03141","1.51571","1","Tolerable"
"16929","2","12","Layer 1","6","Navigation Data Integration Tool","T0857","ATT&CK","Inhibit Response Function","1.43723","2.1092","0.5","3.03141","1.51571","1","Tolerable"
"17694","2","12","Layer 1","6","Navigation Data Integration Tool","TID-408","EMB3D","Unencrypted Sensitive Data Communication","2.83525","0.512","1","1.45165","1.45165","1","Tolerable"
"17358","2","12","Layer 1","6","Navigation Data Integration Tool","TID-103","EMB3D","Microarchitectural Side Channels","1.18175","1.128","1","1.33301","1.33301","1","Tolerable"
"16664","2","12","Layer 1","6","Navigation Data Integration Tool","T0872","ATT&CK","Evasion","2.51515","0.512","1","1.28776","1.28776","1","Tolerable"
"17027","2","12","Layer 1","6","Navigation Data Integration Tool","T0859","ATT&CK","Persistence","2.51515","0.512","1","1.28776","1.28776","1","Tolerable"
"17723","2","12","Layer 1","6","Navigation Data Integration Tool","TID-412","EMB3D","Network Routing Capability Abuse","2.83525","0.512","0.75","1.45165","1.08874","1","Tolerable"
"17391","2","12","Layer 1","6","Navigation Data Integration Tool","TID-105","EMB3D","Hardware Fault Injection – Control Flow Modification","1.18175","0.900204","1","1.06382","1.06382","1","Tolerable"
"16869","2","12","Layer 1","6","Navigation Data Integration Tool","T0820","ATT&CK","Evasion","1.43723","0.512","1","0.735862","0.735862","1","Tolerable"
"16944","2","12","Layer 1","6","Navigation Data Integration Tool","T0849","ATT&CK","Evasion","1.43723","0.512","1","0.735862","0.735862","1","Tolerable"
"17073","2","12","Layer 1","6","Navigation Data Integration Tool","T0890","ATT&CK","Privilege Escalation","1.43723","0.512","1","0.735862","0.735862","1","Tolerable"
"16731","2","12","Layer 1","6","Navigation Data Integration Tool","T0856","ATT&CK","Evasion","2.51515","0.512","0.5","1.28776","0.643878","1","Tolerable"
"17538","2","12","Layer 1","6","Navigation Data Integration Tool","TID-310","EMB3D","Remotely Accessible Unauthenticated Services","3.88704","0.512","0.25","1.99016","0.497541","1","Tolerable"
"16847","2","12","Layer 1","6","Navigation Data Integration Tool","T0830","ATT&CK","Collection","1.43723","0.640242","0.5","0.920176","0.460088","1","Tolerable"
"16930","2","12","Layer 1","6","Navigation Data Integration Tool","T0857","ATT&CK","Persistence","1.43723","0.512","0.5","0.735862","0.367931","1","Tolerable"
"17644","2","12","Layer 1","6","Navigation Data Integration Tool","TID-406","EMB3D","Unauthorized Messages or Connections","1.83458","0.616","0.25","1.1301","0.282525","1","Tolerable"
"17672","2","12","Layer 1","6","Navigation Data Integration Tool","TID-407","EMB3D","Missing Message Replay Protection","0.914598","0.512","0.5","0.468274","0.234137","1","Tolerable"
"16783","2","12","Layer 1","6","Navigation Data Integration Tool","T0812","ATT&CK","Lateral Movement","3.88704","0.0242424","1","0.0942312","0.0942312","1","Tolerable"
"17626","2","12","Layer 1","6","Navigation Data Integration Tool","TID-405","EMB3D","Network Stack Resource Exhaustion","2.83525","0.0242424","1","0.0687333","0.0687333","1","Tolerable"
"16547","2","12","Layer 1","6","Navigation Data Integration Tool","T0888","ATT&CK","Discovery","2.51515","0.0242424","1","0.0609733","0.0609733","1","Tolerable"
"17026","2","12","Layer 1","6","Navigation Data Integration Tool","T0859","ATT&CK","Lateral Movement","2.51515","0.0242424","1","0.0609733","0.0609733","1","Tolerable"
"17098","2","12","Layer 1","6","Navigation Data Integration Tool","T0846","ATT&CK","Discovery","2.51515","0.0242424","1","0.0609733","0.0609733","1","Tolerable"
"17203","2","12","Layer 1","6","Navigation Data Integration Tool","T0840","ATT&CK","Discovery","2.51515","0.0242424","1","0.0609733","0.0609733","1","Tolerable"
"16763","2","12","Layer 1","6","Navigation Data Integration Tool","T0866","ATT&CK","Lateral Movement","3.88704","0.0242424","0.5","0.0942312","0.0471156","1","Tolerable"
"16764","2","12","Layer 1","6","Navigation Data Integration Tool","T0866","ATT&CK","Initial Access","3.88704","0.0242424","0.5","0.0942312","0.0471156","1","Tolerable"
"17130","2","12","Layer 1","6","Navigation Data Integration Tool","T0869","ATT&CK","Command and Control","3.88704","0.0242424","0.5","0.0942312","0.0471156","1","Tolerable"
"17175","2","12","Layer 1","6","Navigation Data Integration Tool","T0885","ATT&CK","Command and Control","3.88704","0.0242424","0.5","0.0942312","0.0471156","1","Tolerable"
"16702","2","12","Layer 1","6","Navigation Data Integration Tool","T0862","ATT&CK","Initial Access","1.43723","0.0242424","1","0.0348419","0.0348419","1","Tolerable"
"16578","2","12","Layer 1","6","Navigation Data Integration Tool","T0842","ATT&CK","Discovery","2.51515","0.0242424","0.5","0.0609733","0.0304866","1","Tolerable"
"16828","2","12","Layer 1","6","Navigation Data Integration Tool","T0822","ATT&CK","Initial Access","2.22117","0.0242424","0.5","0.0538465","0.0269232","1","Tolerable"
"16978","2","12","Layer 1","6","Navigation Data Integration Tool","T0847","ATT&CK","Initial Access","0.914598","0.0242424","1","0.0221721","0.0221721","1","Tolerable"
"17147","2","12","Layer 1","6","Navigation Data Integration Tool","T0886","ATT&CK","Lateral Movement","1.43723","0.0242424","0.5","0.0348419","0.017421","1","Tolerable"
"17148","2","12","Layer 1","6","Navigation Data Integration Tool","T0886","ATT&CK","Initial Access","1.43723","0.0242424","0.5","0.0348419","0.017421","1","Tolerable"
"16376","2","12","Layer 3","35","Navigation Support and Situational Awareness Module","T0800","ATT&CK","Inhibit Response Function","3.88704","2.1134","1","8.21487","8.21487","0","Non-tolerable"
"16481","2","12","Layer 3","35","Navigation Support and Situational Awareness Module","T0816","ATT&CK","Inhibit Response Function","3.88704","2.1134","1","8.21487","8.21487","0","Non-tolerable"
"17509","2","12","Layer 3","35","Navigation Support and Situational Awareness Module","TID-222","EMB3D","Critical System Service May Be Disabled","3.88704","1.4994","1","5.82822","5.82822","1","Tolerable"
"17621","2","12","Layer 3","35","Navigation Support and Situational Awareness Module","TID-404","EMB3D","Remotely Triggerable Deadlock/DoS","3.88704","1.4994","1","5.82822","5.82822","1","Tolerable"
"16320","2","12","Layer 3","35","Navigation Support and Situational Awareness Module","T0881","ATT&CK","Inhibit Response Function","2.51515","2.1134","1","5.31552","5.31552","1","Tolerable"
"16399","2","12","Layer 3","35","Navigation Support and Situational Awareness Module","T0814","ATT&CK","Inhibit Response Function","2.51515","2.1134","1","5.31552","5.31552","1","Tolerable"
"16660","2","12","Layer 3","35","Navigation Support and Situational Awareness Module","T0809","ATT&CK","Inhibit Response Function","2.51515","2.1134","1","5.31552","5.31552","1","Tolerable"
"16762","2","12","Layer 3","35","Navigation Support and Situational Awareness Module","T0856","ATT&CK","Impair Process Control","2.51515","2.1134","1","5.31552","5.31552","1","Tolerable"
"17530","2","12","Layer 3","35","Navigation Support and Situational Awareness Module","TID-301","EMB3D","Applications Binaries Modified","3.88704","1.3524","1","5.25683","5.25683","1","Tolerable"
"17323","2","12","Layer 3","35","Navigation Support and Situational Awareness Module","TID-101","EMB3D","Power Consumption Analysis Side Channel","3.88704","1.064","1","4.13581","4.13581","1","Tolerable"
"17356","2","12","Layer 3","35","Navigation Support and Situational Awareness Module","TID-102","EMB3D","Electromagnetic Analysis Side Channel","3.88704","1.064","1","4.13581","4.13581","1","Tolerable"
"16443","2","12","Layer 3","35","Navigation Support and Situational Awareness Module","T0807","ATT&CK","Execution","2.51515","1.38764","1","3.49013","3.49013","1","Tolerable"
"16553","2","12","Layer 3","35","Navigation Support and Situational Awareness Module","T0853","ATT&CK","Execution","2.51515","1.38764","1","3.49013","3.49013","1","Tolerable"
"16901","2","12","Layer 3","35","Navigation Support and Situational Awareness Module","T0823","ATT&CK","Execution","2.51515","1.38764","1","3.49013","3.49013","1","Tolerable"
"16428","2","12","Layer 3","35","Navigation Support and Situational Awareness Module","T0805","ATT&CK","Inhibit Response Function","1.43723","2.1134","1","3.03744","3.03744","1","Tolerable"
"16625","2","12","Layer 3","35","Navigation Support and Situational Awareness Module","T0804","ATT&CK","Inhibit Response Function","1.43723","2.1134","1","3.03744","3.03744","1","Tolerable"
"16963","2","12","Layer 3","35","Navigation Support and Situational Awareness Module","T0857","ATT&CK","Inhibit Response Function","1.43723","2.1134","1","3.03744","3.03744","1","Tolerable"
"17277","2","12","Layer 3","35","Navigation Support and Situational Awareness Module","AML.T0031","ATLAS","Erode ML Model Integrity","2.22117","2.2414","0.5","4.97853","2.48926","1","Tolerable"
"17247","2","12","Layer 3","35","Navigation Support and Situational Awareness Module","T0892","ATT&CK","Inhibit Response Function","2.22117","2.1134","0.5","4.69422","2.34711","1","Tolerable"
"16536","2","12","Layer 3","35","Navigation Support and Situational Awareness Module","T0801","ATT&CK","Collection","3.88704","0.552242","1","2.14659","2.14659","1","Tolerable"
"17576","2","12","Layer 3","35","Navigation Support and Situational Awareness Module","TID-326","EMB3D","Insecure Deserialization","3.88704","0.536","1","2.08345","2.08345","1","Tolerable"
"17596","2","12","Layer 3","35","Navigation Support and Situational Awareness Module","TID-401","EMB3D","Undocumented Protocol Features","3.88704","0.536","1","2.08345","2.08345","1","Tolerable"
"17421","2","12","Layer 3","35","Navigation Support and Situational Awareness Module","TID-109","EMB3D","RAM Chip Contents Readout","3.88704","0.528","1","2.05236","2.05236","1","Tolerable"
"16697","2","12","Layer 3","35","Navigation Support and Situational Awareness Module","T0871","ATT&CK","Execution","1.43723","1.38764","1","1.99436","1.99436","1","Tolerable"
"16926","2","12","Layer 3","35","Navigation Support and Situational Awareness Module","T0834","ATT&CK","Execution","1.43723","1.38764","1","1.99436","1.99436","1","Tolerable"
"17721","2","12","Layer 3","35","Navigation Support and Situational Awareness Module","TID-408","EMB3D","Unencrypted Sensitive Data Communication","2.83525","0.536","1","1.51969","1.51969","1","Tolerable"
"16681","2","12","Layer 3","35","Navigation Support and Situational Awareness Module","T0872","ATT&CK","Evasion","2.51515","0.536","1","1.34812","1.34812","1","Tolerable"
"16761","2","12","Layer 3","35","Navigation Support and Situational Awareness Module","T0856","ATT&CK","Evasion","2.51515","0.536","1","1.34812","1.34812","1","Tolerable"
"17089","2","12","Layer 3","35","Navigation Support and Situational Awareness Module","T0859","ATT&CK","Persistence","2.51515","0.536","1","1.34812","1.34812","1","Tolerable"
"17388","2","12","Layer 3","35","Navigation Support and Situational Awareness Module","TID-103","EMB3D","Microarchitectural Side Channels","1.18175","1.064","1","1.25738","1.25738","1","Tolerable"
"17735","2","12","Layer 3","35","Navigation Support and Situational Awareness Module","TID-412","EMB3D","Network Routing Capability Abuse","2.83525","0.536","0.75","1.51969","1.13977","1","Tolerable"
"17424","2","12","Layer 3","35","Navigation Support and Situational Awareness Module","TID-105","EMB3D","Hardware Fault Injection – Control Flow Modification","1.18175","0.816399","1","0.964779","0.964779","1","Tolerable"
"16873","2","12","Layer 3","35","Navigation Support and Situational Awareness Module","T0830","ATT&CK","Collection","1.43723","0.552242","1","0.793699","0.793699","1","Tolerable"
"16888","2","12","Layer 3","35","Navigation Support and Situational Awareness Module","T0820","ATT&CK","Evasion","1.43723","0.536","1","0.770355","0.770355","1","Tolerable"
"16964","2","12","Layer 3","35","Navigation Support and Situational Awareness Module","T0857","ATT&CK","Persistence","1.43723","0.536","1","0.770355","0.770355","1","Tolerable"
"16968","2","12","Layer 3","35","Navigation Support and Situational Awareness Module","T0849","ATT&CK","Evasion","1.43723","0.536","1","0.770355","0.770355","1","Tolerable"
"17099","2","12","Layer 3","35","Navigation Support and Situational Awareness Module","T0890","ATT&CK","Privilege Escalation","1.43723","0.536","1","0.770355","0.770355","1","Tolerable"
"17270","2","12","Layer 3","35","Navigation Support and Situational Awareness Module","AML.T0015","ATLAS","Defense Evasion","2.22117","0.536","0.5","1.19055","0.595274","1","Tolerable"
"17559","2","12","Layer 3","35","Navigation Support and Situational Awareness Module","TID-310","EMB3D","Remotely Accessible Unauthenticated Services","3.88704","0.536","0.25","2.08345","0.520863","1","Tolerable"
"17688","2","12","Layer 3","35","Navigation Support and Situational Awareness Module","TID-407","EMB3D","Missing Message Replay Protection","0.914598","0.536","0.5","0.490225","0.245112","1","Tolerable"
"17671","2","12","Layer 3","35","Navigation Support and Situational Awareness Module","TID-406","EMB3D","Unauthorized Messages or Connections","1.83458","0.528","0.25","0.968658","0.242165","1","Tolerable"
"16803","2","12","Layer 3","35","Navigation Support and Situational Awareness Module","T0866","ATT&CK","Lateral Movement","3.88704","0.0242424","1","0.0942312","0.0942312","1","Tolerable"
"16804","2","12","Layer 3","35","Navigation Support and Situational Awareness Module","T0866","ATT&CK","Initial Access","3.88704","0.0242424","1","0.0942312","0.0942312","1","Tolerable"
"16827","2","12","Layer 3","35","Navigation Support and Situational Awareness Module","T0812","ATT&CK","Lateral Movement","3.88704","0.0242424","1","0.0942312","0.0942312","1","Tolerable"
"17126","2","12","Layer 3","35","Navigation Support and Situational Awareness Module","T0884","ATT&CK","Command and Control","3.88704","0.0242424","1","0.0942312","0.0942312","1","Tolerable"
"17144","2","12","Layer 3","35","Navigation Support and Situational Awareness Module","T0869","ATT&CK","Command and Control","3.88704","0.0242424","1","0.0942312","0.0942312","1","Tolerable"
"17194","2","12","Layer 3","35","Navigation Support and Situational Awareness Module","T0885","ATT&CK","Command and Control","3.88704","0.0242424","1","0.0942312","0.0942312","1","Tolerable"
"16565","2","12","Layer 3","35","Navigation Support and Situational Awareness Module","T0888","ATT&CK","Discovery","2.51515","0.0242424","1","0.0609733","0.0609733","1","Tolerable"
"16596","2","12","Layer 3","35","Navigation Support and Situational Awareness Module","T0842","ATT&CK","Discovery","2.51515","0.0242424","1","0.0609733","0.0609733","1","Tolerable"
"17088","2","12","Layer 3","35","Navigation Support and Situational Awareness Module","T0859","ATT&CK","Lateral Movement","2.51515","0.0242424","1","0.0609733","0.0609733","1","Tolerable"
"17116","2","12","Layer 3","35","Navigation Support and Situational Awareness Module","T0846","ATT&CK","Discovery","2.51515","0.0242424","1","0.0609733","0.0609733","1","Tolerable"
"17214","2","12","Layer 3","35","Navigation Support and Situational Awareness Module","T0840","ATT&CK","Discovery","2.51515","0.0242424","1","0.0609733","0.0609733","1","Tolerable"
"16834","2","12","Layer 3","35","Navigation Support and Situational Awareness Module","T0822","ATT&CK","Initial Access","2.22117","0.0242424","1","0.0538465","0.0538465","1","Tolerable"
"17249","2","12","Layer 3","35","Navigation Support and Situational Awareness Module","AML.T0010.002","ATLAS","Initial Access","1.62015","0.0242424","1","0.0392763","0.0392763","1","Tolerable"
"17278","2","12","Layer 3","35","Navigation Support and Situational Awareness Module","AML.T0043","ATLAS","ML Attack Staging","1.62015","0.0242424","1","0.0392763","0.0392763","1","Tolerable"
"16726","2","12","Layer 3","35","Navigation Support and Situational Awareness Module","T0862","ATT&CK","Initial Access","1.43723","0.0242424","1","0.0348419","0.0348419","1","Tolerable"
"17181","2","12","Layer 3","35","Navigation Support and Situational Awareness Module","T0886","ATT&CK","Lateral Movement","1.43723","0.0242424","1","0.0348419","0.0348419","1","Tolerable"
"17182","2","12","Layer 3","35","Navigation Support and Situational Awareness Module","T0886","ATT&CK","Initial Access","1.43723","0.0242424","1","0.0348419","0.0348419","1","Tolerable"
"17640","2","12","Layer 3","35","Navigation Support and Situational Awareness Module","TID-405","EMB3D","Network Stack Resource Exhaustion","2.83525","0.0242424","0.5","0.0687333","0.0343666","1","Tolerable"
"17269","2","12","Layer 3","35","Navigation Support and Situational Awareness Module","AML.T0015","ATLAS","Initial Access","2.22117","0.0242424","0.5","0.0538465","0.0269232","1","Tolerable"
"17271","2","12","Layer 3","35","Navigation Support and Situational Awareness Module","AML.T0015","ATLAS","Evade ML Model","2.22117","0.0242424","0.5","0.0538465","0.0269232","1","Tolerable"
"17001","2","12","Layer 3","35","Navigation Support and Situational Awareness Module","T0847","ATT&CK","Initial Access","0.914598","0.0242424","1","0.0221721","0.0221721","1","Tolerable"
"16635","2","12","Layer 1","5","RADAR / ARPA System","T0809","ATT&CK","Inhibit Response Function","2.51515","1.87932","1","4.72677","4.72677","1","Tolerable"
"17497","2","12","Layer 1","5","RADAR / ARPA System","TID-222","EMB3D","Critical System Service May Be Disabled","3.88704","1.16932","1","4.54518","4.54518","1","Tolerable"
"17598","2","12","Layer 1","5","RADAR / ARPA System","TID-404","EMB3D","Remotely Triggerable Deadlock/DoS","3.88704","1.16932","1","4.54518","4.54518","1","Tolerable"
"17298","2","12","Layer 1","5","RADAR / ARPA System","TID-101","EMB3D","Power Consumption Analysis Side Channel","3.88704","0.968","1","3.76265","3.76265","1","Tolerable"
"17326","2","12","Layer 1","5","RADAR / ARPA System","TID-102","EMB3D","Electromagnetic Analysis Side Channel","3.88704","0.968","1","3.76265","3.76265","1","Tolerable"
"16346","2","12","Layer 1","5","RADAR / ARPA System","T0800","ATT&CK","Inhibit Response Function","3.88704","1.87932","0.5","7.30498","3.65249","1","Tolerable"
"16454","2","12","Layer 1","5","RADAR / ARPA System","T0816","ATT&CK","Inhibit Response Function","3.88704","1.87932","0.5","7.30498","3.65249","1","Tolerable"
"16373","2","12","Layer 1","5","RADAR / ARPA System","T0814","ATT&CK","Inhibit Response Function","2.51515","1.87932","0.75","4.72677","3.54507","1","Tolerable"
"16303","2","12","Layer 1","5","RADAR / ARPA System","T0803","ATT&CK","Inhibit Response Function","1.43723","1.87932","1","2.70101","2.70101","1","Tolerable"
"16405","2","12","Layer 1","5","RADAR / ARPA System","T0805","ATT&CK","Inhibit Response Function","1.43723","1.87932","1","2.70101","2.70101","1","Tolerable"
"16600","2","12","Layer 1","5","RADAR / ARPA System","T0804","ATT&CK","Inhibit Response Function","1.43723","1.87932","1","2.70101","2.70101","1","Tolerable"
"16333","2","12","Layer 1","5","RADAR / ARPA System","T0887","ATT&CK","Collection","3.88704","0.576485","1","2.24082","2.24082","1","Tolerable"
"17463","2","12","Layer 1","5","RADAR / ARPA System","TID-114","EMB3D","Peripheral Data Bus Interception","3.88704","0.528","1","2.05236","2.05236","1","Tolerable"
"17478","2","12","Layer 1","5","RADAR / ARPA System","TID-118","EMB3D","Weak Peripheral Port Electrical Damage Protection","3.88704","0.494318","1","1.92143","1.92143","1","Tolerable"
"17009","2","12","Layer 1","5","RADAR / ARPA System","T0891","ATT&CK","Persistence","3.88704","0.44","1","1.7103","1.7103","1","Tolerable"
"17422","2","12","Layer 1","5","RADAR / ARPA System","TID-111","EMB3D","Untrusted External Storage","3.88704","0.44","1","1.7103","1.7103","1","Tolerable"
"17447","2","12","Layer 1","5","RADAR / ARPA System","TID-113","EMB3D","Unverified Peripheral Firmware Loaded","3.88704","0.44","1","1.7103","1.7103","1","Tolerable"
"17580","2","12","Layer 1","5","RADAR / ARPA System","TID-401","EMB3D","Undocumented Protocol Features","3.88704","0.44","1","1.7103","1.7103","1","Tolerable"
"17695","2","12","Layer 1","5","RADAR / ARPA System","TID-408","EMB3D","Unencrypted Sensitive Data Communication","2.83525","0.44","1","1.24751","1.24751","1","Tolerable"
"17354","2","12","Layer 1","5","RADAR / ARPA System","TID-103","EMB3D","Microarchitectural Side Channels","1.18175","0.968","1","1.14393","1.14393","1","Tolerable"
"17031","2","12","Layer 1","5","RADAR / ARPA System","T0859","ATT&CK","Persistence","2.51515","0.44","1","1.10667","1.10667","1","Tolerable"
"17535","2","12","Layer 1","5","RADAR / ARPA System","TID-310","EMB3D","Remotely Accessible Unauthenticated Services","3.88704","0.44","0.5","1.7103","0.855149","1","Tolerable"
"16843","2","12","Layer 1","5","RADAR / ARPA System","T0830","ATT&CK","Collection","1.43723","0.576485","1","0.828541","0.828541","1","Tolerable"
"17390","2","12","Layer 1","5","RADAR / ARPA System","TID-105","EMB3D","Hardware Fault Injection – Control Flow Modification","1.18175","0.582318","1","0.688154","0.688154","1","Tolerable"
"17645","2","12","Layer 1","5","RADAR / ARPA System","TID-406","EMB3D","Unauthorized Messages or Connections","1.83458","0.528","0.5","0.968658","0.484329","1","Tolerable"
"17669","2","12","Layer 1","5","RADAR / ARPA System","TID-407","EMB3D","Missing Message Replay Protection","0.914598","0.44","0.5","0.402423","0.201212","1","Tolerable"
"16332","2","12","Layer 1","5","RADAR / ARPA System","T0887","ATT&CK","Discovery","3.88704","0.0484849","1","0.188463","0.188463","1","Tolerable"
"16480","2","12","Layer 1","5","RADAR / ARPA System","T0860","ATT&CK","Initial Access","3.88704","0.0484849","1","0.188463","0.188463","1","Tolerable"
"16782","2","12","Layer 1","5","RADAR / ARPA System","T0812","ATT&CK","Lateral Movement","3.88704","0.0484849","1","0.188463","0.188463","1","Tolerable"
"17008","2","12","Layer 1","5","RADAR / ARPA System","T0891","ATT&CK","Lateral Movement","3.88704","0.0484849","1","0.188463","0.188463","1","Tolerable"
"17619","2","12","Layer 1","5","RADAR / ARPA System","TID-405","EMB3D","Network Stack Resource Exhaustion","2.83525","0.0484849","1","0.137467","0.137467","1","Tolerable"
"17030","2","12","Layer 1","5","RADAR / ARPA System","T0859","ATT&CK","Lateral Movement","2.51515","0.0484849","1","0.121947","0.121947","1","Tolerable"
"16699","2","12","Layer 1","5","RADAR / ARPA System","T0862","ATT&CK","Initial Access","1.43723","0.0484849","1","0.0696839","0.0696839","1","Tolerable"
"16986","2","12","Layer 1","5","RADAR / ARPA System","T0847","ATT&CK","Initial Access","0.914598","0.0484849","1","0.0443442","0.0443442","1","Tolerable"
"16378","2","12","Layer 1","10","Remote Control Center Communication Interface","T0814","ATT&CK","Inhibit Response Function","2.51515","1.95439","1","4.91558","4.91558","1","Tolerable"
"16640","2","12","Layer 1","10","Remote Control Center Communication Interface","T0809","ATT&CK","Inhibit Response Function","2.51515","1.95439","1","4.91558","4.91558","1","Tolerable"
"17502","2","12","Layer 1","10","Remote Control Center Communication Interface","TID-222","EMB3D","Critical System Service May Be Disabled","3.88704","1.22039","1","4.7437","4.7437","1","Tolerable"
"17605","2","12","Layer 1","10","Remote Control Center Communication Interface","TID-404","EMB3D","Remotely Triggerable Deadlock/DoS","3.88704","1.22039","1","4.7437","4.7437","1","Tolerable"
"17227","2","12","Layer 1","10","Remote Control Center Communication Interface","T0892","ATT&CK","Inhibit Response Function","2.22117","1.95439","1","4.34103","4.34103","1","Tolerable"
"17515","2","12","Layer 1","10","Remote Control Center Communication Interface","TID-301","EMB3D","Applications Binaries Modified","3.88704","0.897389","1","3.48819","3.48819","1","Tolerable"
"16434","2","12","Layer 1","10","Remote Control Center Communication Interface","T0807","ATT&CK","Execution","2.51515","1.22863","1","3.09019","3.09019","1","Tolerable"
"16541","2","12","Layer 1","10","Remote Control Center Communication Interface","T0853","ATT&CK","Execution","2.51515","1.22863","1","3.09019","3.09019","1","Tolerable"
"16891","2","12","Layer 1","10","Remote Control Center Communication Interface","T0823","ATT&CK","Execution","2.51515","1.22863","1","3.09019","3.09019","1","Tolerable"
"17305","2","12","Layer 1","10","Remote Control Center Communication Interface","TID-101","EMB3D","Power Consumption Analysis Side Channel","3.88704","0.768","1","2.98525","2.98525","1","Tolerable"
"17331","2","12","Layer 1","10","Remote Control Center Communication Interface","TID-102","EMB3D","Electromagnetic Analysis Side Channel","3.88704","0.768","1","2.98525","2.98525","1","Tolerable"
"16307","2","12","Layer 1","10","Remote Control Center Communication Interface","T0881","ATT&CK","Inhibit Response Function","2.51515","1.95439","0.5","4.91558","2.45779","1","Tolerable"
"16354","2","12","Layer 1","10","Remote Control Center Communication Interface","T0800","ATT&CK","Inhibit Response Function","3.88704","1.95439","0.25","7.59679","1.8992","1","Tolerable"
"16460","2","12","Layer 1","10","Remote Control Center Communication Interface","T0816","ATT&CK","Inhibit Response Function","3.88704","1.95439","0.25","7.59679","1.8992","1","Tolerable"
"16689","2","12","Layer 1","10","Remote Control Center Communication Interface","T0871","ATT&CK","Execution","1.43723","1.22863","1","1.76583","1.76583","1","Tolerable"
"16914","2","12","Layer 1","10","Remote Control Center Communication Interface","T0834","ATT&CK","Execution","1.43723","1.22863","1","1.76583","1.76583","1","Tolerable"
"17541","2","12","Layer 1","10","Remote Control Center Communication Interface","TID-310","EMB3D","Remotely Accessible Unauthenticated Services","3.88704","0.416","1","1.61701","1.61701","1","Tolerable"
"17587","2","12","Layer 1","10","Remote Control Center Communication Interface","TID-401","EMB3D","Undocumented Protocol Features","3.88704","0.416","1","1.61701","1.61701","1","Tolerable"
"16518","2","12","Layer 1","10","Remote Control Center Communication Interface","T0801","ATT&CK","Collection","3.88704","0.376242","1","1.46247","1.46247","1","Tolerable"
"16406","2","12","Layer 1","10","Remote Control Center Communication Interface","T0805","ATT&CK","Inhibit Response Function","1.43723","1.95439","0.5","2.80891","1.40445","1","Tolerable"
"16492","2","12","Layer 1","10","Remote Control Center Communication Interface","T0878","ATT&CK","Inhibit Response Function","1.43723","1.95439","0.5","2.80891","1.40445","1","Tolerable"
"16607","2","12","Layer 1","10","Remote Control Center Communication Interface","T0804","ATT&CK","Inhibit Response Function","1.43723","1.95439","0.5","2.80891","1.40445","1","Tolerable"
"17157","2","12","Layer 1","10","Remote Control Center Communication Interface","T0838","ATT&CK","Inhibit Response Function","1.43723","1.95439","0.5","2.80891","1.40445","1","Tolerable"
"16748","2","12","Layer 1","10","Remote Control Center Communication Interface","T0856","ATT&CK","Impair Process Control","2.51515","1.95439","0.25","4.91558","1.2289","1","Tolerable"
"17700","2","12","Layer 1","10","Remote Control Center Communication Interface","TID-408","EMB3D","Unencrypted Sensitive Data Communication","2.83525","0.416","1","1.17946","1.17946","1","Tolerable"
"16665","2","12","Layer 1","10","Remote Control Center Communication Interface","T0872","ATT&CK","Evasion","2.51515","0.416","1","1.0463","1.0463","1","Tolerable"
"17363","2","12","Layer 1","10","Remote Control Center Communication Interface","TID-103","EMB3D","Microarchitectural Side Channels","1.18175","0.768","1","0.907584","0.907584","1","Tolerable"
"17729","2","12","Layer 1","10","Remote Control Center Communication Interface","TID-412","EMB3D","Network Routing Capability Abuse","2.83525","0.416","0.75","1.17946","0.884598","1","Tolerable"
"16935","2","12","Layer 1","10","Remote Control Center Communication Interface","T0857","ATT&CK","Inhibit Response Function","1.43723","1.95439","0.25","2.80891","0.702227","1","Tolerable"
"17646","2","12","Layer 1","10","Remote Control Center Communication Interface","TID-406","EMB3D","Unauthorized Messages or Connections","1.83458","0.352","1","0.645772","0.645772","1","Tolerable"
"16875","2","12","Layer 1","10","Remote Control Center Communication Interface","T0820","ATT&CK","Evasion","1.43723","0.416","1","0.597888","0.597888","1","Tolerable"
"16951","2","12","Layer 1","10","Remote Control Center Communication Interface","T0849","ATT&CK","Evasion","1.43723","0.416","1","0.597888","0.597888","1","Tolerable"
"17080","2","12","Layer 1","10","Remote Control Center Communication Interface","T0890","ATT&CK","Privilege Escalation","1.43723","0.416","1","0.597888","0.597888","1","Tolerable"
"17397","2","12","Layer 1","10","Remote Control Center Communication Interface","TID-105","EMB3D","Hardware Fault Injection – Control Flow Modification","1.18175","0.481389","1","0.568881","0.568881","1","Tolerable"
"17673","2","12","Layer 1","10","Remote Control Center Communication Interface","TID-407","EMB3D","Missing Message Replay Protection","0.914598","0.416","1","0.380473","0.380473","1","Tolerable"
"16445","2","12","Layer 1","10","Remote Control Center Communication Interface","T0861","ATT&CK","Collection","3.88704","0.376242","0.25","1.46247","0.365617","1","Tolerable"
"16747","2","12","Layer 1","10","Remote Control Center Communication Interface","T0856","ATT&CK","Evasion","2.51515","0.416","0.25","1.0463","0.261576","1","Tolerable"
"17043","2","12","Layer 1","10","Remote Control Center Communication Interface","T0859","ATT&CK","Persistence","2.51515","0.416","0.25","1.0463","0.261576","1","Tolerable"
"16936","2","12","Layer 1","10","Remote Control Center Communication Interface","T0857","ATT&CK","Persistence","1.43723","0.416","0.25","0.597888","0.149472","1","Tolerable"
"16851","2","12","Layer 1","10","Remote Control Center Communication Interface","T0830","ATT&CK","Collection","1.43723","0.376242","0.25","0.540747","0.135187","1","Tolerable"
"16797","2","12","Layer 1","10","Remote Control Center Communication Interface","T0812","ATT&CK","Lateral Movement","3.88704","0.0242424","1","0.0942312","0.0942312","1","Tolerable"
"16555","2","12","Layer 1","10","Remote Control Center Communication Interface","T0888","ATT&CK","Discovery","2.51515","0.0242424","1","0.0609733","0.0609733","1","Tolerable"
"17106","2","12","Layer 1","10","Remote Control Center Communication Interface","T0846","ATT&CK","Discovery","2.51515","0.0242424","1","0.0609733","0.0609733","1","Tolerable"
"17197","2","12","Layer 1","10","Remote Control Center Communication Interface","T0840","ATT&CK","Discovery","2.51515","0.0242424","1","0.0609733","0.0609733","1","Tolerable"
"16769","2","12","Layer 1","10","Remote Control Center Communication Interface","T0866","ATT&CK","Lateral Movement","3.88704","0.0242424","0.5","0.0942312","0.0471156","1","Tolerable"
"16770","2","12","Layer 1","10","Remote Control Center Communication Interface","T0866","ATT&CK","Initial Access","3.88704","0.0242424","0.5","0.0942312","0.0471156","1","Tolerable"
"17121","2","12","Layer 1","10","Remote Control Center Communication Interface","T0884","ATT&CK","Command and Control","3.88704","0.0242424","0.5","0.0942312","0.0471156","1","Tolerable"
"17135","2","12","Layer 1","10","Remote Control Center Communication Interface","T0869","ATT&CK","Command and Control","3.88704","0.0242424","0.5","0.0942312","0.0471156","1","Tolerable"
"17184","2","12","Layer 1","10","Remote Control Center Communication Interface","T0885","ATT&CK","Command and Control","3.88704","0.0242424","0.5","0.0942312","0.0471156","1","Tolerable"
"16705","2","12","Layer 1","10","Remote Control Center Communication Interface","T0862","ATT&CK","Initial Access","1.43723","0.0242424","1","0.0348419","0.0348419","1","Tolerable"
"17628","2","12","Layer 1","10","Remote Control Center Communication Interface","TID-405","EMB3D","Network Stack Resource Exhaustion","2.83525","0.0242424","0.5","0.0687333","0.0343666","1","Tolerable"
"16980","2","12","Layer 1","10","Remote Control Center Communication Interface","T0847","ATT&CK","Initial Access","0.914598","0.0242424","1","0.0221721","0.0221721","1","Tolerable"
"17158","2","12","Layer 1","10","Remote Control Center Communication Interface","T0886","ATT&CK","Lateral Movement","1.43723","0.0242424","0.5","0.0348419","0.017421","1","Tolerable"
"17159","2","12","Layer 1","10","Remote Control Center Communication Interface","T0886","ATT&CK","Initial Access","1.43723","0.0242424","0.5","0.0348419","0.017421","1","Tolerable"
"16583","2","12","Layer 1","10","Remote Control Center Communication Interface","T0842","ATT&CK","Discovery","2.51515","0.0242424","0.25","0.0609733","0.0152433","1","Tolerable"
"17042","2","12","Layer 1","10","Remote Control Center Communication Interface","T0859","ATT&CK","Lateral Movement","2.51515","0.0242424","0.25","0.0609733","0.0152433","1","Tolerable"
"16826","2","12","Layer 1","10","Remote Control Center Communication Interface","T0822","ATT&CK","Initial Access","2.22117","0.0242424","0.25","0.0538465","0.0134616","1","Tolerable"
"16908","2","12","Layer 1","10","Remote Control Center Communication Interface","T0848","ATT&CK","Initial Access","2.22117","0.0242424","0.25","0.0538465","0.0134616","1","Tolerable"
"17498","2","12","Layer 1","8","RF / VHF / UHF Communication Module","TID-222","EMB3D","Critical System Service May Be Disabled","3.88704","0.728","1","2.82977","2.82977","1","Tolerable"
"17604","2","12","Layer 1","8","RF / VHF / UHF Communication Module","TID-404","EMB3D","Remotely Triggerable Deadlock/DoS","3.88704","0.728","1","2.82977","2.82977","1","Tolerable"
"16375","2","12","Layer 1","8","RF / VHF / UHF Communication Module","T0814","ATT&CK","Inhibit Response Function","2.51515","1.1","1","2.76666","2.76666","1","Tolerable"
"16638","2","12","Layer 1","8","RF / VHF / UHF Communication Module","T0809","ATT&CK","Inhibit Response Function","2.51515","1.1","1","2.76666","2.76666","1","Tolerable"
"17229","2","12","Layer 1","8","RF / VHF / UHF Communication Module","T0892","ATT&CK","Inhibit Response Function","2.22117","1.1","1","2.44329","2.44329","1","Tolerable"
"16350","2","12","Layer 1","8","RF / VHF / UHF Communication Module","T0800","ATT&CK","Inhibit Response Function","3.88704","1.1","0.5","4.27574","2.13787","1","Tolerable"
"16458","2","12","Layer 1","8","RF / VHF / UHF Communication Module","T0816","ATT&CK","Inhibit Response Function","3.88704","1.1","0.5","4.27574","2.13787","1","Tolerable"
"17299","2","12","Layer 1","8","RF / VHF / UHF Communication Module","TID-101","EMB3D","Power Consumption Analysis Side Channel","3.88704","0.504","1","1.95907","1.95907","1","Tolerable"
"17328","2","12","Layer 1","8","RF / VHF / UHF Communication Module","TID-102","EMB3D","Electromagnetic Analysis Side Channel","3.88704","0.504","1","1.95907","1.95907","1","Tolerable"
"17513","2","12","Layer 1","8","RF / VHF / UHF Communication Module","TID-301","EMB3D","Applications Binaries Modified","3.88704","0.504","1","1.95907","1.95907","1","Tolerable"
"16433","2","12","Layer 1","8","RF / VHF / UHF Communication Module","T0807","ATT&CK","Execution","2.51515","0.624242","1","1.57006","1.57006","1","Tolerable"
"16538","2","12","Layer 1","8","RF / VHF / UHF Communication Module","T0853","ATT&CK","Execution","2.51515","0.624242","1","1.57006","1.57006","1","Tolerable"
"16892","2","12","Layer 1","8","RF / VHF / UHF Communication Module","T0823","ATT&CK","Execution","2.51515","0.624242","1","1.57006","1.57006","1","Tolerable"
"16301","2","12","Layer 1","8","RF / VHF / UHF Communication Module","T0881","ATT&CK","Inhibit Response Function","2.51515","1.1","0.5","2.76666","1.38333","1","Tolerable"
"16736","2","12","Layer 1","8","RF / VHF / UHF Communication Module","T0856","ATT&CK","Impair Process Control","2.51515","1.1","0.5","2.76666","1.38333","1","Tolerable"
"17540","2","12","Layer 1","8","RF / VHF / UHF Communication Module","TID-310","EMB3D","Remotely Accessible Unauthenticated Services","3.88704","0.328","1","1.27495","1.27495","1","Tolerable"
"17584","2","12","Layer 1","8","RF / VHF / UHF Communication Module","TID-401","EMB3D","Undocumented Protocol Features","3.88704","0.328","1","1.27495","1.27495","1","Tolerable"
"17693","2","12","Layer 1","8","RF / VHF / UHF Communication Module","TID-408","EMB3D","Unencrypted Sensitive Data Communication","2.83525","0.328","1","0.929962","0.929962","1","Tolerable"
"16684","2","12","Layer 1","8","RF / VHF / UHF Communication Module","T0871","ATT&CK","Execution","1.43723","0.624242","1","0.89718","0.89718","1","Tolerable"
"16912","2","12","Layer 1","8","RF / VHF / UHF Communication Module","T0834","ATT&CK","Execution","1.43723","0.624242","1","0.89718","0.89718","1","Tolerable"
"16663","2","12","Layer 1","8","RF / VHF / UHF Communication Module","T0872","ATT&CK","Evasion","2.51515","0.328","1","0.824969","0.824969","1","Tolerable"
"16942","2","12","Layer 1","8","RF / VHF / UHF Communication Module","T0857","ATT&CK","Inhibit Response Function","1.43723","1.1","0.5","1.58095","0.790477","1","Tolerable"
"17722","2","12","Layer 1","8","RF / VHF / UHF Communication Module","TID-412","EMB3D","Network Routing Capability Abuse","2.83525","0.328","0.75","0.929962","0.697471","1","Tolerable"
"17360","2","12","Layer 1","8","RF / VHF / UHF Communication Module","TID-103","EMB3D","Microarchitectural Side Channels","1.18175","0.504","1","0.595602","0.595602","1","Tolerable"
"16870","2","12","Layer 1","8","RF / VHF / UHF Communication Module","T0820","ATT&CK","Evasion","1.43723","0.328","1","0.471411","0.471411","1","Tolerable"
"16946","2","12","Layer 1","8","RF / VHF / UHF Communication Module","T0849","ATT&CK","Evasion","1.43723","0.328","1","0.471411","0.471411","1","Tolerable"
"17076","2","12","Layer 1","8","RF / VHF / UHF Communication Module","T0890","ATT&CK","Privilege Escalation","1.43723","0.328","1","0.471411","0.471411","1","Tolerable"
"16735","2","12","Layer 1","8","RF / VHF / UHF Communication Module","T0856","ATT&CK","Evasion","2.51515","0.328","0.5","0.824969","0.412485","1","Tolerable"
"17033","2","12","Layer 1","8","RF / VHF / UHF Communication Module","T0859","ATT&CK","Persistence","2.51515","0.328","0.5","0.824969","0.412485","1","Tolerable"
"16404","2","12","Layer 1","8","RF / VHF / UHF Communication Module","T0805","ATT&CK","Inhibit Response Function","1.43723","1.1","0.25","1.58095","0.395238","1","Tolerable"
"16605","2","12","Layer 1","8","RF / VHF / UHF Communication Module","T0804","ATT&CK","Inhibit Response Function","1.43723","1.1","0.25","1.58095","0.395238","1","Tolerable"
"17647","2","12","Layer 1","8","RF / VHF / UHF Communication Module","TID-406","EMB3D","Unauthorized Messages or Connections","1.83458","0.176","1","0.322886","0.322886","1","Tolerable"
"17674","2","12","Layer 1","8","RF / VHF / UHF Communication Module","TID-407","EMB3D","Missing Message Replay Protection","0.914598","0.328","1","0.299988","0.299988","1","Tolerable"
"16943","2","12","Layer 1","8","RF / VHF / UHF Communication Module","T0857","ATT&CK","Persistence","1.43723","0.328","0.5","0.471411","0.235706","1","Tolerable"
"17399","2","12","Layer 1","8","RF / VHF / UHF Communication Module","TID-105","EMB3D","Hardware Fault Injection – Control Flow Modification","1.18175","0.176","1","0.207988","0.207988","1","Tolerable"
"16787","2","12","Layer 1","8","RF / VHF / UHF Communication Module","T0812","ATT&CK","Lateral Movement","3.88704","0.0242424","1","0.0942312","0.0942312","1","Tolerable"
"16854","2","12","Layer 1","8","RF / VHF / UHF Communication Module","T0830","ATT&CK","Collection","1.43723","0.200242","0.25","0.287794","0.0719486","1","Tolerable"
"17622","2","12","Layer 1","8","RF / VHF / UHF Communication Module","TID-405","EMB3D","Network Stack Resource Exhaustion","2.83525","0.0242424","1","0.0687333","0.0687333","1","Tolerable"
"16550","2","12","Layer 1","8","RF / VHF / UHF Communication Module","T0888","ATT&CK","Discovery","2.51515","0.0242424","1","0.0609733","0.0609733","1","Tolerable"
"17100","2","12","Layer 1","8","RF / VHF / UHF Communication Module","T0846","ATT&CK","Discovery","2.51515","0.0242424","1","0.0609733","0.0609733","1","Tolerable"
"17205","2","12","Layer 1","8","RF / VHF / UHF Communication Module","T0840","ATT&CK","Discovery","2.51515","0.0242424","1","0.0609733","0.0609733","1","Tolerable"
"16773","2","12","Layer 1","8","RF / VHF / UHF Communication Module","T0866","ATT&CK","Lateral Movement","3.88704","0.0242424","0.5","0.0942312","0.0471156","1","Tolerable"
"16774","2","12","Layer 1","8","RF / VHF / UHF Communication Module","T0866","ATT&CK","Initial Access","3.88704","0.0242424","0.5","0.0942312","0.0471156","1","Tolerable"
"17115","2","12","Layer 1","8","RF / VHF / UHF Communication Module","T0884","ATT&CK","Command and Control","3.88704","0.0242424","0.5","0.0942312","0.0471156","1","Tolerable"
"17131","2","12","Layer 1","8","RF / VHF / UHF Communication Module","T0869","ATT&CK","Command and Control","3.88704","0.0242424","0.5","0.0942312","0.0471156","1","Tolerable"
"17183","2","12","Layer 1","8","RF / VHF / UHF Communication Module","T0885","ATT&CK","Command and Control","3.88704","0.0242424","0.5","0.0942312","0.0471156","1","Tolerable"
"16703","2","12","Layer 1","8","RF / VHF / UHF Communication Module","T0862","ATT&CK","Initial Access","1.43723","0.0242424","1","0.0348419","0.0348419","1","Tolerable"
"16581","2","12","Layer 1","8","RF / VHF / UHF Communication Module","T0842","ATT&CK","Discovery","2.51515","0.0242424","0.5","0.0609733","0.0304866","1","Tolerable"
"17032","2","12","Layer 1","8","RF / VHF / UHF Communication Module","T0859","ATT&CK","Lateral Movement","2.51515","0.0242424","0.5","0.0609733","0.0304866","1","Tolerable"
"16832","2","12","Layer 1","8","RF / VHF / UHF Communication Module","T0822","ATT&CK","Initial Access","2.22117","0.0242424","0.5","0.0538465","0.0269232","1","Tolerable"
"16976","2","12","Layer 1","8","RF / VHF / UHF Communication Module","T0847","ATT&CK","Initial Access","0.914598","0.0242424","1","0.0221721","0.0221721","1","Tolerable"
"17151","2","12","Layer 1","8","RF / VHF / UHF Communication Module","T0886","ATT&CK","Lateral Movement","1.43723","0.0242424","0.5","0.0348419","0.017421","1","Tolerable"
"17152","2","12","Layer 1","8","RF / VHF / UHF Communication Module","T0886","ATT&CK","Initial Access","1.43723","0.0242424","0.5","0.0348419","0.017421","1","Tolerable"
"16355","2","12","Layer 1","13","Rudder Angle Indicator","T0800","ATT&CK","Inhibit Response Function","3.88704","0.980264","1","3.81033","3.81033","1","Tolerable"
"16462","2","12","Layer 1","13","Rudder Angle Indicator","T0816","ATT&CK","Inhibit Response Function","3.88704","0.980264","1","3.81033","3.81033","1","Tolerable"
"16381","2","12","Layer 1","13","Rudder Angle Indicator","T0814","ATT&CK","Inhibit Response Function","2.51515","0.980264","1","2.46551","2.46551","1","Tolerable"
"16643","2","12","Layer 1","13","Rudder Angle Indicator","T0809","ATT&CK","Inhibit Response Function","2.51515","0.980264","1","2.46551","2.46551","1","Tolerable"
"16285","2","12","Layer 1","13","Rudder Angle Indicator","T0803","ATT&CK","Inhibit Response Function","1.43723","0.980264","1","1.40887","1.40887","1","Tolerable"
"16408","2","12","Layer 1","13","Rudder Angle Indicator","T0805","ATT&CK","Inhibit Response Function","1.43723","0.980264","1","1.40887","1.40887","1","Tolerable"
"16608","2","12","Layer 1","13","Rudder Angle Indicator","T0804","ATT&CK","Inhibit Response Function","1.43723","0.980264","1","1.40887","1.40887","1","Tolerable"
"17303","2","12","Layer 1","13","Rudder Angle Indicator","TID-101","EMB3D","Power Consumption Analysis Side Channel","3.88704","0.16","1","0.621926","0.621926","1","Tolerable"
"17327","2","12","Layer 1","13","Rudder Angle Indicator","TID-102","EMB3D","Electromagnetic Analysis Side Channel","3.88704","0.16","1","0.621926","0.621926","1","Tolerable"
"17479","2","12","Layer 1","13","Rudder Angle Indicator","TID-118","EMB3D","Weak Peripheral Port Electrical Damage Protection","3.88704","0.157264","1","0.611293","0.611293","1","Tolerable"
"17005","2","12","Layer 1","13","Rudder Angle Indicator","T0891","ATT&CK","Persistence","3.88704","0.152","1","0.59083","0.59083","1","Tolerable"
"17427","2","12","Layer 1","13","Rudder Angle Indicator","TID-111","EMB3D","Untrusted External Storage","3.88704","0.152","1","0.59083","0.59083","1","Tolerable"
"17446","2","12","Layer 1","13","Rudder Angle Indicator","TID-113","EMB3D","Unverified Peripheral Firmware Loaded","3.88704","0.152","1","0.59083","0.59083","1","Tolerable"
"17705","2","12","Layer 1","13","Rudder Angle Indicator","TID-408","EMB3D","Unencrypted Sensitive Data Communication","2.83525","0.152","1","0.430958","0.430958","1","Tolerable"
"17039","2","12","Layer 1","13","Rudder Angle Indicator","T0859","ATT&CK","Persistence","2.51515","0.152","1","0.382303","0.382303","1","Tolerable"
"17369","2","12","Layer 1","13","Rudder Angle Indicator","TID-103","EMB3D","Microarchitectural Side Channels","1.18175","0.16","1","0.18908","0.18908","1","Tolerable"
"16329","2","12","Layer 1","13","Rudder Angle Indicator","T0887","ATT&CK","Collection","3.88704","0.0322424","1","0.125327","0.125327","1","Tolerable"
"16516","2","12","Layer 1","13","Rudder Angle Indicator","T0801","ATT&CK","Collection","3.88704","0.0322424","1","0.125327","0.125327","1","Tolerable"
"16328","2","12","Layer 1","13","Rudder Angle Indicator","T0887","ATT&CK","Discovery","3.88704","0.0242424","1","0.0942312","0.0942312","1","Tolerable"
"16479","2","12","Layer 1","13","Rudder Angle Indicator","T0860","ATT&CK","Initial Access","3.88704","0.0242424","1","0.0942312","0.0942312","1","Tolerable"
"16800","2","12","Layer 1","13","Rudder Angle Indicator","T0812","ATT&CK","Lateral Movement","3.88704","0.0242424","1","0.0942312","0.0942312","1","Tolerable"
"17004","2","12","Layer 1","13","Rudder Angle Indicator","T0891","ATT&CK","Lateral Movement","3.88704","0.0242424","1","0.0942312","0.0942312","1","Tolerable"
"17038","2","12","Layer 1","13","Rudder Angle Indicator","T0859","ATT&CK","Lateral Movement","2.51515","0.0242424","1","0.0609733","0.0609733","1","Tolerable"
"16848","2","12","Layer 1","13","Rudder Angle Indicator","T0830","ATT&CK","Collection","1.43723","0.0322424","1","0.0463397","0.0463397","1","Tolerable"
"16707","2","12","Layer 1","13","Rudder Angle Indicator","T0862","ATT&CK","Initial Access","1.43723","0.0242424","1","0.0348419","0.0348419","1","Tolerable"
"17464","2","12","Layer 1","13","Rudder Angle Indicator","TID-114","EMB3D","Peripheral Data Bus Interception","3.88704","0.008","1","0.0310963","0.0310963","1","Tolerable"
"16977","2","12","Layer 1","13","Rudder Angle Indicator","T0847","ATT&CK","Initial Access","0.914598","0.0242424","1","0.0221721","0.0221721","1","Tolerable"
"17398","2","12","Layer 1","13","Rudder Angle Indicator","TID-105","EMB3D","Hardware Fault Injection – Control Flow Modification","1.18175","0.0132645","1","0.0156753","0.0156753","1","Tolerable"
"17650","2","12","Layer 1","13","Rudder Angle Indicator","TID-406","EMB3D","Unauthorized Messages or Connections","1.83458","0.008","0.25","0.0146766","0.00366916","1","Tolerable"
"16377","2","12","Layer 1","7","Satellite Communication System","T0814","ATT&CK","Inhibit Response Function","2.51515","1.82883","1","4.59979","4.59979","1","Tolerable"
"16636","2","12","Layer 1","7","Satellite Communication System","T0809","ATT&CK","Inhibit Response Function","2.51515","1.82883","1","4.59979","4.59979","1","Tolerable"
"17510","2","12","Layer 1","7","Satellite Communication System","TID-301","EMB3D","Applications Binaries Modified","3.88704","0.747833","1","2.90686","2.90686","1","Tolerable"
"17297","2","12","Layer 1","7","Satellite Communication System","TID-101","EMB3D","Power Consumption Analysis Side Channel","3.88704","0.744","1","2.89196","2.89196","1","Tolerable"
"17333","2","12","Layer 1","7","Satellite Communication System","TID-102","EMB3D","Electromagnetic Analysis Side Channel","3.88704","0.744","1","2.89196","2.89196","1","Tolerable"
"16432","2","12","Layer 1","7","Satellite Communication System","T0807","ATT&CK","Execution","2.51515","1.10308","1","2.7744","2.7744","1","Tolerable"
"16533","2","12","Layer 1","7","Satellite Communication System","T0853","ATT&CK","Execution","2.51515","1.10308","1","2.7744","2.7744","1","Tolerable"
"16889","2","12","Layer 1","7","Satellite Communication System","T0823","ATT&CK","Execution","2.51515","1.10308","1","2.7744","2.7744","1","Tolerable"
"16602","2","12","Layer 1","7","Satellite Communication System","T0804","ATT&CK","Inhibit Response Function","1.43723","1.82883","1","2.62845","2.62845","1","Tolerable"
"16298","2","12","Layer 1","7","Satellite Communication System","T0881","ATT&CK","Inhibit Response Function","2.51515","1.82883","0.5","4.59979","2.2999","1","Tolerable"
"17225","2","12","Layer 1","7","Satellite Communication System","T0892","ATT&CK","Inhibit Response Function","2.22117","1.82883","0.5","4.06215","2.03108","1","Tolerable"
"16349","2","12","Layer 1","7","Satellite Communication System","T0800","ATT&CK","Inhibit Response Function","3.88704","1.82883","0.25","7.10875","1.77719","1","Tolerable"
"16461","2","12","Layer 1","7","Satellite Communication System","T0816","ATT&CK","Inhibit Response Function","3.88704","1.82883","0.25","7.10875","1.77719","1","Tolerable"
"16682","2","12","Layer 1","7","Satellite Communication System","T0871","ATT&CK","Execution","1.43723","1.10308","1","1.58537","1.58537","1","Tolerable"
"16911","2","12","Layer 1","7","Satellite Communication System","T0834","ATT&CK","Execution","1.43723","1.10308","1","1.58537","1.58537","1","Tolerable"
"16402","2","12","Layer 1","7","Satellite Communication System","T0805","ATT&CK","Inhibit Response Function","1.43723","1.82883","0.5","2.62845","1.31423","1","Tolerable"
"16734","2","12","Layer 1","7","Satellite Communication System","T0856","ATT&CK","Impair Process Control","2.51515","1.82883","0.25","4.59979","1.14995","1","Tolerable"
"17696","2","12","Layer 1","7","Satellite Communication System","TID-408","EMB3D","Unencrypted Sensitive Data Communication","2.83525","0.392","1","1.11142","1.11142","1","Tolerable"
"16661","2","12","Layer 1","7","Satellite Communication System","T0872","ATT&CK","Evasion","2.51515","0.392","1","0.985939","0.985939","1","Tolerable"
"17355","2","12","Layer 1","7","Satellite Communication System","TID-103","EMB3D","Microarchitectural Side Channels","1.18175","0.744","1","0.879222","0.879222","1","Tolerable"
"17727","2","12","Layer 1","7","Satellite Communication System","TID-412","EMB3D","Network Routing Capability Abuse","2.83525","0.392","0.75","1.11142","0.833564","1","Tolerable"
"16939","2","12","Layer 1","7","Satellite Communication System","T0857","ATT&CK","Inhibit Response Function","1.43723","1.82883","0.25","2.62845","0.657114","1","Tolerable"
"17649","2","12","Layer 1","7","Satellite Communication System","TID-406","EMB3D","Unauthorized Messages or Connections","1.83458","0.352","1","0.645772","0.645772","1","Tolerable"
"16876","2","12","Layer 1","7","Satellite Communication System","T0820","ATT&CK","Evasion","1.43723","0.392","1","0.563394","0.563394","1","Tolerable"
"16937","2","12","Layer 1","7","Satellite Communication System","T0849","ATT&CK","Evasion","1.43723","0.392","1","0.563394","0.563394","1","Tolerable"
"17077","2","12","Layer 1","7","Satellite Communication System","T0890","ATT&CK","Privilege Escalation","1.43723","0.392","1","0.563394","0.563394","1","Tolerable"
"17041","2","12","Layer 1","7","Satellite Communication System","T0859","ATT&CK","Persistence","2.51515","0.392","0.5","0.985939","0.492969","1","Tolerable"
"17394","2","12","Layer 1","7","Satellite Communication System","TID-105","EMB3D","Hardware Fault Injection – Control Flow Modification","1.18175","0.355833","1","0.420506","0.420506","1","Tolerable"
"16733","2","12","Layer 1","7","Satellite Communication System","T0856","ATT&CK","Evasion","2.51515","0.392","0.25","0.985939","0.246485","1","Tolerable"
"16940","2","12","Layer 1","7","Satellite Communication System","T0857","ATT&CK","Persistence","1.43723","0.392","0.25","0.563394","0.140849","1","Tolerable"
"16846","2","12","Layer 1","7","Satellite Communication System","T0830","ATT&CK","Collection","1.43723","0.376242","0.25","0.540747","0.135187","1","Tolerable"
"16786","2","12","Layer 1","7","Satellite Communication System","T0812","ATT&CK","Lateral Movement","3.88704","0.0242424","1","0.0942312","0.0942312","1","Tolerable"
"16546","2","12","Layer 1","7","Satellite Communication System","T0888","ATT&CK","Discovery","2.51515","0.0242424","1","0.0609733","0.0609733","1","Tolerable"
"17096","2","12","Layer 1","7","Satellite Communication System","T0846","ATT&CK","Discovery","2.51515","0.0242424","1","0.0609733","0.0609733","1","Tolerable"
"17192","2","12","Layer 1","7","Satellite Communication System","T0840","ATT&CK","Discovery","2.51515","0.0242424","1","0.0609733","0.0609733","1","Tolerable"
"16767","2","12","Layer 1","7","Satellite Communication System","T0866","ATT&CK","Lateral Movement","3.88704","0.0242424","0.5","0.0942312","0.0471156","1","Tolerable"
"16768","2","12","Layer 1","7","Satellite Communication System","T0866","ATT&CK","Initial Access","3.88704","0.0242424","0.5","0.0942312","0.0471156","1","Tolerable"
"17114","2","12","Layer 1","7","Satellite Communication System","T0884","ATT&CK","Command and Control","3.88704","0.0242424","0.5","0.0942312","0.0471156","1","Tolerable"
"17128","2","12","Layer 1","7","Satellite Communication System","T0869","ATT&CK","Command and Control","3.88704","0.0242424","0.5","0.0942312","0.0471156","1","Tolerable"
"17180","2","12","Layer 1","7","Satellite Communication System","T0885","ATT&CK","Command and Control","3.88704","0.0242424","0.5","0.0942312","0.0471156","1","Tolerable"
"16701","2","12","Layer 1","7","Satellite Communication System","T0862","ATT&CK","Initial Access","1.43723","0.0242424","1","0.0348419","0.0348419","1","Tolerable"
"17040","2","12","Layer 1","7","Satellite Communication System","T0859","ATT&CK","Lateral Movement","2.51515","0.0242424","0.5","0.0609733","0.0304866","1","Tolerable"
"16824","2","12","Layer 1","7","Satellite Communication System","T0822","ATT&CK","Initial Access","2.22117","0.0242424","0.5","0.0538465","0.0269232","1","Tolerable"
"16975","2","12","Layer 1","7","Satellite Communication System","T0847","ATT&CK","Initial Access","0.914598","0.0242424","1","0.0221721","0.0221721","1","Tolerable"
"17149","2","12","Layer 1","7","Satellite Communication System","T0886","ATT&CK","Lateral Movement","1.43723","0.0242424","0.5","0.0348419","0.017421","1","Tolerable"
"17150","2","12","Layer 1","7","Satellite Communication System","T0886","ATT&CK","Initial Access","1.43723","0.0242424","0.5","0.0348419","0.017421","1","Tolerable"
"16579","2","12","Layer 1","7","Satellite Communication System","T0842","ATT&CK","Discovery","2.51515","0.0242424","0.25","0.0609733","0.0152433","1","Tolerable"
"16360","2","12","Layer 1","18","Sonar","T0800","ATT&CK","Inhibit Response Function","3.88704","1.01206","1","3.93391","3.93391","1","Tolerable"
"16468","2","12","Layer 1","18","Sonar","T0816","ATT&CK","Inhibit Response Function","3.88704","1.01206","1","3.93391","3.93391","1","Tolerable"
"16647","2","12","Layer 1","18","Sonar","T0809","ATT&CK","Inhibit Response Function","2.51515","1.01206","1","2.54548","2.54548","1","Tolerable"
"16387","2","12","Layer 1","18","Sonar","T0814","ATT&CK","Inhibit Response Function","2.51515","1.01206","0.75","2.54548","1.90911","1","Tolerable"
"17309","2","12","Layer 1","18","Sonar","TID-101","EMB3D","Power Consumption Analysis Side Channel","3.88704","0.384","1","1.49262","1.49262","1","Tolerable"
"17343","2","12","Layer 1","18","Sonar","TID-102","EMB3D","Electromagnetic Analysis Side Channel","3.88704","0.384","1","1.49262","1.49262","1","Tolerable"
"16300","2","12","Layer 1","18","Sonar","T0803","ATT&CK","Inhibit Response Function","1.43723","1.01206","1","1.45456","1.45456","1","Tolerable"
"16414","2","12","Layer 1","18","Sonar","T0805","ATT&CK","Inhibit Response Function","1.43723","1.01206","1","1.45456","1.45456","1","Tolerable"
"16613","2","12","Layer 1","18","Sonar","T0804","ATT&CK","Inhibit Response Function","1.43723","1.01206","1","1.45456","1.45456","1","Tolerable"
"17484","2","12","Layer 1","18","Sonar","TID-118","EMB3D","Weak Peripheral Port Electrical Damage Protection","3.88704","0.245057","1","0.952547","0.952547","1","Tolerable"
"17019","2","12","Layer 1","18","Sonar","T0891","ATT&CK","Persistence","3.88704","0.208","1","0.808504","0.808504","1","Tolerable"
"17439","2","12","Layer 1","18","Sonar","TID-111","EMB3D","Untrusted External Storage","3.88704","0.208","1","0.808504","0.808504","1","Tolerable"
"17453","2","12","Layer 1","18","Sonar","TID-113","EMB3D","Unverified Peripheral Firmware Loaded","3.88704","0.208","1","0.808504","0.808504","1","Tolerable"
"16341","2","12","Layer 1","18","Sonar","T0887","ATT&CK","Collection","3.88704","0.200242","1","0.77835","0.77835","1","Tolerable"
"16520","2","12","Layer 1","18","Sonar","T0801","ATT&CK","Collection","3.88704","0.200242","1","0.77835","0.77835","1","Tolerable"
"17472","2","12","Layer 1","18","Sonar","TID-114","EMB3D","Peripheral Data Bus Interception","3.88704","0.176","1","0.684119","0.684119","1","Tolerable"
"17710","2","12","Layer 1","18","Sonar","TID-408","EMB3D","Unencrypted Sensitive Data Communication","2.83525","0.208","1","0.589732","0.589732","1","Tolerable"
"17059","2","12","Layer 1","18","Sonar","T0859","ATT&CK","Persistence","2.51515","0.208","1","0.523151","0.523151","1","Tolerable"
"17374","2","12","Layer 1","18","Sonar","TID-103","EMB3D","Microarchitectural Side Channels","1.18175","0.384","1","0.453792","0.453792","1","Tolerable"
"16853","2","12","Layer 1","18","Sonar","T0830","ATT&CK","Collection","1.43723","0.200242","1","0.287794","0.287794","1","Tolerable"
"17408","2","12","Layer 1","18","Sonar","TID-105","EMB3D","Hardware Fault Injection – Control Flow Modification","1.18175","0.213057","1","0.25178","0.25178","1","Tolerable"
"17658","2","12","Layer 1","18","Sonar","TID-406","EMB3D","Unauthorized Messages or Connections","1.83458","0.176","0.5","0.322886","0.161443","1","Tolerable"
"16340","2","12","Layer 1","18","Sonar","T0887","ATT&CK","Discovery","3.88704","0.0242424","1","0.0942312","0.0942312","1","Tolerable"
"16484","2","12","Layer 1","18","Sonar","T0860","ATT&CK","Initial Access","3.88704","0.0242424","1","0.0942312","0.0942312","1","Tolerable"
"16811","2","12","Layer 1","18","Sonar","T0812","ATT&CK","Lateral Movement","3.88704","0.0242424","1","0.0942312","0.0942312","1","Tolerable"
"17018","2","12","Layer 1","18","Sonar","T0891","ATT&CK","Lateral Movement","3.88704","0.0242424","1","0.0942312","0.0942312","1","Tolerable"
"17058","2","12","Layer 1","18","Sonar","T0859","ATT&CK","Lateral Movement","2.51515","0.0242424","1","0.0609733","0.0609733","1","Tolerable"
"16709","2","12","Layer 1","18","Sonar","T0862","ATT&CK","Initial Access","1.43723","0.0242424","1","0.0348419","0.0348419","1","Tolerable"
"16989","2","12","Layer 1","18","Sonar","T0847","ATT&CK","Initial Access","0.914598","0.0242424","1","0.0221721","0.0221721","1","Tolerable"
"16313","2","12","Layer 1","15","Steering Gear System","T0881","ATT&CK","Inhibit Response Function","2.51515","2.68993","1","6.76557","6.76557","0","Non-tolerable"
"16644","2","12","Layer 1","15","Steering Gear System","T0809","ATT&CK","Inhibit Response Function","2.51515","2.68993","1","6.76557","6.76557","0","Non-tolerable"
"17235","2","12","Layer 1","15","Steering Gear System","T0892","ATT&CK","Inhibit Response Function","2.22117","2.68993","1","5.97478","5.97478","1","Tolerable"
"16384","2","12","Layer 1","15","Steering Gear System","T0814","ATT&CK","Inhibit Response Function","2.51515","2.68993","0.75","6.76557","5.07418","1","Tolerable"
"16295","2","12","Layer 1","15","Steering Gear System","T0803","ATT&CK","Inhibit Response Function","1.43723","2.68993","1","3.86604","3.86604","1","Tolerable"
"16413","2","12","Layer 1","15","Steering Gear System","T0805","ATT&CK","Inhibit Response Function","1.43723","2.68993","1","3.86604","3.86604","1","Tolerable"
"16496","2","12","Layer 1","15","Steering Gear System","T0878","ATT&CK","Inhibit Response Function","1.43723","2.68993","1","3.86604","3.86604","1","Tolerable"
"16572","2","12","Layer 1","15","Steering Gear System","T0835","ATT&CK","Inhibit Response Function","1.43723","2.68993","1","3.86604","3.86604","1","Tolerable"
"16609","2","12","Layer 1","15","Steering Gear System","T0804","ATT&CK","Inhibit Response Function","1.43723","2.68993","1","3.86604","3.86604","1","Tolerable"
"16837","2","12","Layer 1","15","Steering Gear System","T0806","ATT&CK","Impair Process Control","1.43723","2.68993","1","3.86604","3.86604","1","Tolerable"
"17485","2","12","Layer 1","15","Steering Gear System","TID-118","EMB3D","Weak Peripheral Port Electrical Damage Protection","3.88704","0.792926","1","3.08213","3.08213","1","Tolerable"
"16359","2","12","Layer 1","15","Steering Gear System","T0800","ATT&CK","Inhibit Response Function","3.88704","2.68993","0.25","10.4558","2.61396","1","Tolerable"
"16467","2","12","Layer 1","15","Steering Gear System","T0816","ATT&CK","Inhibit Response Function","3.88704","2.68993","0.25","10.4558","2.61396","1","Tolerable"
"16919","2","12","Layer 1","15","Steering Gear System","T0834","ATT&CK","Execution","1.43723","1.68993","1","2.42881","2.42881","1","Tolerable"
"17310","2","12","Layer 1","15","Steering Gear System","TID-101","EMB3D","Power Consumption Analysis Side Channel","3.88704","0.624","1","2.42551","2.42551","1","Tolerable"
"17334","2","12","Layer 1","15","Steering Gear System","TID-102","EMB3D","Electromagnetic Analysis Side Channel","3.88704","0.624","1","2.42551","2.42551","1","Tolerable"
"17436","2","12","Layer 1","15","Steering Gear System","TID-111","EMB3D","Untrusted External Storage","3.88704","0.528","1","2.05236","2.05236","1","Tolerable"
"17450","2","12","Layer 1","15","Steering Gear System","TID-113","EMB3D","Unverified Peripheral Firmware Loaded","3.88704","0.528","1","2.05236","2.05236","1","Tolerable"
"17520","2","12","Layer 1","15","Steering Gear System","TID-301","EMB3D","Applications Binaries Modified","3.88704","0.888926","0.5","3.45529","1.72765","1","Tolerable"
"16742","2","12","Layer 1","15","Steering Gear System","T0856","ATT&CK","Impair Process Control","2.51515","2.68993","0.25","6.76557","1.69139","1","Tolerable"
"17707","2","12","Layer 1","15","Steering Gear System","TID-408","EMB3D","Unencrypted Sensitive Data Communication","2.83525","0.528","1","1.49701","1.49701","1","Tolerable"
"16669","2","12","Layer 1","15","Steering Gear System","T0872","ATT&CK","Evasion","2.51515","0.528","1","1.328","1.328","1","Tolerable"
"17051","2","12","Layer 1","15","Steering Gear System","T0859","ATT&CK","Persistence","2.51515","0.528","1","1.328","1.328","1","Tolerable"
"16627","2","12","Layer 1","15","Steering Gear System","T0855","ATT&CK","Impair Process Control","1.43723","2.68993","0.25","3.86604","0.966511","1","Tolerable"
"16948","2","12","Layer 1","15","Steering Gear System","T0857","ATT&CK","Inhibit Response Function","1.43723","2.68993","0.25","3.86604","0.966511","1","Tolerable"
"17161","2","12","Layer 1","15","Steering Gear System","T0838","ATT&CK","Inhibit Response Function","1.43723","2.68993","0.25","3.86604","0.966511","1","Tolerable"
"17223","2","12","Layer 1","15","Steering Gear System","T0839","ATT&CK","Impair Process Control","1.43723","2.68993","0.25","3.86604","0.966511","1","Tolerable"
"16502","2","12","Layer 1","15","Steering Gear System","T0858","ATT&CK","Execution","2.22117","1.68993","0.25","3.75361","0.938403","1","Tolerable"
"16881","2","12","Layer 1","15","Steering Gear System","T0820","ATT&CK","Evasion","1.43723","0.528","1","0.758857","0.758857","1","Tolerable"
"17090","2","12","Layer 1","15","Steering Gear System","T0890","ATT&CK","Privilege Escalation","1.43723","0.528","1","0.758857","0.758857","1","Tolerable"
"17372","2","12","Layer 1","15","Steering Gear System","TID-103","EMB3D","Microarchitectural Side Channels","1.18175","0.624","1","0.737412","0.737412","1","Tolerable"
"16323","2","12","Layer 1","15","Steering Gear System","T0821","ATT&CK","Execution","1.43723","1.68993","0.25","2.42881","0.607203","1","Tolerable"
"16688","2","12","Layer 1","15","Steering Gear System","T0871","ATT&CK","Execution","1.43723","1.68993","0.25","2.42881","0.607203","1","Tolerable"
"17406","2","12","Layer 1","15","Steering Gear System","TID-105","EMB3D","Hardware Fault Injection – Control Flow Modification","1.18175","0.360926","1","0.426524","0.426524","1","Tolerable"
"16517","2","12","Layer 1","15","Steering Gear System","T0801","ATT&CK","Collection","3.88704","0.096","1","0.373156","0.373156","1","Tolerable"
"17466","2","12","Layer 1","15","Steering Gear System","TID-114","EMB3D","Peripheral Data Bus Interception","3.88704","0.096","1","0.373156","0.373156","1","Tolerable"
"16741","2","12","Layer 1","15","Steering Gear System","T0856","ATT&CK","Evasion","2.51515","0.528","0.25","1.328","0.332","1","Tolerable"
"16503","2","12","Layer 1","15","Steering Gear System","T0858","ATT&CK","Evasion","2.22117","0.528","0.25","1.17278","0.293194","1","Tolerable"
"17243","2","12","Layer 1","15","Steering Gear System","T0889","ATT&CK","Persistence","2.22117","0.528","0.25","1.17278","0.293194","1","Tolerable"
"16678","2","12","Layer 1","15","Steering Gear System","T0877","ATT&CK","Collection","2.51515","0.096","1","0.241454","0.241454","1","Tolerable"
"16949","2","12","Layer 1","15","Steering Gear System","T0857","ATT&CK","Persistence","1.43723","0.528","0.25","0.758857","0.189714","1","Tolerable"
"17222","2","12","Layer 1","15","Steering Gear System","T0839","ATT&CK","Persistence","1.43723","0.528","0.25","0.758857","0.189714","1","Tolerable"
"17654","2","12","Layer 1","15","Steering Gear System","TID-406","EMB3D","Unauthorized Messages or Connections","1.83458","0.096","1","0.17612","0.17612","1","Tolerable"
"16451","2","12","Layer 1","15","Steering Gear System","T0861","ATT&CK","Collection","3.88704","0.096","0.25","0.373156","0.093289","1","Tolerable"
"16505","2","12","Layer 1","15","Steering Gear System","T0868","ATT&CK","Collection","2.22117","0.096","0.25","0.213232","0.0533081","1","Tolerable"
"16567","2","12","Layer 1","15","Steering Gear System","T0845","ATT&CK","Collection","2.22117","0.096","0.25","0.213232","0.0533081","1","Tolerable"
"16857","2","12","Layer 1","15","Steering Gear System","T0830","ATT&CK","Collection","1.43723","0.096","0.25","0.137974","0.0344935","1","Tolerable"
"16557","2","12","Layer 1","15","Steering Gear System","T0888","ATT&CK","Discovery","2.51515","0","1","0","0","1","Tolerable"
"16584","2","12","Layer 1","15","Steering Gear System","T0842","ATT&CK","Discovery","2.51515","0","1","0","0","1","Tolerable"
"16712","2","12","Layer 1","15","Steering Gear System","T0862","ATT&CK","Initial Access","1.43723","0","1","0","0","1","Tolerable"
"16794","2","12","Layer 1","15","Steering Gear System","T0866","ATT&CK","Lateral Movement","3.88704","0","1","0","0","1","Tolerable"
"16795","2","12","Layer 1","15","Steering Gear System","T0866","ATT&CK","Initial Access","3.88704","0","1","0","0","1","Tolerable"
"16810","2","12","Layer 1","15","Steering Gear System","T0812","ATT&CK","Lateral Movement","3.88704","0","1","0","0","1","Tolerable"
"16904","2","12","Layer 1","15","Steering Gear System","T0848","ATT&CK","Initial Access","2.22117","0","0.25","0","0","1","Tolerable"
"16982","2","12","Layer 1","15","Steering Gear System","T0843","ATT&CK","Lateral Movement","2.22117","0","0.25","0","0","1","Tolerable"
"16985","2","12","Layer 1","15","Steering Gear System","T0847","ATT&CK","Initial Access","0.914598","0","1","0","0","1","Tolerable"
"17050","2","12","Layer 1","15","Steering Gear System","T0859","ATT&CK","Lateral Movement","2.51515","0","1","0","0","1","Tolerable"
"17104","2","12","Layer 1","15","Steering Gear System","T0846","ATT&CK","Discovery","2.51515","0","1","0","0","1","Tolerable"
"17142","2","12","Layer 1","15","Steering Gear System","T0869","ATT&CK","Command and Control","3.88704","0","1","0","0","1","Tolerable"
"17204","2","12","Layer 1","15","Steering Gear System","T0840","ATT&CK","Discovery","2.51515","0","1","0","0","1","Tolerable"
"17516","2","12","Layer 2","30","Target Model","TID-222","EMB3D","Critical System Service May Be Disabled","3.88704","1.42691","1","5.54647","5.54647","1","Tolerable"
"17623","2","12","Layer 2","30","Target Model","TID-404","EMB3D","Remotely Triggerable Deadlock/DoS","3.88704","1.42691","1","5.54647","5.54647","1","Tolerable"
"17272","2","12","Layer 2","30","Target Model","AML.T0031","ATLAS","Erode ML Model Integrity","2.22117","2.10491","1","4.67537","4.67537","1","Tolerable"
"17339","2","12","Layer 2","30","Target Model","TID-101","EMB3D","Power Consumption Analysis Side Channel","3.88704","0.952","1","3.70046","3.70046","1","Tolerable"
"17368","2","12","Layer 2","30","Target Model","TID-102","EMB3D","Electromagnetic Analysis Side Channel","3.88704","0.952","1","3.70046","3.70046","1","Tolerable"
"17545","2","12","Layer 2","30","Target Model","TID-301","EMB3D","Applications Binaries Modified","3.88704","1.19191","0.5","4.63301","2.31651","1","Tolerable"
"17571","2","12","Layer 2","30","Target Model","TID-310","EMB3D","Remotely Accessible Unauthenticated Services","3.88704","0.512","1","1.99016","1.99016","1","Tolerable"
"17586","2","12","Layer 2","30","Target Model","TID-326","EMB3D","Insecure Deserialization","3.88704","0.512","1","1.99016","1.99016","1","Tolerable"
"17613","2","12","Layer 2","30","Target Model","TID-401","EMB3D","Undocumented Protocol Features","3.88704","0.512","1","1.99016","1.99016","1","Tolerable"
"17438","2","12","Layer 2","30","Target Model","TID-109","EMB3D","RAM Chip Contents Readout","3.88704","0.44","1","1.7103","1.7103","1","Tolerable"
"17733","2","12","Layer 2","30","Target Model","TID-408","EMB3D","Unencrypted Sensitive Data Communication","2.83525","0.512","1","1.45165","1.45165","1","Tolerable"
"17392","2","12","Layer 2","30","Target Model","TID-103","EMB3D","Microarchitectural Side Channels","1.18175","0.952","1","1.12503","1.12503","1","Tolerable"
"17267","2","12","Layer 2","30","Target Model","AML.T0018","ATLAS","Persistence","1.62015","0.512","1","0.829517","0.829517","1","Tolerable"
"17682","2","12","Layer 2","30","Target Model","TID-406","EMB3D","Unauthorized Messages or Connections","1.83458","0.44","1","0.807215","0.807215","1","Tolerable"
"17430","2","12","Layer 2","30","Target Model","TID-105","EMB3D","Hardware Fault Injection – Control Flow Modification","1.18175","0.679913","1","0.803487","0.803487","1","Tolerable"
"17258","2","12","Layer 2","30","Target Model","AML.T0040","ATLAS","ML Model Access","2.83525","0.815","0.25","2.31073","0.577682","1","Tolerable"
"17264","2","12","Layer 2","30","Target Model","AML.T0024.002","ATLAS","Exfiltration","2.22117","0.464242","0.5","1.03116","0.515581","1","Tolerable"
"17265","2","12","Layer 2","30","Target Model","AML.T0024.001","ATLAS","Exfiltration","2.22117","0.464242","0.5","1.03116","0.515581","1","Tolerable"
"17699","2","12","Layer 2","30","Target Model","TID-407","EMB3D","Missing Message Replay Protection","0.914598","0.512","1","0.468274","0.468274","1","Tolerable"
"17637","2","12","Layer 2","30","Target Model","TID-405","EMB3D","Network Stack Resource Exhaustion","2.83525","0.0242424","1","0.0687333","0.0687333","1","Tolerable"
"17256","2","12","Layer 2","30","Target Model","AML.T0010.003","ATLAS","Initial Access","3.88704","0.0242424","0.5","0.0942312","0.0471156","1","Tolerable"
"17268","2","12","Layer 2","30","Target Model","AML.T0018","ATLAS","ML Attack Staging","1.62015","0.0242424","1","0.0392763","0.0392763","1","Tolerable"
"17296","2","12","Layer 2","31","Training Data Asset","AML.T0031","ATLAS","Erode ML Model Integrity","2.22117","2.28091","1","5.0663","5.0663","1","Tolerable"
"17292","2","12","Layer 2","31","Training Data Asset","AML.T0020","ATLAS","Persistence","1.62015","0.552","0.25","0.894323","0.223581","1","Tolerable"
"17304","2","12","Layer 2","31","Training Data Asset","AML.T0043.004","ATLAS","ML Attack Staging","0.705547","0.0242424","1","0.0171042","0.0171042","1","Tolerable"
"17263","2","12","Layer 2","31","Training Data Asset","AML.T0010.002","ATLAS","Initial Access","1.62015","0.0242424","0.25","0.0392763","0.00981908","1","Tolerable"
"17291","2","12","Layer 2","31","Training Data Asset","AML.T0020","ATLAS","Resource Development","1.62015","0.0242424","0.25","0.0392763","0.00981908","1","Tolerable"
"17259","2","12","Layer 2","31","Training Data Asset","AML.T0010","ATLAS","Initial Access","0.514634","0.0242424","0.5","0.012476","0.00623798","1","Tolerable"
"17503","2","12","Layer 2","26","Vessel Traffic Services Decision Integration","TID-222","EMB3D","Critical System Service May Be Disabled","3.88704","0.798429","1","3.10353","3.10353","1","Tolerable"
"17608","2","12","Layer 2","26","Vessel Traffic Services Decision Integration","TID-404","EMB3D","Remotely Triggerable Deadlock/DoS","3.88704","0.798429","1","3.10353","3.10353","1","Tolerable"
"16394","2","12","Layer 2","26","Vessel Traffic Services Decision Integration","T0814","ATT&CK","Inhibit Response Function","2.51515","1.21043","1","3.04441","3.04441","1","Tolerable"
"16651","2","12","Layer 2","26","Vessel Traffic Services Decision Integration","T0809","ATT&CK","Inhibit Response Function","2.51515","1.21043","1","3.04441","3.04441","1","Tolerable"
"17236","2","12","Layer 2","26","Vessel Traffic Services Decision Integration","T0892","ATT&CK","Inhibit Response Function","2.22117","1.21043","1","2.68857","2.68857","1","Tolerable"
"17525","2","12","Layer 2","26","Vessel Traffic Services Decision Integration","TID-301","EMB3D","Applications Binaries Modified","3.88704","0.662429","1","2.57489","2.57489","1","Tolerable"
"17318","2","12","Layer 2","26","Vessel Traffic Services Decision Integration","TID-101","EMB3D","Power Consumption Analysis Side Channel","3.88704","0.552","1","2.14565","2.14565","1","Tolerable"
"17348","2","12","Layer 2","26","Vessel Traffic Services Decision Integration","TID-102","EMB3D","Electromagnetic Analysis Side Channel","3.88704","0.552","1","2.14565","2.14565","1","Tolerable"
"16440","2","12","Layer 2","26","Vessel Traffic Services Decision Integration","T0807","ATT&CK","Execution","2.51515","0.734671","1","1.84781","1.84781","1","Tolerable"
"16543","2","12","Layer 2","26","Vessel Traffic Services Decision Integration","T0853","ATT&CK","Execution","2.51515","0.734671","1","1.84781","1.84781","1","Tolerable"
"16897","2","12","Layer 2","26","Vessel Traffic Services Decision Integration","T0823","ATT&CK","Execution","2.51515","0.734671","1","1.84781","1.84781","1","Tolerable"
"16620","2","12","Layer 2","26","Vessel Traffic Services Decision Integration","T0804","ATT&CK","Inhibit Response Function","1.43723","1.21043","1","1.73966","1.73966","1","Tolerable"
"16315","2","12","Layer 2","26","Vessel Traffic Services Decision Integration","T0881","ATT&CK","Inhibit Response Function","2.51515","1.21043","0.5","3.04441","1.52221","1","Tolerable"
"16367","2","12","Layer 2","26","Vessel Traffic Services Decision Integration","T0800","ATT&CK","Inhibit Response Function","3.88704","1.21043","0.25","4.70499","1.17625","1","Tolerable"
"16475","2","12","Layer 2","26","Vessel Traffic Services Decision Integration","T0816","ATT&CK","Inhibit Response Function","3.88704","1.21043","0.25","4.70499","1.17625","1","Tolerable"
"16527","2","12","Layer 2","26","Vessel Traffic Services Decision Integration","T0801","ATT&CK","Collection","3.88704","0.288242","1","1.12041","1.12041","1","Tolerable"
"17548","2","12","Layer 2","26","Vessel Traffic Services Decision Integration","TID-310","EMB3D","Remotely Accessible Unauthenticated Services","3.88704","0.288","1","1.11947","1.11947","1","Tolerable"
"17566","2","12","Layer 2","26","Vessel Traffic Services Decision Integration","TID-326","EMB3D","Insecure Deserialization","3.88704","0.288","1","1.11947","1.11947","1","Tolerable"
"17592","2","12","Layer 2","26","Vessel Traffic Services Decision Integration","TID-401","EMB3D","Undocumented Protocol Features","3.88704","0.288","1","1.11947","1.11947","1","Tolerable"
"16692","2","12","Layer 2","26","Vessel Traffic Services Decision Integration","T0871","ATT&CK","Execution","1.43723","0.734671","1","1.05589","1.05589","1","Tolerable"
"16923","2","12","Layer 2","26","Vessel Traffic Services Decision Integration","T0834","ATT&CK","Execution","1.43723","0.734671","1","1.05589","1.05589","1","Tolerable"
"16421","2","12","Layer 2","26","Vessel Traffic Services Decision Integration","T0805","ATT&CK","Inhibit Response Function","1.43723","1.21043","0.5","1.73966","0.869832","1","Tolerable"
"17714","2","12","Layer 2","26","Vessel Traffic Services Decision Integration","TID-408","EMB3D","Unencrypted Sensitive Data Communication","2.83525","0.288","1","0.816552","0.816552","1","Tolerable"
"16756","2","12","Layer 2","26","Vessel Traffic Services Decision Integration","T0856","ATT&CK","Impair Process Control","2.51515","1.21043","0.25","3.04441","0.761103","1","Tolerable"
"16671","2","12","Layer 2","26","Vessel Traffic Services Decision Integration","T0872","ATT&CK","Evasion","2.51515","0.288","1","0.724363","0.724363","1","Tolerable"
"17063","2","12","Layer 2","26","Vessel Traffic Services Decision Integration","T0859","ATT&CK","Persistence","2.51515","0.288","1","0.724363","0.724363","1","Tolerable"
"17381","2","12","Layer 2","26","Vessel Traffic Services Decision Integration","TID-103","EMB3D","Microarchitectural Side Channels","1.18175","0.552","1","0.652326","0.652326","1","Tolerable"
"17725","2","12","Layer 2","26","Vessel Traffic Services Decision Integration","TID-412","EMB3D","Network Routing Capability Abuse","2.83525","0.288","0.75","0.816552","0.612414","1","Tolerable"
"17665","2","12","Layer 2","26","Vessel Traffic Services Decision Integration","TID-406","EMB3D","Unauthorized Messages or Connections","1.83458","0.264","1","0.484329","0.484329","1","Tolerable"
"17414","2","12","Layer 2","26","Vessel Traffic Services Decision Integration","TID-105","EMB3D","Hardware Fault Injection – Control Flow Modification","1.18175","0.374429","1","0.442481","0.442481","1","Tolerable"
"16952","2","12","Layer 2","26","Vessel Traffic Services Decision Integration","T0857","ATT&CK","Inhibit Response Function","1.43723","1.21043","0.25","1.73966","0.434916","1","Tolerable"
"16884","2","12","Layer 2","26","Vessel Traffic Services Decision Integration","T0820","ATT&CK","Evasion","1.43723","0.288","1","0.413922","0.413922","1","Tolerable"
"16966","2","12","Layer 2","26","Vessel Traffic Services Decision Integration","T0849","ATT&CK","Evasion","1.43723","0.288","1","0.413922","0.413922","1","Tolerable"
"17085","2","12","Layer 2","26","Vessel Traffic Services Decision Integration","T0890","ATT&CK","Privilege Escalation","1.43723","0.288","1","0.413922","0.413922","1","Tolerable"
"16755","2","12","Layer 2","26","Vessel Traffic Services Decision Integration","T0856","ATT&CK","Evasion","2.51515","0.288","0.25","0.724363","0.181091","1","Tolerable"
"17684","2","12","Layer 2","26","Vessel Traffic Services Decision Integration","TID-407","EMB3D","Missing Message Replay Protection","0.914598","0.288","0.5","0.263404","0.131702","1","Tolerable"
"16865","2","12","Layer 2","26","Vessel Traffic Services Decision Integration","T0830","ATT&CK","Collection","1.43723","0.288242","0.25","0.414271","0.103568","1","Tolerable"
"16953","2","12","Layer 2","26","Vessel Traffic Services Decision Integration","T0857","ATT&CK","Persistence","1.43723","0.288","0.25","0.413922","0.103481","1","Tolerable"
"16821","2","12","Layer 2","26","Vessel Traffic Services Decision Integration","T0812","ATT&CK","Lateral Movement","3.88704","0.0242424","1","0.0942312","0.0942312","1","Tolerable"
"17119","2","12","Layer 2","26","Vessel Traffic Services Decision Integration","T0884","ATT&CK","Command and Control","3.88704","0.0242424","1","0.0942312","0.0942312","1","Tolerable"
"17627","2","12","Layer 2","26","Vessel Traffic Services Decision Integration","TID-405","EMB3D","Network Stack Resource Exhaustion","2.83525","0.0242424","1","0.0687333","0.0687333","1","Tolerable"
"16560","2","12","Layer 2","26","Vessel Traffic Services Decision Integration","T0888","ATT&CK","Discovery","2.51515","0.0242424","1","0.0609733","0.0609733","1","Tolerable"
"17062","2","12","Layer 2","26","Vessel Traffic Services Decision Integration","T0859","ATT&CK","Lateral Movement","2.51515","0.0242424","1","0.0609733","0.0609733","1","Tolerable"
"17108","2","12","Layer 2","26","Vessel Traffic Services Decision Integration","T0846","ATT&CK","Discovery","2.51515","0.0242424","1","0.0609733","0.0609733","1","Tolerable"
"17206","2","12","Layer 2","26","Vessel Traffic Services Decision Integration","T0840","ATT&CK","Discovery","2.51515","0.0242424","1","0.0609733","0.0609733","1","Tolerable"
"16790","2","12","Layer 2","26","Vessel Traffic Services Decision Integration","T0866","ATT&CK","Lateral Movement","3.88704","0.0242424","0.5","0.0942312","0.0471156","1","Tolerable"
"16791","2","12","Layer 2","26","Vessel Traffic Services Decision Integration","T0866","ATT&CK","Initial Access","3.88704","0.0242424","0.5","0.0942312","0.0471156","1","Tolerable"
"17138","2","12","Layer 2","26","Vessel Traffic Services Decision Integration","T0869","ATT&CK","Command and Control","3.88704","0.0242424","0.5","0.0942312","0.0471156","1","Tolerable"
"17189","2","12","Layer 2","26","Vessel Traffic Services Decision Integration","T0885","ATT&CK","Command and Control","3.88704","0.0242424","0.5","0.0942312","0.0471156","1","Tolerable"
"16721","2","12","Layer 2","26","Vessel Traffic Services Decision Integration","T0862","ATT&CK","Initial Access","1.43723","0.0242424","1","0.0348419","0.0348419","1","Tolerable"
"16587","2","12","Layer 2","26","Vessel Traffic Services Decision Integration","T0842","ATT&CK","Discovery","2.51515","0.0242424","0.5","0.0609733","0.0304866","1","Tolerable"
"16833","2","12","Layer 2","26","Vessel Traffic Services Decision Integration","T0822","ATT&CK","Initial Access","2.22117","0.0242424","0.5","0.0538465","0.0269232","1","Tolerable"
"16998","2","12","Layer 2","26","Vessel Traffic Services Decision Integration","T0847","ATT&CK","Initial Access","0.914598","0.0242424","1","0.0221721","0.0221721","1","Tolerable"
"17172","2","12","Layer 2","26","Vessel Traffic Services Decision Integration","T0886","ATT&CK","Lateral Movement","1.43723","0.0242424","0.5","0.0348419","0.017421","1","Tolerable"
"17173","2","12","Layer 2","26","Vessel Traffic Services Decision Integration","T0886","ATT&CK","Initial Access","1.43723","0.0242424","0.5","0.0348419","0.017421","1","Tolerable"
"16379","2","12","Layer 1","9","Vessel Traffic Services Interface","T0814","ATT&CK","Inhibit Response Function","2.51515","1.16","1","2.91757","2.91757","1","Tolerable"
"16639","2","12","Layer 1","9","Vessel Traffic Services Interface","T0809","ATT&CK","Inhibit Response Function","2.51515","1.16","1","2.91757","2.91757","1","Tolerable"
"17496","2","12","Layer 1","9","Vessel Traffic Services Interface","TID-222","EMB3D","Critical System Service May Be Disabled","3.88704","0.692","1","2.68983","2.68983","1","Tolerable"
"17603","2","12","Layer 1","9","Vessel Traffic Services Interface","TID-404","EMB3D","Remotely Triggerable Deadlock/DoS","3.88704","0.692","1","2.68983","2.68983","1","Tolerable"
"17232","2","12","Layer 1","9","Vessel Traffic Services Interface","T0892","ATT&CK","Inhibit Response Function","2.22117","1.16","1","2.57656","2.57656","1","Tolerable"
"17512","2","12","Layer 1","9","Vessel Traffic Services Interface","TID-301","EMB3D","Applications Binaries Modified","3.88704","0.556","1","2.16119","2.16119","1","Tolerable"
"17301","2","12","Layer 1","9","Vessel Traffic Services Interface","TID-101","EMB3D","Power Consumption Analysis Side Channel","3.88704","0.496","1","1.92797","1.92797","1","Tolerable"
"17330","2","12","Layer 1","9","Vessel Traffic Services Interface","TID-102","EMB3D","Electromagnetic Analysis Side Channel","3.88704","0.496","1","1.92797","1.92797","1","Tolerable"
"16435","2","12","Layer 1","9","Vessel Traffic Services Interface","T0807","ATT&CK","Execution","2.51515","0.684","1","1.72036","1.72036","1","Tolerable"
"16535","2","12","Layer 1","9","Vessel Traffic Services Interface","T0853","ATT&CK","Execution","2.51515","0.684","1","1.72036","1.72036","1","Tolerable"
"16894","2","12","Layer 1","9","Vessel Traffic Services Interface","T0823","ATT&CK","Execution","2.51515","0.684","1","1.72036","1.72036","1","Tolerable"
"16603","2","12","Layer 1","9","Vessel Traffic Services Interface","T0804","ATT&CK","Inhibit Response Function","1.43723","1.16","1","1.66719","1.66719","1","Tolerable"
"16306","2","12","Layer 1","9","Vessel Traffic Services Interface","T0881","ATT&CK","Inhibit Response Function","2.51515","1.16","0.5","2.91757","1.45879","1","Tolerable"
"16353","2","12","Layer 1","9","Vessel Traffic Services Interface","T0800","ATT&CK","Inhibit Response Function","3.88704","1.16","0.25","4.50897","1.12724","1","Tolerable"
"16457","2","12","Layer 1","9","Vessel Traffic Services Interface","T0816","ATT&CK","Inhibit Response Function","3.88704","1.16","0.25","4.50897","1.12724","1","Tolerable"
"16510","2","12","Layer 1","9","Vessel Traffic Services Interface","T0801","ATT&CK","Collection","3.88704","0.288","1","1.11947","1.11947","1","Tolerable"
"16686","2","12","Layer 1","9","Vessel Traffic Services Interface","T0871","ATT&CK","Execution","1.43723","0.684","1","0.983065","0.983065","1","Tolerable"
"16913","2","12","Layer 1","9","Vessel Traffic Services Interface","T0834","ATT&CK","Execution","1.43723","0.684","1","0.983065","0.983065","1","Tolerable"
"17537","2","12","Layer 1","9","Vessel Traffic Services Interface","TID-310","EMB3D","Remotely Accessible Unauthenticated Services","3.88704","0.232","1","0.901793","0.901793","1","Tolerable"
"17585","2","12","Layer 1","9","Vessel Traffic Services Interface","TID-401","EMB3D","Undocumented Protocol Features","3.88704","0.232","1","0.901793","0.901793","1","Tolerable"
"16403","2","12","Layer 1","9","Vessel Traffic Services Interface","T0805","ATT&CK","Inhibit Response Function","1.43723","1.16","0.5","1.66719","0.833593","1","Tolerable"
"16744","2","12","Layer 1","9","Vessel Traffic Services Interface","T0856","ATT&CK","Impair Process Control","2.51515","1.16","0.25","2.91757","0.729393","1","Tolerable"
"17697","2","12","Layer 1","9","Vessel Traffic Services Interface","TID-408","EMB3D","Unencrypted Sensitive Data Communication","2.83525","0.232","1","0.657778","0.657778","1","Tolerable"
"17361","2","12","Layer 1","9","Vessel Traffic Services Interface","TID-103","EMB3D","Microarchitectural Side Channels","1.18175","0.496","1","0.586148","0.586148","1","Tolerable"
"16662","2","12","Layer 1","9","Vessel Traffic Services Interface","T0872","ATT&CK","Evasion","2.51515","0.232","1","0.583515","0.583515","1","Tolerable"
"17726","2","12","Layer 1","9","Vessel Traffic Services Interface","TID-412","EMB3D","Network Routing Capability Abuse","2.83525","0.232","0.75","0.657778","0.493333","1","Tolerable"
"17641","2","12","Layer 1","9","Vessel Traffic Services Interface","TID-406","EMB3D","Unauthorized Messages or Connections","1.83458","0.264","1","0.484329","0.484329","1","Tolerable"
"16931","2","12","Layer 1","9","Vessel Traffic Services Interface","T0857","ATT&CK","Inhibit Response Function","1.43723","1.16","0.25","1.66719","0.416797","1","Tolerable"
"17402","2","12","Layer 1","9","Vessel Traffic Services Interface","TID-105","EMB3D","Hardware Fault Injection – Control Flow Modification","1.18175","0.324","1","0.382887","0.382887","1","Tolerable"
"16871","2","12","Layer 1","9","Vessel Traffic Services Interface","T0820","ATT&CK","Evasion","1.43723","0.232","1","0.333437","0.333437","1","Tolerable"
"16945","2","12","Layer 1","9","Vessel Traffic Services Interface","T0849","ATT&CK","Evasion","1.43723","0.232","1","0.333437","0.333437","1","Tolerable"
"17079","2","12","Layer 1","9","Vessel Traffic Services Interface","T0890","ATT&CK","Privilege Escalation","1.43723","0.232","1","0.333437","0.333437","1","Tolerable"
"17037","2","12","Layer 1","9","Vessel Traffic Services Interface","T0859","ATT&CK","Persistence","2.51515","0.232","0.5","0.583515","0.291757","1","Tolerable"
"16743","2","12","Layer 1","9","Vessel Traffic Services Interface","T0856","ATT&CK","Evasion","2.51515","0.232","0.25","0.583515","0.145879","1","Tolerable"
"17677","2","12","Layer 1","9","Vessel Traffic Services Interface","TID-407","EMB3D","Missing Message Replay Protection","0.914598","0.232","0.5","0.212187","0.106093","1","Tolerable"
"16849","2","12","Layer 1","9","Vessel Traffic Services Interface","T0830","ATT&CK","Collection","1.43723","0.288","0.25","0.413922","0.103481","1","Tolerable"
"16796","2","12","Layer 1","9","Vessel Traffic Services Interface","T0812","ATT&CK","Lateral Movement","3.88704","0.024","1","0.093289","0.093289","1","Tolerable"
"16932","2","12","Layer 1","9","Vessel Traffic Services Interface","T0857","ATT&CK","Persistence","1.43723","0.232","0.25","0.333437","0.0833593","1","Tolerable"
"16549","2","12","Layer 1","9","Vessel Traffic Services Interface","T0888","ATT&CK","Discovery","2.51515","0.024","1","0.0603636","0.0603636","1","Tolerable"
"17101","2","12","Layer 1","9","Vessel Traffic Services Interface","T0846","ATT&CK","Discovery","2.51515","0.024","1","0.0603636","0.0603636","1","Tolerable"
"17200","2","12","Layer 1","9","Vessel Traffic Services Interface","T0840","ATT&CK","Discovery","2.51515","0.024","1","0.0603636","0.0603636","1","Tolerable"
"16771","2","12","Layer 1","9","Vessel Traffic Services Interface","T0866","ATT&CK","Lateral Movement","3.88704","0.024","0.5","0.093289","0.0466445","1","Tolerable"
"16772","2","12","Layer 1","9","Vessel Traffic Services Interface","T0866","ATT&CK","Initial Access","3.88704","0.024","0.5","0.093289","0.0466445","1","Tolerable"
"17117","2","12","Layer 1","9","Vessel Traffic Services Interface","T0884","ATT&CK","Command and Control","3.88704","0.024","0.5","0.093289","0.0466445","1","Tolerable"
"17132","2","12","Layer 1","9","Vessel Traffic Services Interface","T0869","ATT&CK","Command and Control","3.88704","0.024","0.5","0.093289","0.0466445","1","Tolerable"
"17187","2","12","Layer 1","9","Vessel Traffic Services Interface","T0885","ATT&CK","Command and Control","3.88704","0.024","0.5","0.093289","0.0466445","1","Tolerable"
"16704","2","12","Layer 1","9","Vessel Traffic Services Interface","T0862","ATT&CK","Initial Access","1.43723","0.024","1","0.0344935","0.0344935","1","Tolerable"
"17625","2","12","Layer 1","9","Vessel Traffic Services Interface","TID-405","EMB3D","Network Stack Resource Exhaustion","2.83525","0.024","0.5","0.068046","0.034023","1","Tolerable"
"16580","2","12","Layer 1","9","Vessel Traffic Services Interface","T0842","ATT&CK","Discovery","2.51515","0.024","0.5","0.0603636","0.0301818","1","Tolerable"
"17036","2","12","Layer 1","9","Vessel Traffic Services Interface","T0859","ATT&CK","Lateral Movement","2.51515","0.024","0.5","0.0603636","0.0301818","1","Tolerable"
"16831","2","12","Layer 1","9","Vessel Traffic Services Interface","T0822","ATT&CK","Initial Access","2.22117","0.024","0.5","0.0533081","0.026654","1","Tolerable"
"16983","2","12","Layer 1","9","Vessel Traffic Services Interface","T0847","ATT&CK","Initial Access","0.914598","0.024","1","0.0219504","0.0219504","1","Tolerable"
"17155","2","12","Layer 1","9","Vessel Traffic Services Interface","T0886","ATT&CK","Lateral Movement","1.43723","0.024","0.5","0.0344935","0.0172468","1","Tolerable"
"17156","2","12","Layer 1","9","Vessel Traffic Services Interface","T0886","ATT&CK","Initial Access","1.43723","0.024","0.5","0.0344935","0.0172468","1","Tolerable"
"16361","2","12","Layer 1","20","Weather Transmission System","T0800","ATT&CK","Inhibit Response Function","3.88704","0.762057","1","2.96215","2.96215","1","Tolerable"
"16471","2","12","Layer 1","20","Weather Transmission System","T0816","ATT&CK","Inhibit Response Function","3.88704","0.762057","1","2.96215","2.96215","1","Tolerable"
"16389","2","12","Layer 1","20","Weather Transmission System","T0814","ATT&CK","Inhibit Response Function","2.51515","0.762057","1","1.91669","1.91669","1","Tolerable"
"16650","2","12","Layer 1","20","Weather Transmission System","T0809","ATT&CK","Inhibit Response Function","2.51515","0.762057","1","1.91669","1.91669","1","Tolerable"
"17500","2","12","Layer 1","20","Weather Transmission System","TID-222","EMB3D","Critical System Service May Be Disabled","3.88704","0.424057","1","1.64833","1.64833","1","Tolerable"
"17609","2","12","Layer 1","20","Weather Transmission System","TID-404","EMB3D","Remotely Triggerable Deadlock/DoS","3.88704","0.424057","1","1.64833","1.64833","1","Tolerable"
"16296","2","12","Layer 1","20","Weather Transmission System","T0803","ATT&CK","Inhibit Response Function","1.43723","0.762057","1","1.09525","1.09525","1","Tolerable"
"16416","2","12","Layer 1","20","Weather Transmission System","T0805","ATT&CK","Inhibit Response Function","1.43723","0.762057","1","1.09525","1.09525","1","Tolerable"
"16616","2","12","Layer 1","20","Weather Transmission System","T0804","ATT&CK","Inhibit Response Function","1.43723","0.762057","1","1.09525","1.09525","1","Tolerable"
"16691","2","12","Layer 1","20","Weather Transmission System","T0871","ATT&CK","Execution","1.43723","0.5363","1","0.770786","0.770786","1","Tolerable"
"16918","2","12","Layer 1","20","Weather Transmission System","T0834","ATT&CK","Execution","1.43723","0.5363","1","0.770786","0.770786","1","Tolerable"
"17524","2","12","Layer 1","20","Weather Transmission System","TID-301","EMB3D","Applications Binaries Modified","3.88704","0.157057","1","0.610488","0.610488","1","Tolerable"
"17308","2","12","Layer 1","20","Weather Transmission System","TID-101","EMB3D","Power Consumption Analysis Side Channel","3.88704","0.12","1","0.466445","0.466445","1","Tolerable"
"17345","2","12","Layer 1","20","Weather Transmission System","TID-102","EMB3D","Electromagnetic Analysis Side Channel","3.88704","0.12","1","0.466445","0.466445","1","Tolerable"
"17013","2","12","Layer 1","20","Weather Transmission System","T0891","ATT&CK","Persistence","3.88704","0.112","1","0.435348","0.435348","1","Tolerable"
"17590","2","12","Layer 1","20","Weather Transmission System","TID-401","EMB3D","Undocumented Protocol Features","3.88704","0.112","1","0.435348","0.435348","1","Tolerable"
"17712","2","12","Layer 1","20","Weather Transmission System","TID-408","EMB3D","Unencrypted Sensitive Data Communication","2.83525","0.112","1","0.317548","0.317548","1","Tolerable"
"17061","2","12","Layer 1","20","Weather Transmission System","T0859","ATT&CK","Persistence","2.51515","0.112","1","0.281697","0.281697","1","Tolerable"
"17377","2","12","Layer 1","20","Weather Transmission System","TID-103","EMB3D","Microarchitectural Side Channels","1.18175","0.12","1","0.14181","0.14181","1","Tolerable"
"16337","2","12","Layer 1","20","Weather Transmission System","T0887","ATT&CK","Collection","3.88704","0.0322424","1","0.125327","0.125327","1","Tolerable"
"16523","2","12","Layer 1","20","Weather Transmission System","T0801","ATT&CK","Collection","3.88704","0.0322424","1","0.125327","0.125327","1","Tolerable"
"17547","2","12","Layer 1","20","Weather Transmission System","TID-310","EMB3D","Remotely Accessible Unauthenticated Services","3.88704","0.112","0.25","0.435348","0.108837","1","Tolerable"
"16336","2","12","Layer 1","20","Weather Transmission System","T0887","ATT&CK","Discovery","3.88704","0.0242424","1","0.0942312","0.0942312","1","Tolerable"
"16488","2","12","Layer 1","20","Weather Transmission System","T0860","ATT&CK","Initial Access","3.88704","0.0242424","1","0.0942312","0.0942312","1","Tolerable"
"16817","2","12","Layer 1","20","Weather Transmission System","T0812","ATT&CK","Lateral Movement","3.88704","0.0242424","1","0.0942312","0.0942312","1","Tolerable"
"17012","2","12","Layer 1","20","Weather Transmission System","T0891","ATT&CK","Lateral Movement","3.88704","0.0242424","1","0.0942312","0.0942312","1","Tolerable"
"16558","2","12","Layer 1","20","Weather Transmission System","T0888","ATT&CK","Discovery","2.51515","0.0242424","1","0.0609733","0.0609733","1","Tolerable"
"17060","2","12","Layer 1","20","Weather Transmission System","T0859","ATT&CK","Lateral Movement","2.51515","0.0242424","1","0.0609733","0.0609733","1","Tolerable"
"17407","2","12","Layer 1","20","Weather Transmission System","TID-105","EMB3D","Hardware Fault Injection – Control Flow Modification","1.18175","0.0450572","1","0.0532463","0.0532463","1","Tolerable"
"17679","2","12","Layer 1","20","Weather Transmission System","TID-407","EMB3D","Missing Message Replay Protection","0.914598","0.112","0.5","0.102435","0.0512175","1","Tolerable"
"16858","2","12","Layer 1","20","Weather Transmission System","T0830","ATT&CK","Collection","1.43723","0.0322424","1","0.0463397","0.0463397","1","Tolerable"
"16716","2","12","Layer 1","20","Weather Transmission System","T0862","ATT&CK","Initial Access","1.43723","0.0242424","1","0.0348419","0.0348419","1","Tolerable"
"17630","2","12","Layer 1","20","Weather Transmission System","TID-405","EMB3D","Network Stack Resource Exhaustion","2.83525","0.0242424","0.5","0.0687333","0.0343666","1","Tolerable"
"16994","2","12","Layer 1","20","Weather Transmission System","T0847","ATT&CK","Initial Access","0.914598","0.0242424","1","0.0221721","0.0221721","1","Tolerable"
"17660","2","12","Layer 1","20","Weather Transmission System","TID-406","EMB3D","Unauthorized Messages or Connections","1.83458","0.008","0.25","0.0146766","0.00366916","1","Tolerable"
