"record_id","component_id","component_name","identifier","consequence","operational_metric","confidentiality_metric","integrity_metric","availability_metric","uses_i2cf","uses_i2mf","stored_impact","implementation_impact_recomputed","implementation_matches_stored","omitted_confidentiality_contribution","omitted_integrity_contribution","omitted_availability_contribution","total_omitted_cia_contribution","full_formula_impact","stored_unmitigated_risk","full_formula_unmitigated_risk","stored_residual_risk","full_formula_residual_risk","stored_tolerable","full_formula_tolerable","tolerability_changed"
"16318","12","Controllable Pitch Propeller","T0821","Execution","OOI","","InC","","0","0","1.6151","1.615096","1","0","1","0","1","2.615096","2.32126","3.7584944241","0.580316","0.939623606","1","1","0"
"16319","34","Collision Avoidance System","T0821","Execution","OOI","","InC","","0","0","2.02681","2.02681388","1","0","1","0","1","3.02681388","2.913","4.3502277128","2.913","4.3502277128","1","1","0"
"16321","16","Engine Control Mechanism","T0821","Execution","OOI","","InC","","0","0","1.86082","1.86082088","1","0","1","0","1","2.86082088","2.67443","4.1116575934","0.668607","1.0279143983","1","1","0"
"16322","16","Engine Control Mechanism","T0836","Impair Process Control","I2CF","","","","1","0","2.81234","2.812336","1","0","0","0","0","2.812336","6.24668","6.2466763531","1.56167","1.5616690883","1","1","0"
"16323","15","Steering Gear System","T0821","Execution","OOI","","InC","","0","0","1.68993","1.689926","1","0","1","0","1","2.689926","2.42881","3.866042345","0.607203","0.9665105862","1","1","0"
"16324","2","GNSS / GPS Receiver","T0887","Discovery","","CoC","","","0","0","0.0242424","0.0242424","1","0.392","0","0","0.392","0.4162424","0.0942312","1.6179508585","0.0942312","1.6179508585","1","1","0"
"16325","2","GNSS / GPS Receiver","T0887","Collection","","CoC","","","0","0","0.464242","0.4642424","1","0.392","0","0","0.392","0.8562424","1.80453","3.3282484585","1.80453","3.3282484585","1","1","0"
"16326","3","AIS Interface","T0887","Discovery","","CoC","","","0","0","0.0484849","0.04848488","1","0.007","0","0","0.007","0.05548488","0.188463","0.215671948","0.188463","0.215671948","1","1","0"
"16327","3","AIS Interface","T0887","Collection","","CoC","","","0","0","0.488485","0.48848488","1","0.007","0","0","0.007","0.49548488","1.89876","1.925969548","1.89876","1.925969548","1","1","0"
"16328","13","Rudder Angle Indicator","T0887","Discovery","","CoC","","","0","0","0.0242424","0.0242424","1","0.007","0","0","0.007","0.0312424","0.0942312","0.1214404585","0.0942312","0.1214404585","1","1","0"
"16329","13","Rudder Angle Indicator","T0887","Collection","","CoC","","","0","0","0.0322424","0.0322424","1","0.007","0","0","0.007","0.0392424","0.125327","0.1525367785","0.125327","0.1525367785","1","1","0"
"16330","17","LiDAR","T0887","Discovery","","CoC","","","0","0","0.0242424","0.0242424","1","0.007","0","0","0.007","0.0312424","0.0942312","0.1214404585","0.0942312","0.1214404585","1","1","0"
"16331","17","LiDAR","T0887","Collection","","CoC","","","0","0","0.0322424","0.0322424","1","0.007","0","0","0.007","0.0392424","0.125327","0.1525367785","0.125327","0.1525367785","1","1","0"
"16332","5","RADAR / ARPA System","T0887","Discovery","","CoC","","","0","0","0.0484849","0.04848488","1","0.154","0","0","0.154","0.20248488","0.188463","0.787066828","0.188463","0.787066828","1","1","0"
"16333","5","RADAR / ARPA System","T0887","Collection","","CoC","","","0","0","0.576485","0.57648488","1","0.154","0","0","0.154","0.73048488","2.24082","2.839423948","2.24082","2.839423948","1","1","0"
"16334","19","Infrared Camera System","T0887","Discovery","","CoC","","","0","0","0.0242424","0.0242424","1","0.154","0","0","0.154","0.1782424","0.0942312","0.6928353385","0.0942312","0.6928353385","1","1","0"
"16335","19","Infrared Camera System","T0887","Collection","","CoC","","","0","0","0.200242","0.2002424","1","0.154","0","0","0.154","0.3542424","0.77835","1.3769543785","0.77835","1.3769543785","1","1","0"
"16336","20","Weather Transmission System","T0887","Discovery","","CoC","","","0","0","0.0242424","0.0242424","1","0.007","0","0","0.007","0.0312424","0.0942312","0.1214404585","0.0942312","0.1214404585","1","1","0"
"16337","20","Weather Transmission System","T0887","Collection","","CoC","","","0","0","0.0322424","0.0322424","1","0.007","0","0","0.007","0.0392424","0.125327","0.1525367785","0.125327","0.1525367785","1","1","0"
"16338","21","Echo Sounder","T0887","Discovery","","CoC","","","0","0","0.024","0.024","1","0.007","0","0","0.007","0.031","0.093289","0.12049824","0.093289","0.12049824","1","1","0"
"16339","21","Echo Sounder","T0887","Collection","","CoC","","","0","0","0.2","0.2","1","0.007","0","0","0.007","0.207","0.777408","0.80461728","0.777408","0.80461728","1","1","0"
"16340","18","Sonar","T0887","Discovery","","CoC","","","0","0","0.0242424","0.0242424","1","0.007","0","0","0.007","0.0312424","0.0942312","0.1214404585","0.0942312","0.1214404585","1","1","0"
"16341","18","Sonar","T0887","Collection","","CoC","","","0","0","0.200242","0.2002424","1","0.007","0","0","0.007","0.2072424","0.77835","0.8055594985","0.77835","0.8055594985","1","1","0"
"16343","22","Gyroscope Compass","T0887","Discovery","","CoC","","","0","0","0.0484849","0.04848488","1","0.007","0","0","0.007","0.05548488","0.188463","0.215671948","0.188463","0.215671948","1","1","0"
"16344","22","Gyroscope Compass","T0887","Collection","","CoC","","","0","0","0.0564849","0.05648488","1","0.007","0","0","0.007","0.06348488","0.219559","0.246768268","0.219559","0.246768268","1","1","0"
"16347","23","Heading and Speed Sensor","T0887","Discovery","","CoC","","","0","0","0.0242424","0.0242424","1","0.007","0","0","0.007","0.0312424","0.0942312","0.1214404585","0.0942312","0.1214404585","1","1","0"
"16348","23","Heading and Speed Sensor","T0887","Collection","","CoC","","","0","0","0.0322424","0.0322424","1","0.007","0","0","0.007","0.0392424","0.125327","0.1525367785","0.125327","0.1525367785","1","1","0"
"16430","4","ENC Data Service","T0807","Execution","OOI","","InC","","0","0","0.976714","0.97671383","1","0","1","0","1","1.97671383","2.45658","4.9717317895","2.45658","4.9717317895","1","1","0"
"16431","6","Navigation Data Integration Tool","T0807","Execution","OOI","","InC","","0","0","1.38345","1.3834464","1","0","1","0","1","2.3834464","3.47958","5.994725213","3.47958","5.994725213","1","1","0"
"16432","7","Satellite Communication System","T0807","Execution","OOI","","InC","","0","0","1.10308","1.1030758","1","0","0.56","0","0.56","1.6630758","2.7744","4.1828850984","2.7744","4.1828850984","1","1","0"
"16433","8","RF / VHF / UHF Communication Module","T0807","Execution","OOI","","InC","","0","0","0.624242","0.6242424","1","0","0.56","0","0.56","1.1842424","1.57006","2.9785472724","1.57006","2.9785472724","1","1","0"
"16434","10","Remote Control Center Communication Interface","T0807","Execution","OOI","","InC","","0","0","1.22863","1.2286314","1","0","1","0","1","2.2286314","3.09019","5.6053422657","3.09019","5.6053422657","1","1","0"
"16435","9","Vessel Traffic Services Interface","T0807","Execution","OOI","","InC","","0","0","0.684","0.684","1","0","0.56","0","0.56","1.244","1.72036","3.1288466","1.72036","3.1288466","1","1","0"
"16436","14","Electric / Hybrid Propulsion System","T0807","Execution","OOI","","InC","","0","0","1.6151","1.615096","1","0","1","0","1","2.615096","4.06221","6.5773587044","4.06221","6.5773587044","1","0","1"
"16437","11","GMDSS","T0807","Execution","OOI","","InC","","0","0","1.10308","1.1030758","1","0","0.56","0","0.56","1.6630758","2.7744","4.1828850984","2.7744","4.1828850984","1","1","0"
"16438","16","Engine Control Mechanism","T0807","Execution","OOI","","InC","","0","0","1.86082","1.86082088","1","0","1","0","1","2.86082088","4.68024","7.1953936363","4.68024","7.1953936363","1","0","1"
"16439","25","Feedback Control Module","T0807","Execution","OOI","","InC","","0","0","0.857013","0.8570127","1","0","0.56","0","0.56","1.4170127","2.15552","3.5639994924","2.15552","3.5639994924","1","1","0"
"16440","26","Vessel Traffic Services Decision Integration","T0807","Execution","OOI","","InC","","0","0","0.734671","0.7346714","1","0","0.56","0","0.56","1.2946714","1.84781","3.2562927717","1.84781","3.2562927717","1","1","0"
"16441","28","Human Override Control Interface","T0807","Execution","OOI","","InC","","0","0","1.20962","1.2096184","1","0","0.56","0","0.56","1.7696184","3.04237","4.4508557188","3.04237","4.4508557188","1","1","0"
"16442","29","Internal Data Pipeline / Integration Module","T0807","Execution","OOI","","InC","","0","0","1.21333","1.21332788","1","0","1","0","1","2.21332788","3.0517","5.5668516174","3.0517","5.5668516174","1","1","0"
"16443","35","Navigation Support and Situational Awareness Module","T0807","Execution","OOI","","InC","","0","0","1.38764","1.3876414","1","0","1","0","1","2.3876414","3.49013","6.0052762672","3.49013","6.0052762672","1","1","0"
"16444","12","Controllable Pitch Propeller","T0861","Collection","","CoC","","","0","0","0.008","0.008","1","0.007","0","0","0.007","0.015","0.0310963","0.0583056","0.00777408","0.0145764","1","1","0"
"16445","10","Remote Control Center Communication Interface","T0861","Collection","","CoC","","","0","0","0.376242","0.3762424","1","0.392","0","0","0.392","0.7682424","1.46247","2.9861889385","0.365617","0.7465472346","1","1","0"
"16446","34","Collision Avoidance System","T0861","Collection","","CoC","","","0","0","0.664485","0.66448488","1","0.154","0","0","0.154","0.81848488","2.58288","3.181483468","2.58288","3.181483468","1","1","0"
"16447","14","Electric / Hybrid Propulsion System","T0861","Collection","","CoC","","","0","0","0.176","0.176","1","0.154","0","0","0.154","0.33","0.684119","1.2827232","0.17103","0.3206808","1","1","0"
"16448","28","Human Override Control Interface","T0861","Collection","","CoC","","","0","0","0.200242","0.2002424","1","0.154","0","0","0.154","0.3542424","0.77835","1.3769543785","0.194588","0.3442385946","1","1","0"
"16449","25","Feedback Control Module","T0861","Collection","","CoC","","","0","0","0.200242","0.2002424","1","0.154","0","0","0.154","0.3542424","0.77835","1.3769543785","0.77835","1.3769543785","1","1","0"
"16450","16","Engine Control Mechanism","T0861","Collection","","CoC","","","0","0","0.224485","0.22448488","1","0.154","0","0","0.154","0.37848488","0.872582","1.471185868","0.218145","0.367796467","1","1","0"
"16451","15","Steering Gear System","T0861","Collection","","CoC","","","0","0","0.096","0.096","1","0.154","0","0","0.154","0.25","0.373156","0.97176","0.093289","0.24294","1","1","0"
"16476","3","AIS Interface","T0860","Initial Access","","","InC","","0","0","0.0484849","0.04848488","1","0","1","0","1","1.04848488","0.188463","4.075502668","0.0942313","2.037751334","1","1","0"
"16477","28","Human Override Control Interface","T0863","Execution","OOI","","InC","","0","0","1.20962","1.2096184","1","0","0.56","0","0.56","1.7696184","2.21914","3.2465065243","2.21914","3.2465065243","1","1","0"
"16478","2","GNSS / GPS Receiver","T0860","Initial Access","","","InC","","0","0","0.0242424","0.0242424","1","0","1","0","1","1.0242424","0.0942312","3.9812711785","0.0942312","3.9812711785","1","1","0"
"16479","13","Rudder Angle Indicator","T0860","Initial Access","","","InC","","0","0","0.0242424","0.0242424","1","0","0.56","0","0.56","0.5842424","0.0942312","2.2709735785","0.0942312","2.2709735785","1","1","0"
"16480","5","RADAR / ARPA System","T0860","Initial Access","","","InC","","0","0","0.0484849","0.04848488","1","0","1","0","1","1.04848488","0.188463","4.075502668","0.188463","4.075502668","1","1","0"
"16482","17","LiDAR","T0860","Initial Access","","","InC","","0","0","0.0242424","0.0242424","1","0","0.56","0","0.56","0.5842424","0.0942312","2.2709735785","0.0942312","2.2709735785","1","1","0"
"16484","18","Sonar","T0860","Initial Access","","","InC","","0","0","0.0242424","0.0242424","1","0","0.56","0","0.56","0.5842424","0.0942312","2.2709735785","0.0942312","2.2709735785","1","1","0"
"16487","19","Infrared Camera System","T0860","Initial Access","","","InC","","0","0","0.0242424","0.0242424","1","0","0.56","0","0.56","0.5842424","0.0942312","2.2709735785","0.0942312","2.2709735785","1","1","0"
"16488","20","Weather Transmission System","T0860","Initial Access","","","InC","","0","0","0.0242424","0.0242424","1","0","0.56","0","0.56","0.5842424","0.0942312","2.2709735785","0.0942312","2.2709735785","1","1","0"
"16489","22","Gyroscope Compass","T0860","Initial Access","","","InC","","0","0","0.0484849","0.04848488","1","0","0.56","0","0.56","0.60848488","0.188463","2.365205068","0.188463","2.365205068","1","1","0"
"16490","21","Echo Sounder","T0860","Initial Access","","","InC","","0","0","0.024","0.024","1","0","0.56","0","0.56","0.584","0.093289","2.27003136","0.093289","2.27003136","1","1","0"
"16491","23","Heading and Speed Sensor","T0860","Initial Access","","","InC","","0","0","0.0242424","0.0242424","1","0","0.56","0","0.56","0.5842424","0.0942312","2.2709735785","0.0942312","2.2709735785","1","1","0"
"16499","12","Controllable Pitch Propeller","T0858","Execution","OOI","","InC","","0","0","1.6151","1.615096","1","0","1","0","1","2.615096","3.5874","5.8085727823","0.896851","1.4521431956","1","1","0"
"16502","15","Steering Gear System","T0858","Execution","OOI","","InC","","0","0","1.68993","1.689926","1","0","1","0","1","2.689926","3.75361","5.9747829334","0.938403","1.4936957334","1","1","0"
"16504","34","Collision Avoidance System","T0868","Collection","","CoC","","","0","0","0.664485","0.66448488","1","0.154","0","0","0.154","0.81848488","1.47593","1.8179940609","1.47593","1.8179940609","1","1","0"
"16505","15","Steering Gear System","T0868","Collection","","CoC","","","0","0","0.096","0.096","1","0.154","0","0","0.154","0.25","0.213232","0.5552925","0.0533081","0.138823125","1","1","0"
"16506","34","Collision Avoidance System","T0858","Execution","OOI","","InC","","0","0","2.02681","2.02681388","1","0","1","0","1","3.02681388","4.5019","6.7230681858","4.5019","6.7230681858","1","0","1"
"16508","16","Engine Control Mechanism","T0858","Execution","OOI","","InC","","0","0","1.86082","1.86082088","1","0","1","0","1","2.86082088","4.1332","6.354369514","1.0333","1.5885923785","1","1","0"
"16510","9","Vessel Traffic Services Interface","T0801","Collection","","CoC","","","0","0","0.288","0.288","1","0.154","0","0","0.154","0.442","1.11947","1.71807168","1.11947","1.71807168","1","1","0"
"16511","16","Engine Control Mechanism","T0868","Collection","","CoC","","","0","0","0.224485","0.22448488","1","0.154","0","0","0.154","0.37848488","0.498619","0.8406792609","0.124655","0.2101698152","1","1","0"
"16512","12","Controllable Pitch Propeller","T0801","Collection","","CoC","","","0","0","0.008","0.008","1","0.007","0","0","0.007","0.015","0.0310963","0.0583056","0.0310963","0.0583056","1","1","0"
"16513","6","Navigation Data Integration Tool","T0801","Collection","","CoC","","","0","0","0.640242","0.6402424","1","0.392","0","0","0.392","1.0322424","2.48865","4.0123674985","2.48865","4.0123674985","1","1","0"
"16514","12","Controllable Pitch Propeller","T0868","Collection","","CoC","","","0","0","0.008","0.008","1","0.007","0","0","0.007","0.015","0.0177694","0.03331755","0.00444234","0.0083293875","1","1","0"
"16515","14","Electric / Hybrid Propulsion System","T0801","Collection","","CoC","","","0","0","0.176","0.176","1","0.154","0","0","0.154","0.33","0.684119","1.2827232","0.684119","1.2827232","1","1","0"
"16516","13","Rudder Angle Indicator","T0801","Collection","","CoC","","","0","0","0.0322424","0.0322424","1","0.007","0","0","0.007","0.0392424","0.125327","0.1525367785","0.125327","0.1525367785","1","1","0"
"16517","15","Steering Gear System","T0801","Collection","","CoC","","","0","0","0.096","0.096","1","0.154","0","0","0.154","0.25","0.373156","0.97176","0.373156","0.97176","1","1","0"
"16518","10","Remote Control Center Communication Interface","T0801","Collection","","CoC","","","0","0","0.376242","0.3762424","1","0.392","0","0","0.392","0.7682424","1.46247","2.9861889385","1.46247","2.9861889385","1","1","0"
"16519","16","Engine Control Mechanism","T0801","Collection","","CoC","","","0","0","0.224485","0.22448488","1","0.154","0","0","0.154","0.37848488","0.872582","1.471185868","0.872582","1.471185868","1","1","0"
"16520","18","Sonar","T0801","Collection","","CoC","","","0","0","0.200242","0.2002424","1","0.007","0","0","0.007","0.2072424","0.77835","0.8055594985","0.77835","0.8055594985","1","1","0"
"16521","17","LiDAR","T0801","Collection","","CoC","","","0","0","0.0322424","0.0322424","1","0.007","0","0","0.007","0.0392424","0.125327","0.1525367785","0.125327","0.1525367785","1","1","0"
"16522","19","Infrared Camera System","T0801","Collection","","CoC","","","0","0","0.200242","0.2002424","1","0.154","0","0","0.154","0.3542424","0.77835","1.3769543785","0.77835","1.3769543785","1","1","0"
"16523","20","Weather Transmission System","T0801","Collection","","CoC","","","0","0","0.0322424","0.0322424","1","0.007","0","0","0.007","0.0392424","0.125327","0.1525367785","0.125327","0.1525367785","1","1","0"
"16524","25","Feedback Control Module","T0801","Collection","","CoC","","","0","0","0.200242","0.2002424","1","0.154","0","0","0.154","0.3542424","0.77835","1.3769543785","0.77835","1.3769543785","1","1","0"
"16525","21","Echo Sounder","T0801","Collection","","CoC","","","0","0","0.2","0.2","1","0.007","0","0","0.007","0.207","0.777408","0.80461728","0.777408","0.80461728","1","1","0"
"16526","22","Gyroscope Compass","T0801","Collection","","CoC","","","0","0","0.0564849","0.05648488","1","0.007","0","0","0.007","0.06348488","0.219559","0.246768268","0.219559","0.246768268","1","1","0"
"16527","26","Vessel Traffic Services Decision Integration","T0801","Collection","","CoC","","","0","0","0.288242","0.2882424","1","0.154","0","0","0.154","0.4422424","1.12041","1.7190138985","1.12041","1.7190138985","1","1","0"
"16528","23","Heading and Speed Sensor","T0801","Collection","","CoC","","","0","0","0.0322424","0.0322424","1","0.007","0","0","0.007","0.0392424","0.125327","0.1525367785","0.125327","0.1525367785","1","1","0"
"16529","29","Internal Data Pipeline / Integration Module","T0801","Collection","","CoC","","","0","0","0.488485","0.48848488","1","0.392","0","0","0.392","0.88048488","1.89876","3.422479948","1.89876","3.422479948","1","1","0"
"16530","28","Human Override Control Interface","T0801","Collection","","CoC","","","0","0","0.200242","0.2002424","1","0.154","0","0","0.154","0.3542424","0.77835","1.3769543785","0.77835","1.3769543785","1","1","0"
"16531","6","Navigation Data Integration Tool","T0853","Execution","OOI","","InC","","0","0","1.38345","1.3834464","1","0","1","0","1","2.3834464","3.47958","5.994725213","3.47958","5.994725213","1","1","0"
"16532","34","Collision Avoidance System","T0801","Collection","","CoC","","","0","0","0.664485","0.66448488","1","0.154","0","0","0.154","0.81848488","2.58288","3.181483468","2.58288","3.181483468","1","1","0"
"16533","7","Satellite Communication System","T0853","Execution","OOI","","InC","","0","0","1.10308","1.1030758","1","0","0.56","0","0.56","1.6630758","2.7744","4.1828850984","2.7744","4.1828850984","1","1","0"
"16534","11","GMDSS","T0853","Execution","OOI","","InC","","0","0","1.10308","1.1030758","1","0","0.56","0","0.56","1.6630758","2.7744","4.1828850984","2.7744","4.1828850984","1","1","0"
"16535","9","Vessel Traffic Services Interface","T0853","Execution","OOI","","InC","","0","0","0.684","0.684","1","0","0.56","0","0.56","1.244","1.72036","3.1288466","1.72036","3.1288466","1","1","0"
"16536","35","Navigation Support and Situational Awareness Module","T0801","Collection","","CoC","","","0","0","0.552242","0.5522424","1","0.392","0","0","0.392","0.9442424","2.14659","3.6703079785","2.14659","3.6703079785","1","1","0"
"16537","4","ENC Data Service","T0853","Execution","OOI","","InC","","0","0","0.976714","0.97671383","1","0","1","0","1","1.97671383","2.45658","4.9717317895","2.45658","4.9717317895","1","1","0"
"16538","8","RF / VHF / UHF Communication Module","T0853","Execution","OOI","","InC","","0","0","0.624242","0.6242424","1","0","0.56","0","0.56","1.1842424","1.57006","2.9785472724","1.57006","2.9785472724","1","1","0"
"16539","14","Electric / Hybrid Propulsion System","T0853","Execution","OOI","","InC","","0","0","1.6151","1.615096","1","0","1","0","1","2.615096","4.06221","6.5773587044","4.06221","6.5773587044","1","0","1"
"16540","25","Feedback Control Module","T0853","Execution","OOI","","InC","","0","0","0.857013","0.8570127","1","0","0.56","0","0.56","1.4170127","2.15552","3.5639994924","2.15552","3.5639994924","1","1","0"
"16541","10","Remote Control Center Communication Interface","T0853","Execution","OOI","","InC","","0","0","1.22863","1.2286314","1","0","1","0","1","2.2286314","3.09019","5.6053422657","3.09019","5.6053422657","1","1","0"
"16542","16","Engine Control Mechanism","T0853","Execution","OOI","","InC","","0","0","1.86082","1.86082088","1","0","1","0","1","2.86082088","4.68024","7.1953936363","4.68024","7.1953936363","1","0","1"
"16543","26","Vessel Traffic Services Decision Integration","T0853","Execution","OOI","","InC","","0","0","0.734671","0.7346714","1","0","0.56","0","0.56","1.2946714","1.84781","3.2562927717","1.84781","3.2562927717","1","1","0"
"16544","29","Internal Data Pipeline / Integration Module","T0853","Execution","OOI","","InC","","0","0","1.21333","1.21332788","1","0","1","0","1","2.21332788","3.0517","5.5668516174","3.0517","5.5668516174","1","1","0"
"16545","2","GNSS / GPS Receiver","T0888","Discovery","","CoC","","","0","0","0.0242424","0.0242424","1","0.392","0","0","0.392","0.4162424","0.0609733","1.0469120724","0.0609733","1.0469120724","1","1","0"
"16546","7","Satellite Communication System","T0888","Discovery","","CoC","","","0","0","0.0242424","0.0242424","1","0.392","0","0","0.392","0.4162424","0.0609733","1.0469120724","0.0609733","1.0469120724","1","1","0"
"16547","6","Navigation Data Integration Tool","T0888","Discovery","","CoC","","","0","0","0.0242424","0.0242424","1","0.392","0","0","0.392","0.4162424","0.0609733","1.0469120724","0.0609733","1.0469120724","1","1","0"
"16548","28","Human Override Control Interface","T0853","Execution","OOI","","InC","","0","0","1.20962","1.2096184","1","0","0.56","0","0.56","1.7696184","3.04237","4.4508557188","3.04237","4.4508557188","1","1","0"
"16549","9","Vessel Traffic Services Interface","T0888","Discovery","","CoC","","","0","0","0.024","0.024","1","0.154","0","0","0.154","0.178","0.0603636","0.4476967","0.0603636","0.4476967","1","1","0"
"16550","8","RF / VHF / UHF Communication Module","T0888","Discovery","","CoC","","","0","0","0.0242424","0.0242424","1","0.154","0","0","0.154","0.1782424","0.0609733","0.4483063724","0.0609733","0.4483063724","1","1","0"
"16551","11","GMDSS","T0888","Discovery","","CoC","","","0","0","0.0242424","0.0242424","1","0.154","0","0","0.154","0.1782424","0.0609733","0.4483063724","0.0609733","0.4483063724","1","1","0"
"16552","4","ENC Data Service","T0888","Discovery","","CoC","","","0","0","0.0242424","0.0242424","1","0.154","0","0","0.154","0.1782424","0.0609733","0.4483063724","0.0609733","0.4483063724","1","1","0"
"16553","35","Navigation Support and Situational Awareness Module","T0853","Execution","OOI","","InC","","0","0","1.38764","1.3876414","1","0","1","0","1","2.3876414","3.49013","6.0052762672","3.49013","6.0052762672","1","1","0"
"16554","12","Controllable Pitch Propeller","T0888","Discovery","","CoC","","","0","0","0","0","1","0.007","0","0","0.007","0.007","0","0.01760605","0","0.01760605","1","1","0"
"16555","10","Remote Control Center Communication Interface","T0888","Discovery","","CoC","","","0","0","0.0242424","0.0242424","1","0.392","0","0","0.392","0.4162424","0.0609733","1.0469120724","0.0609733","1.0469120724","1","1","0"
"16556","14","Electric / Hybrid Propulsion System","T0888","Discovery","","CoC","","","0","0","0","0","1","0.154","0","0","0.154","0.154","0","0.3873331","0","0.3873331","1","1","0"
"16557","15","Steering Gear System","T0888","Discovery","","CoC","","","0","0","0","0","1","0.154","0","0","0.154","0.154","0","0.3873331","0","0.3873331","1","1","0"
"16558","20","Weather Transmission System","T0888","Discovery","","CoC","","","0","0","0.0242424","0.0242424","1","0.007","0","0","0.007","0.0312424","0.0609733","0.0785793224","0.0609733","0.0785793224","1","1","0"
"16559","25","Feedback Control Module","T0888","Discovery","","CoC","","","0","0","0.0242424","0.0242424","1","0.154","0","0","0.154","0.1782424","0.0609733","0.4483063724","0.0609733","0.4483063724","1","1","0"
"16560","26","Vessel Traffic Services Decision Integration","T0888","Discovery","","CoC","","","0","0","0.0242424","0.0242424","1","0.154","0","0","0.154","0.1782424","0.0609733","0.4483063724","0.0609733","0.4483063724","1","1","0"
"16561","16","Engine Control Mechanism","T0888","Discovery","","CoC","","","0","0","0.0484849","0.04848488","1","0.154","0","0","0.154","0.20248488","0.121947","0.5092798459","0.121947","0.5092798459","1","1","0"
"16562","34","Collision Avoidance System","T0888","Discovery","","CoC","","","0","0","0.0484849","0.04848488","1","0.154","0","0","0.154","0.20248488","0.121947","0.5092798459","0.121947","0.5092798459","1","1","0"
"16563","28","Human Override Control Interface","T0888","Discovery","","CoC","","","0","0","0.0242424","0.0242424","1","0.154","0","0","0.154","0.1782424","0.0609733","0.4483063724","0.0609733","0.4483063724","1","1","0"
"16564","29","Internal Data Pipeline / Integration Module","T0888","Discovery","","CoC","","","0","0","0.0484849","0.04848488","1","0.392","0","0","0.392","0.44048488","0.121947","1.1078855459","0.121947","1.1078855459","1","1","0"
"16565","35","Navigation Support and Situational Awareness Module","T0888","Discovery","","CoC","","","0","0","0.0242424","0.0242424","1","0.392","0","0","0.392","0.4162424","0.0609733","1.0469120724","0.0609733","1.0469120724","1","1","0"
"16566","12","Controllable Pitch Propeller","T0845","Collection","","CoC","","","0","0","0.008","0.008","1","0.007","0","0","0.007","0.015","0.0177694","0.03331755","0.00444234","0.0083293875","1","1","0"
"16567","15","Steering Gear System","T0845","Collection","","CoC","","","0","0","0.096","0.096","1","0.154","0","0","0.154","0.25","0.213232","0.5552925","0.0533081","0.138823125","1","1","0"
"16568","34","Collision Avoidance System","T0845","Collection","","CoC","","","0","0","0.664485","0.66448488","1","0.154","0","0","0.154","0.81848488","1.47593","1.8179940609","1.47593","1.8179940609","1","1","0"
"16570","16","Engine Control Mechanism","T0845","Collection","","CoC","","","0","0","0.224485","0.22448488","1","0.154","0","0","0.154","0.37848488","0.498619","0.8406792609","0.124655","0.2101698152","1","1","0"
"16571","25","Feedback Control Module","T0811","Collection","","CoC","","","0","0","0.200242","0.2002424","1","0.154","0","0","0.154","0.3542424","0.77835","1.3769543785","0.77835","1.3769543785","1","1","0"
"16573","14","Electric / Hybrid Propulsion System","T0811","Collection","","CoC","","","0","0","0.176","0.176","1","0.154","0","0","0.154","0.33","0.684119","1.2827232","0.684119","1.2827232","1","1","0"
"16576","16","Engine Control Mechanism","T0811","Collection","","CoC","","","0","0","0.224485","0.22448488","1","0.154","0","0","0.154","0.37848488","0.872582","1.471185868","0.436291","0.735592934","1","1","0"
"16577","4","ENC Data Service","T0842","Discovery","","CoC","","","0","0","0.0242424","0.0242424","1","0.154","0","0","0.154","0.1782424","0.0609733","0.4483063724","0.0609733","0.4483063724","1","1","0"
"16578","6","Navigation Data Integration Tool","T0842","Discovery","","CoC","","","0","0","0.0242424","0.0242424","1","0.392","0","0","0.392","0.4162424","0.0609733","1.0469120724","0.0304866","0.5234560362","1","1","0"
"16579","7","Satellite Communication System","T0842","Discovery","","CoC","","","0","0","0.0242424","0.0242424","1","0.392","0","0","0.392","0.4162424","0.0609733","1.0469120724","0.0152433","0.2617280181","1","1","0"
"16580","9","Vessel Traffic Services Interface","T0842","Discovery","","CoC","","","0","0","0.024","0.024","1","0.154","0","0","0.154","0.178","0.0603636","0.4476967","0.0301818","0.22384835","1","1","0"
"16581","8","RF / VHF / UHF Communication Module","T0842","Discovery","","CoC","","","0","0","0.0242424","0.0242424","1","0.154","0","0","0.154","0.1782424","0.0609733","0.4483063724","0.0304866","0.2241531862","1","1","0"
"16582","12","Controllable Pitch Propeller","T0842","Discovery","","CoC","","","0","0","0","0","1","0.007","0","0","0.007","0.007","0","0.01760605","0","0.01760605","1","1","0"
"16583","10","Remote Control Center Communication Interface","T0842","Discovery","","CoC","","","0","0","0.0242424","0.0242424","1","0.392","0","0","0.392","0.4162424","0.0609733","1.0469120724","0.0152433","0.2617280181","1","1","0"
"16584","15","Steering Gear System","T0842","Discovery","","CoC","","","0","0","0","0","1","0.154","0","0","0.154","0.154","0","0.3873331","0","0.3873331","1","1","0"
"16585","14","Electric / Hybrid Propulsion System","T0842","Discovery","","CoC","","","0","0","0","0","1","0.154","0","0","0.154","0.154","0","0.3873331","0","0.3873331","1","1","0"
"16586","11","GMDSS","T0842","Discovery","","CoC","","","0","0","0.0242424","0.0242424","1","0.154","0","0","0.154","0.1782424","0.0609733","0.4483063724","0.0304866","0.2241531862","1","1","0"
"16587","26","Vessel Traffic Services Decision Integration","T0842","Discovery","","CoC","","","0","0","0.0242424","0.0242424","1","0.154","0","0","0.154","0.1782424","0.0609733","0.4483063724","0.0304866","0.2241531862","1","1","0"
"16588","16","Engine Control Mechanism","T0842","Discovery","","CoC","","","0","0","0.0484849","0.04848488","1","0.154","0","0","0.154","0.20248488","0.121947","0.5092798459","0.0609734","0.254639923","1","1","0"
"16589","25","Feedback Control Module","T0842","Discovery","","CoC","","","0","0","0.0242424","0.0242424","1","0.154","0","0","0.154","0.1782424","0.0609733","0.4483063724","0.0609733","0.4483063724","1","1","0"
"16590","28","Human Override Control Interface","T0842","Discovery","","CoC","","","0","0","0.0242424","0.0242424","1","0.154","0","0","0.154","0.1782424","0.0609733","0.4483063724","0.0152433","0.1120765931","1","1","0"
"16591","25","Feedback Control Module","T0802","Collection","","CoC","","","0","0","0.200242","0.2002424","1","0.154","0","0","0.154","0.3542424","0.50364","0.8909727724","0.50364","0.8909727724","1","1","0"
"16592","16","Engine Control Mechanism","T0802","Collection","","CoC","","","0","0","0.224485","0.22448488","1","0.154","0","0","0.154","0.37848488","0.564613","0.9519462459","0.564613","0.9519462459","1","1","0"
"16593","29","Internal Data Pipeline / Integration Module","T0842","Discovery","","CoC","","","0","0","0.0484849","0.04848488","1","0.392","0","0","0.392","0.44048488","0.121947","1.1078855459","0.0609734","0.553942773","1","1","0"
"16594","34","Collision Avoidance System","T0842","Discovery","","CoC","","","0","0","0.0484849","0.04848488","1","0.154","0","0","0.154","0.20248488","0.121947","0.5092798459","0.121947","0.5092798459","1","1","0"
"16595","14","Electric / Hybrid Propulsion System","T0802","Collection","","CoC","","","0","0","0.176","0.176","1","0.154","0","0","0.154","0.33","0.442666","0.8299995","0.442666","0.8299995","1","1","0"
"16596","35","Navigation Support and Situational Awareness Module","T0842","Discovery","","CoC","","","0","0","0.0242424","0.0242424","1","0.392","0","0","0.392","0.4162424","0.0609733","1.0469120724","0.0609733","1.0469120724","1","1","0"
"16624","12","Controllable Pitch Propeller","T0855","Impair Process Control","I2CF","","","","1","0","2.6151","2.615096","1","0","0","0","0","2.615096","3.75849","3.7584944241","0.939624","0.939623606","1","1","0"
"16626","14","Electric / Hybrid Propulsion System","T0855","Impair Process Control","I2CF","","","","1","0","2.6151","2.615096","1","0","0","0","0","2.615096","3.75849","3.7584944241","0.939624","0.939623606","1","1","0"
"16627","15","Steering Gear System","T0855","Impair Process Control","I2CF","","","","1","0","2.68993","2.689926","1","0","0","0","0","2.689926","3.86604","3.866042345","0.966511","0.9665105862","1","1","0"
"16629","28","Human Override Control Interface","T0855","Impair Process Control","I2CF","","","","1","0","2.18538","2.185376","1","0","0","0","0","2.185376","3.14089","3.1408879485","1.57044","1.5704439742","1","1","0"
"16630","25","Feedback Control Module","T0855","Impair Process Control","I2CF","","","","1","0","1.58277","1.5827703","1","0","0","0","0","1.5827703","2.27481","2.2748049583","1.1374","1.1374024791","1","1","0"
"16631","16","Engine Control Mechanism","T0855","Impair Process Control","I2CF","","","","1","0","2.81234","2.812336","1","0","0","0","0","2.812336","4.04197","4.0419736693","1.01049","1.0104934173","1","1","0"
"16632","34","Collision Avoidance System","T0855","Impair Process Control","I2CF","","","","1","0","2.97833","2.978329","1","0","0","0","0","2.978329","4.28054","4.2805437887","2.14027","2.1402718943","1","1","0"
"16676","34","Collision Avoidance System","T0877","Collection","","CoC","","","0","0","0.664485","0.66448488","1","0.154","0","0","0.154","0.81848488","1.67128","2.0586122459","1.67128","2.0586122459","1","1","0"
"16677","12","Controllable Pitch Propeller","T0877","Collection","","CoC","","","0","0","0.008","0.008","1","0.007","0","0","0.007","0.015","0.0201212","0.03772725","0.0201212","0.03772725","1","1","0"
"16678","15","Steering Gear System","T0877","Collection","","CoC","","","0","0","0.096","0.096","1","0.154","0","0","0.154","0.25","0.241454","0.6287875","0.241454","0.6287875","1","1","0"
"16679","16","Engine Control Mechanism","T0877","Collection","","CoC","","","0","0","0.224485","0.22448488","1","0.154","0","0","0.154","0.37848488","0.564613","0.9519462459","0.564613","0.9519462459","1","1","0"
"16680","6","Navigation Data Integration Tool","T0871","Execution","OOI","","InC","","0","0","1.38345","1.3834464","1","0","1","0","1","2.3834464","1.98833","3.4255606695","1.98833","3.4255606695","1","1","0"
"16682","7","Satellite Communication System","T0871","Execution","OOI","","InC","","0","0","1.10308","1.1030758","1","0","0.56","0","0.56","1.6630758","1.58537","2.390222432","1.58537","2.390222432","1","1","0"
"16683","4","ENC Data Service","T0871","Execution","OOI","","InC","","0","0","0.976714","0.97671383","1","0","1","0","1","1.97671383","1.40376","2.8409924179","1.40376","2.8409924179","1","1","0"
"16684","8","RF / VHF / UHF Communication Module","T0871","Execution","OOI","","InC","","0","0","0.624242","0.6242424","1","0","0.56","0","0.56","1.1842424","0.89718","1.7020287046","0.89718","1.7020287046","1","1","0"
"16685","11","GMDSS","T0871","Execution","OOI","","InC","","0","0","1.10308","1.1030758","1","0","0.56","0","0.56","1.6630758","1.58537","2.390222432","1.58537","2.390222432","1","1","0"
"16686","9","Vessel Traffic Services Interface","T0871","Execution","OOI","","InC","","0","0","0.684","0.684","1","0","0.56","0","0.56","1.244","0.983065","1.78791412","0.983065","1.78791412","1","1","0"
"16687","12","Controllable Pitch Propeller","T0871","Execution","OOI","","InC","","0","0","1.6151","1.615096","1","0","1","0","1","2.615096","2.32126","3.7584944241","0.580316","0.939623606","1","1","0"
"16688","15","Steering Gear System","T0871","Execution","OOI","","InC","","0","0","1.68993","1.689926","1","0","1","0","1","2.689926","2.42881","3.866042345","0.607203","0.9665105862","1","1","0"
"16689","10","Remote Control Center Communication Interface","T0871","Execution","OOI","","InC","","0","0","1.22863","1.2286314","1","0","1","0","1","2.2286314","1.76583","3.203055907","1.76583","3.203055907","1","1","0"
"16690","16","Engine Control Mechanism","T0871","Execution","OOI","","InC","","0","0","1.86082","1.86082088","1","0","1","0","1","2.86082088","2.67443","4.1116575934","0.668607","1.0279143983","1","1","0"
"16691","20","Weather Transmission System","T0871","Execution","OOI","","InC","","0","0","0.5363","0.5362996","1","0","0.56","0","0.56","1.0962996","0.770786","1.5756346741","0.770786","1.5756346741","1","1","0"
"16692","26","Vessel Traffic Services Decision Integration","T0871","Execution","OOI","","InC","","0","0","0.734671","0.7346714","1","0","0.56","0","0.56","1.2946714","1.05589","1.8607405762","1.05589","1.8607405762","1","1","0"
"16693","29","Internal Data Pipeline / Integration Module","T0871","Execution","OOI","","InC","","0","0","1.21333","1.21332788","1","0","1","0","1","2.21332788","1.74383","3.181061229","1.74383","3.181061229","1","1","0"
"16694","28","Human Override Control Interface","T0871","Execution","OOI","","InC","","0","0","1.20962","1.2096184","1","0","0.56","0","0.56","1.7696184","1.7385","2.543348653","0.434625","0.6358371633","1","1","0"
"16695","2","GNSS / GPS Receiver","T0862","Initial Access","","","InC","","0","0","0.0242424","0.0242424","1","0","1","0","1","1.0242424","0.0348419","1.4720719046","0.0348419","1.4720719046","1","1","0"
"16696","34","Collision Avoidance System","T0871","Execution","OOI","","InC","","0","0","2.02681","2.02681388","1","0","1","0","1","3.02681388","2.913","4.3502277128","2.913","4.3502277128","1","1","0"
"16697","35","Navigation Support and Situational Awareness Module","T0871","Execution","OOI","","InC","","0","0","1.38764","1.3876414","1","0","1","0","1","2.3876414","1.99436","3.4315898493","1.99436","3.4315898493","1","1","0"
"16698","3","AIS Interface","T0862","Initial Access","","","InC","","0","0","0.0484849","0.04848488","1","0","1","0","1","1.04848488","0.0696839","1.5069139241","0.0696839","1.5069139241","1","1","0"
"16699","5","RADAR / ARPA System","T0862","Initial Access","","","InC","","0","0","0.0484849","0.04848488","1","0","1","0","1","1.04848488","0.0696839","1.5069139241","0.0696839","1.5069139241","1","1","0"
"16700","4","ENC Data Service","T0862","Initial Access","","","InC","","0","0","0.0242424","0.0242424","1","0","1","0","1","1.0242424","0.0348419","1.4720719046","0.0348419","1.4720719046","1","1","0"
"16701","7","Satellite Communication System","T0862","Initial Access","","","InC","","0","0","0.0242424","0.0242424","1","0","0.56","0","0.56","0.5842424","0.0348419","0.8396907046","0.0348419","0.8396907046","1","1","0"
"16702","6","Navigation Data Integration Tool","T0862","Initial Access","","","InC","","0","0","0.0242424","0.0242424","1","0","1","0","1","1.0242424","0.0348419","1.4720719046","0.0348419","1.4720719046","1","1","0"
"16703","8","RF / VHF / UHF Communication Module","T0862","Initial Access","","","InC","","0","0","0.0242424","0.0242424","1","0","0.56","0","0.56","0.5842424","0.0348419","0.8396907046","0.0348419","0.8396907046","1","1","0"
"16704","9","Vessel Traffic Services Interface","T0862","Initial Access","","","InC","","0","0","0.024","0.024","1","0","0.56","0","0.56","0.584","0.0344935","0.83934232","0.0344935","0.83934232","1","1","0"
"16705","10","Remote Control Center Communication Interface","T0862","Initial Access","","","InC","","0","0","0.0242424","0.0242424","1","0","1","0","1","1.0242424","0.0348419","1.4720719046","0.0348419","1.4720719046","1","1","0"
"16706","11","GMDSS","T0862","Initial Access","","","InC","","0","0","0.0242424","0.0242424","1","0","0.56","0","0.56","0.5842424","0.0348419","0.8396907046","0.0348419","0.8396907046","1","1","0"
"16707","13","Rudder Angle Indicator","T0862","Initial Access","","","InC","","0","0","0.0242424","0.0242424","1","0","0.56","0","0.56","0.5842424","0.0348419","0.8396907046","0.0348419","0.8396907046","1","1","0"
"16708","12","Controllable Pitch Propeller","T0862","Initial Access","","","InC","","0","0","0","0","1","0","1","0","1","1","0","1.43723","0","1.43723","1","1","0"
"16709","18","Sonar","T0862","Initial Access","","","InC","","0","0","0.0242424","0.0242424","1","0","0.56","0","0.56","0.5842424","0.0348419","0.8396907046","0.0348419","0.8396907046","1","1","0"
"16710","17","LiDAR","T0862","Initial Access","","","InC","","0","0","0.0242424","0.0242424","1","0","0.56","0","0.56","0.5842424","0.0348419","0.8396907046","0.0348419","0.8396907046","1","1","0"
"16711","16","Engine Control Mechanism","T0862","Initial Access","","","InC","","0","0","0.0484849","0.04848488","1","0","1","0","1","1.04848488","0.0696839","1.5069139241","0.0696839","1.5069139241","1","1","0"
"16712","15","Steering Gear System","T0862","Initial Access","","","InC","","0","0","0","0","1","0","1","0","1","1","0","1.43723","0","1.43723","1","1","0"
"16713","14","Electric / Hybrid Propulsion System","T0862","Initial Access","","","InC","","0","0","0","0","1","0","1","0","1","1","0","1.43723","0","1.43723","1","1","0"
"16714","21","Echo Sounder","T0862","Initial Access","","","InC","","0","0","0.024","0.024","1","0","0.56","0","0.56","0.584","0.0344935","0.83934232","0.0344935","0.83934232","1","1","0"
"16715","19","Infrared Camera System","T0862","Initial Access","","","InC","","0","0","0.0242424","0.0242424","1","0","0.56","0","0.56","0.5842424","0.0348419","0.8396907046","0.0348419","0.8396907046","1","1","0"
"16716","20","Weather Transmission System","T0862","Initial Access","","","InC","","0","0","0.0242424","0.0242424","1","0","0.56","0","0.56","0.5842424","0.0348419","0.8396907046","0.0348419","0.8396907046","1","1","0"
"16717","23","Heading and Speed Sensor","T0862","Initial Access","","","InC","","0","0","0.0242424","0.0242424","1","0","0.56","0","0.56","0.5842424","0.0348419","0.8396907046","0.0348419","0.8396907046","1","1","0"
"16718","25","Feedback Control Module","T0862","Initial Access","","","InC","","0","0","0.0242424","0.0242424","1","0","0.56","0","0.56","0.5842424","0.0348419","0.8396907046","0.0348419","0.8396907046","1","1","0"
"16719","28","Human Override Control Interface","T0862","Initial Access","","","InC","","0","0","0.0242424","0.0242424","1","0","0.56","0","0.56","0.5842424","0.0348419","0.8396907046","0.0348419","0.8396907046","1","1","0"
"16720","22","Gyroscope Compass","T0862","Initial Access","","","InC","","0","0","0.0484849","0.04848488","1","0","0.56","0","0.56","0.60848488","0.0696839","0.8745327241","0.0696839","0.8745327241","1","1","0"
"16721","26","Vessel Traffic Services Decision Integration","T0862","Initial Access","","","InC","","0","0","0.0242424","0.0242424","1","0","0.56","0","0.56","0.5842424","0.0348419","0.8396907046","0.0348419","0.8396907046","1","1","0"
"16722","34","Collision Avoidance System","T0862","Initial Access","","","InC","","0","0","0.0484849","0.04848488","1","0","1","0","1","1.04848488","0.0696839","1.5069139241","0.0696839","1.5069139241","1","1","0"
"16723","29","Internal Data Pipeline / Integration Module","T0862","Initial Access","","","InC","","0","0","0.0484849","0.04848488","1","0","1","0","1","1.04848488","0.0696839","1.5069139241","0.0696839","1.5069139241","1","1","0"
"16724","14","Electric / Hybrid Propulsion System","T0895","Execution","OOI","","InC","","0","0","1.6151","1.615096","1","0","1","0","1","2.615096","3.5874","5.8085727823","3.5874","5.8085727823","1","1","0"
"16725","16","Engine Control Mechanism","T0895","Execution","OOI","","InC","","0","0","1.86082","1.86082088","1","0","1","0","1","2.86082088","4.1332","6.354369514","4.1332","6.354369514","1","1","0"
"16726","35","Navigation Support and Situational Awareness Module","T0862","Initial Access","","","InC","","0","0","0.0242424","0.0242424","1","0","1","0","1","1.0242424","0.0348419","1.4720719046","0.0348419","1.4720719046","1","1","0"
"16727","25","Feedback Control Module","T0895","Execution","OOI","","InC","","0","0","0.857013","0.8570127","1","0","0.56","0","0.56","1.4170127","1.90357","3.1474260989","1.90357","3.1474260989","1","1","0"
"16728","28","Human Override Control Interface","T0895","Execution","OOI","","InC","","0","0","1.20962","1.2096184","1","0","0.56","0","0.56","1.7696184","2.68677","3.9306233015","2.68677","3.9306233015","1","1","0"
"16730","4","ENC Data Service","T0856","Impair Process Control","I2CF","","","","1","0","1.45247","1.45247143","1","0","0","0","0","1.45247143","3.65318","3.6531835172","3.65318","3.6531835172","1","1","0"
"16732","6","Navigation Data Integration Tool","T0856","Impair Process Control","I2CF","","","","1","0","2.1092","2.109204","1","0","0","0","0","2.109204","5.30496","5.3049644406","2.65248","2.6524822203","1","1","0"
"16734","7","Satellite Communication System","T0856","Impair Process Control","I2CF","","","","1","0","1.82883","1.8288334","1","0","0","0","0","1.8288334","4.59979","4.599790326","1.14995","1.1499475815","1","1","0"
"16736","8","RF / VHF / UHF Communication Module","T0856","Impair Process Control","I2CF","","","","1","0","1.1","1.1","1","0","0","0","0","1.1","2.76666","2.766665","1.38333","1.3833325","1","1","0"
"16738","12","Controllable Pitch Propeller","T0856","Impair Process Control","I2CF","","","","1","0","2.6151","2.615096","1","0","0","0","0","2.615096","6.57736","6.5773587044","1.64434","1.6443396761","1","1","0"
"16740","11","GMDSS","T0856","Impair Process Control","I2CF","","","","1","0","2.07883","2.0788334","1","0","0","0","0","2.0788334","5.22858","5.228577826","2.61429","2.614288913","1","1","0"
"16742","15","Steering Gear System","T0856","Impair Process Control","I2CF","","","","1","0","2.68993","2.689926","1","0","0","0","0","2.689926","6.76557","6.7655673789","1.69139","1.6913918447","1","1","0"
"16744","9","Vessel Traffic Services Interface","T0856","Impair Process Control","I2CF","","","","1","0","1.16","1.16","1","0","0","0","0","1.16","2.91757","2.917574","0.729393","0.7293935","1","1","0"
"16746","25","Feedback Control Module","T0856","Impair Process Control","I2CF","","","","1","0","1.58277","1.5827703","1","0","0","0","0","1.5827703","3.9809","3.98090472","3.9809","3.98090472","1","1","0"
"16748","10","Remote Control Center Communication Interface","T0856","Impair Process Control","I2CF","","","","1","0","1.95439","1.954389","1","0","0","0","0","1.954389","4.91558","4.9155814934","1.2289","1.2288953733","1","1","0"
"16750","14","Electric / Hybrid Propulsion System","T0856","Impair Process Control","I2CF","","","","1","0","2.6151","2.615096","1","0","0","0","0","2.615096","6.57736","6.5773587044","1.64434","1.6443396761","1","1","0"
"16752","16","Engine Control Mechanism","T0856","Impair Process Control","I2CF","","","","1","0","2.81234","2.812336","1","0","0","0","0","2.812336","7.07345","7.0734468904","1.76836","1.7683617226","1","1","0"
"16754","29","Internal Data Pipeline / Integration Module","T0856","Impair Process Control","I2CF","","","","1","0","1.91484","1.914843","1","0","0","0","0","1.914843","4.81612","4.8161173714","2.40806","2.4080586857","1","1","0"
"16756","26","Vessel Traffic Services Decision Integration","T0856","Impair Process Control","I2CF","","","","1","0","1.21043","1.210429","1","0","0","0","0","1.210429","3.04441","3.0444104994","0.761103","0.7611026248","1","1","0"
"16758","28","Human Override Control Interface","T0856","Impair Process Control","I2CF","","","","1","0","2.18538","2.185376","1","0","0","0","0","2.185376","5.49655","5.4965484464","2.74827","2.7482742232","1","1","0"
"16760","34","Collision Avoidance System","T0856","Impair Process Control","I2CF","","","","1","0","2.97833","2.978329","1","0","0","0","0","2.978329","7.49094","7.4909441844","7.49094","7.4909441844","0","0","0"
"16762","35","Navigation Support and Situational Awareness Module","T0856","Impair Process Control","I2CF","","","","1","0","2.1134","2.113399","1","0","0","0","0","2.113399","5.31552","5.3155154949","5.31552","5.3155154949","1","1","0"
"16763","6","Navigation Data Integration Tool","T0866","Lateral Movement","","","InC","","0","0","0.0242424","0.0242424","1","0","1","0","1","1.0242424","0.0942312","3.9812711785","0.0471156","1.9906355892","1","1","0"
"16764","6","Navigation Data Integration Tool","T0866","Initial Access","","","InC","","0","0","0.0242424","0.0242424","1","0","1","0","1","1.0242424","0.0942312","3.9812711785","0.0471156","1.9906355892","1","1","0"
"16765","4","ENC Data Service","T0866","Lateral Movement","","","InC","","0","0","0.0242424","0.0242424","1","0","1","0","1","1.0242424","0.0942312","3.9812711785","0.0942312","3.9812711785","1","1","0"
"16766","4","ENC Data Service","T0866","Initial Access","","","InC","","0","0","0.0242424","0.0242424","1","0","1","0","1","1.0242424","0.0942312","3.9812711785","0.0942312","3.9812711785","1","1","0"
"16767","7","Satellite Communication System","T0866","Lateral Movement","","","InC","","0","0","0.0242424","0.0242424","1","0","0.56","0","0.56","0.5842424","0.0942312","2.2709735785","0.0471156","1.1354867892","1","1","0"
"16768","7","Satellite Communication System","T0866","Initial Access","","","InC","","0","0","0.0242424","0.0242424","1","0","0.56","0","0.56","0.5842424","0.0942312","2.2709735785","0.0471156","1.1354867892","1","1","0"
"16769","10","Remote Control Center Communication Interface","T0866","Lateral Movement","","","InC","","0","0","0.0242424","0.0242424","1","0","1","0","1","1.0242424","0.0942312","3.9812711785","0.0471156","1.9906355892","1","1","0"
"16770","10","Remote Control Center Communication Interface","T0866","Initial Access","","","InC","","0","0","0.0242424","0.0242424","1","0","1","0","1","1.0242424","0.0942312","3.9812711785","0.0471156","1.9906355892","1","1","0"
"16771","9","Vessel Traffic Services Interface","T0866","Lateral Movement","","","InC","","0","0","0.024","0.024","1","0","0.56","0","0.56","0.584","0.093289","2.27003136","0.0466445","1.13501568","1","1","0"
"16772","9","Vessel Traffic Services Interface","T0866","Initial Access","","","InC","","0","0","0.024","0.024","1","0","0.56","0","0.56","0.584","0.093289","2.27003136","0.0466445","1.13501568","1","1","0"
"16773","8","RF / VHF / UHF Communication Module","T0866","Lateral Movement","","","InC","","0","0","0.0242424","0.0242424","1","0","0.56","0","0.56","0.5842424","0.0942312","2.2709735785","0.0471156","1.1354867892","1","1","0"
"16774","8","RF / VHF / UHF Communication Module","T0866","Initial Access","","","InC","","0","0","0.0242424","0.0242424","1","0","0.56","0","0.56","0.5842424","0.0942312","2.2709735785","0.0471156","1.1354867892","1","1","0"
"16775","11","GMDSS","T0866","Lateral Movement","","","InC","","0","0","0.0242424","0.0242424","1","0","0.56","0","0.56","0.5842424","0.0942312","2.2709735785","0.0471156","1.1354867892","1","1","0"
"16776","11","GMDSS","T0866","Initial Access","","","InC","","0","0","0.0242424","0.0242424","1","0","0.56","0","0.56","0.5842424","0.0942312","2.2709735785","0.0471156","1.1354867892","1","1","0"
"16777","3","AIS Interface","T0812","Lateral Movement","","","InC","","0","0","0.0484849","0.04848488","1","0","1","0","1","1.04848488","0.188463","4.075502668","0.188463","4.075502668","1","1","0"
"16778","12","Controllable Pitch Propeller","T0866","Lateral Movement","","","InC","","0","0","0","0","1","0","1","0","1","1","0","3.88704","0","3.88704","1","1","0"
"16779","12","Controllable Pitch Propeller","T0866","Initial Access","","","InC","","0","0","0","0","1","0","1","0","1","1","0","3.88704","0","3.88704","1","1","0"
"16780","2","GNSS / GPS Receiver","T0812","Lateral Movement","","","InC","","0","0","0.0242424","0.0242424","1","0","1","0","1","1.0242424","0.0942312","3.9812711785","0.0942312","3.9812711785","1","1","0"
"16781","4","ENC Data Service","T0812","Lateral Movement","","","InC","","0","0","0.0242424","0.0242424","1","0","1","0","1","1.0242424","0.0942312","3.9812711785","0.0942312","3.9812711785","1","1","0"
"16782","5","RADAR / ARPA System","T0812","Lateral Movement","","","InC","","0","0","0.0484849","0.04848488","1","0","1","0","1","1.04848488","0.188463","4.075502668","0.188463","4.075502668","1","1","0"
"16783","6","Navigation Data Integration Tool","T0812","Lateral Movement","","","InC","","0","0","0.0242424","0.0242424","1","0","1","0","1","1.0242424","0.0942312","3.9812711785","0.0942312","3.9812711785","1","1","0"
"16784","14","Electric / Hybrid Propulsion System","T0866","Lateral Movement","","","InC","","0","0","0","0","1","0","1","0","1","1","0","3.88704","0","3.88704","1","1","0"
"16785","14","Electric / Hybrid Propulsion System","T0866","Initial Access","","","InC","","0","0","0","0","1","0","1","0","1","1","0","3.88704","0","3.88704","1","1","0"
"16786","7","Satellite Communication System","T0812","Lateral Movement","","","InC","","0","0","0.0242424","0.0242424","1","0","0.56","0","0.56","0.5842424","0.0942312","2.2709735785","0.0942312","2.2709735785","1","1","0"
"16787","8","RF / VHF / UHF Communication Module","T0812","Lateral Movement","","","InC","","0","0","0.0242424","0.0242424","1","0","0.56","0","0.56","0.5842424","0.0942312","2.2709735785","0.0942312","2.2709735785","1","1","0"
"16788","25","Feedback Control Module","T0866","Lateral Movement","","","InC","","0","0","0.0242424","0.0242424","1","0","0.56","0","0.56","0.5842424","0.0942312","2.2709735785","0.0942312","2.2709735785","1","1","0"
"16789","25","Feedback Control Module","T0866","Initial Access","","","InC","","0","0","0.0242424","0.0242424","1","0","0.56","0","0.56","0.5842424","0.0942312","2.2709735785","0.0942312","2.2709735785","1","1","0"
"16790","26","Vessel Traffic Services Decision Integration","T0866","Lateral Movement","","","InC","","0","0","0.0242424","0.0242424","1","0","0.56","0","0.56","0.5842424","0.0942312","2.2709735785","0.0471156","1.1354867892","1","1","0"
"16791","26","Vessel Traffic Services Decision Integration","T0866","Initial Access","","","InC","","0","0","0.0242424","0.0242424","1","0","0.56","0","0.56","0.5842424","0.0942312","2.2709735785","0.0471156","1.1354867892","1","1","0"
"16792","16","Engine Control Mechanism","T0866","Lateral Movement","","","InC","","0","0","0.0484849","0.04848488","1","0","1","0","1","1.04848488","0.188463","4.075502668","0.0942313","2.037751334","1","1","0"
"16793","16","Engine Control Mechanism","T0866","Initial Access","","","InC","","0","0","0.0484849","0.04848488","1","0","1","0","1","1.04848488","0.188463","4.075502668","0.0942313","2.037751334","1","1","0"
"16794","15","Steering Gear System","T0866","Lateral Movement","","","InC","","0","0","0","0","1","0","1","0","1","1","0","3.88704","0","3.88704","1","1","0"
"16795","15","Steering Gear System","T0866","Initial Access","","","InC","","0","0","0","0","1","0","1","0","1","1","0","3.88704","0","3.88704","1","1","0"
"16796","9","Vessel Traffic Services Interface","T0812","Lateral Movement","","","InC","","0","0","0.024","0.024","1","0","0.56","0","0.56","0.584","0.093289","2.27003136","0.093289","2.27003136","1","1","0"
"16797","10","Remote Control Center Communication Interface","T0812","Lateral Movement","","","InC","","0","0","0.0242424","0.0242424","1","0","1","0","1","1.0242424","0.0942312","3.9812711785","0.0942312","3.9812711785","1","1","0"
"16798","28","Human Override Control Interface","T0866","Lateral Movement","","","InC","","0","0","0.0242424","0.0242424","1","0","0.56","0","0.56","0.5842424","0.0942312","2.2709735785","0.0471156","1.1354867892","1","1","0"
"16799","28","Human Override Control Interface","T0866","Initial Access","","","InC","","0","0","0.0242424","0.0242424","1","0","0.56","0","0.56","0.5842424","0.0942312","2.2709735785","0.0471156","1.1354867892","1","1","0"
"16800","13","Rudder Angle Indicator","T0812","Lateral Movement","","","InC","","0","0","0.0242424","0.0242424","1","0","0.56","0","0.56","0.5842424","0.0942312","2.2709735785","0.0942312","2.2709735785","1","1","0"
"16801","29","Internal Data Pipeline / Integration Module","T0866","Lateral Movement","","","InC","","0","0","0.0484849","0.04848488","1","0","1","0","1","1.04848488","0.188463","4.075502668","0.0942313","2.037751334","1","1","0"
"16802","29","Internal Data Pipeline / Integration Module","T0866","Initial Access","","","InC","","0","0","0.0484849","0.04848488","1","0","1","0","1","1.04848488","0.188463","4.075502668","0.0942313","2.037751334","1","1","0"
"16803","35","Navigation Support and Situational Awareness Module","T0866","Lateral Movement","","","InC","","0","0","0.0242424","0.0242424","1","0","1","0","1","1.0242424","0.0942312","3.9812711785","0.0942312","3.9812711785","1","1","0"
"16804","35","Navigation Support and Situational Awareness Module","T0866","Initial Access","","","InC","","0","0","0.0242424","0.0242424","1","0","1","0","1","1.0242424","0.0942312","3.9812711785","0.0942312","3.9812711785","1","1","0"
"16805","11","GMDSS","T0812","Lateral Movement","","","InC","","0","0","0.0242424","0.0242424","1","0","0.56","0","0.56","0.5842424","0.0942312","2.2709735785","0.0942312","2.2709735785","1","1","0"
"16806","12","Controllable Pitch Propeller","T0812","Lateral Movement","","","InC","","0","0","0","0","1","0","1","0","1","1","0","3.88704","0","3.88704","1","1","0"
"16807","34","Collision Avoidance System","T0866","Lateral Movement","","","InC","","0","0","0.0484849","0.04848488","1","0","1","0","1","1.04848488","0.188463","4.075502668","0.188463","4.075502668","1","1","0"
"16808","34","Collision Avoidance System","T0866","Initial Access","","","InC","","0","0","0.0484849","0.04848488","1","0","1","0","1","1.04848488","0.188463","4.075502668","0.188463","4.075502668","1","1","0"
"16809","14","Electric / Hybrid Propulsion System","T0812","Lateral Movement","","","InC","","0","0","0","0","1","0","1","0","1","1","0","3.88704","0","3.88704","1","1","0"
"16810","15","Steering Gear System","T0812","Lateral Movement","","","InC","","0","0","0","0","1","0","1","0","1","1","0","3.88704","0","3.88704","1","1","0"
"16811","18","Sonar","T0812","Lateral Movement","","","InC","","0","0","0.0242424","0.0242424","1","0","0.56","0","0.56","0.5842424","0.0942312","2.2709735785","0.0942312","2.2709735785","1","1","0"
"16812","16","Engine Control Mechanism","T0812","Lateral Movement","","","InC","","0","0","0.0484849","0.04848488","1","0","1","0","1","1.04848488","0.188463","4.075502668","0.188463","4.075502668","1","1","0"
"16813","17","LiDAR","T0812","Lateral Movement","","","InC","","0","0","0.0242424","0.0242424","1","0","0.56","0","0.56","0.5842424","0.0942312","2.2709735785","0.0942312","2.2709735785","1","1","0"
"16814","19","Infrared Camera System","T0812","Lateral Movement","","","InC","","0","0","0.0242424","0.0242424","1","0","0.56","0","0.56","0.5842424","0.0942312","2.2709735785","0.0942312","2.2709735785","1","1","0"
"16815","22","Gyroscope Compass","T0812","Lateral Movement","","","InC","","0","0","0.0484849","0.04848488","1","0","0.56","0","0.56","0.60848488","0.188463","2.365205068","0.188463","2.365205068","1","1","0"
"16816","21","Echo Sounder","T0812","Lateral Movement","","","InC","","0","0","0.024","0.024","1","0","0.56","0","0.56","0.584","0.093289","2.27003136","0.093289","2.27003136","1","1","0"
"16817","20","Weather Transmission System","T0812","Lateral Movement","","","InC","","0","0","0.0242424","0.0242424","1","0","0.56","0","0.56","0.5842424","0.0942312","2.2709735785","0.0942312","2.2709735785","1","1","0"
"16818","23","Heading and Speed Sensor","T0812","Lateral Movement","","","InC","","0","0","0.0242424","0.0242424","1","0","0.56","0","0.56","0.5842424","0.0942312","2.2709735785","0.0942312","2.2709735785","1","1","0"
"16819","34","Collision Avoidance System","T0812","Lateral Movement","","","InC","","0","0","0.0484849","0.04848488","1","0","1","0","1","1.04848488","0.188463","4.075502668","0.188463","4.075502668","1","1","0"
"16820","25","Feedback Control Module","T0812","Lateral Movement","","","InC","","0","0","0.0242424","0.0242424","1","0","0.56","0","0.56","0.5842424","0.0942312","2.2709735785","0.0942312","2.2709735785","1","1","0"
"16821","26","Vessel Traffic Services Decision Integration","T0812","Lateral Movement","","","InC","","0","0","0.0242424","0.0242424","1","0","0.56","0","0.56","0.5842424","0.0942312","2.2709735785","0.0942312","2.2709735785","1","1","0"
"16822","28","Human Override Control Interface","T0812","Lateral Movement","","","InC","","0","0","0.0242424","0.0242424","1","0","0.56","0","0.56","0.5842424","0.0942312","2.2709735785","0.0942312","2.2709735785","1","1","0"
"16823","29","Internal Data Pipeline / Integration Module","T0812","Lateral Movement","","","InC","","0","0","0.0484849","0.04848488","1","0","1","0","1","1.04848488","0.188463","4.075502668","0.188463","4.075502668","1","1","0"
"16824","7","Satellite Communication System","T0822","Initial Access","","","InC","","0","0","0.0242424","0.0242424","1","0","0.56","0","0.56","0.5842424","0.0538465","1.2977016916","0.0269232","0.6488508458","1","1","0"
"16825","4","ENC Data Service","T0822","Initial Access","","","InC","","0","0","0.0242424","0.0242424","1","0","1","0","1","1.0242424","0.0538465","2.2750164916","0.0538465","2.2750164916","1","1","0"
"16826","10","Remote Control Center Communication Interface","T0822","Initial Access","","","InC","","0","0","0.0242424","0.0242424","1","0","1","0","1","1.0242424","0.0538465","2.2750164916","0.0134616","0.5687541229","1","1","0"
"16827","35","Navigation Support and Situational Awareness Module","T0812","Lateral Movement","","","InC","","0","0","0.0242424","0.0242424","1","0","1","0","1","1.0242424","0.0942312","3.9812711785","0.0942312","3.9812711785","1","1","0"
"16828","6","Navigation Data Integration Tool","T0822","Initial Access","","","InC","","0","0","0.0242424","0.0242424","1","0","1","0","1","1.0242424","0.0538465","2.2750164916","0.0269232","1.1375082458","1","1","0"
"16829","29","Internal Data Pipeline / Integration Module","T0822","Initial Access","","","InC","","0","0","0.0484849","0.04848488","1","0","1","0","1","1.04848488","0.107693","2.3288631609","0.0538466","1.1644315805","1","1","0"
"16830","11","GMDSS","T0822","Initial Access","","","InC","","0","0","0.0242424","0.0242424","1","0","0.56","0","0.56","0.5842424","0.0538465","1.2977016916","0.0269232","0.6488508458","1","1","0"
"16831","9","Vessel Traffic Services Interface","T0822","Initial Access","","","InC","","0","0","0.024","0.024","1","0","0.56","0","0.56","0.584","0.0533081","1.29716328","0.026654","0.64858164","1","1","0"
"16832","8","RF / VHF / UHF Communication Module","T0822","Initial Access","","","InC","","0","0","0.0242424","0.0242424","1","0","0.56","0","0.56","0.5842424","0.0538465","1.2977016916","0.0269232","0.6488508458","1","1","0"
"16833","26","Vessel Traffic Services Decision Integration","T0822","Initial Access","","","InC","","0","0","0.0242424","0.0242424","1","0","0.56","0","0.56","0.5842424","0.0538465","1.2977016916","0.0269232","0.6488508458","1","1","0"
"16834","35","Navigation Support and Situational Awareness Module","T0822","Initial Access","","","InC","","0","0","0.0242424","0.0242424","1","0","1","0","1","1.0242424","0.0538465","2.2750164916","0.0538465","2.2750164916","1","1","0"
"16835","12","Controllable Pitch Propeller","T0806","Impair Process Control","I2CF","","","","1","0","2.6151","2.615096","1","0","0","0","0","2.615096","3.75849","3.7584944241","3.75849","3.7584944241","1","1","0"
"16836","14","Electric / Hybrid Propulsion System","T0806","Impair Process Control","I2CF","","","","1","0","2.6151","2.615096","1","0","0","0","0","2.615096","3.75849","3.7584944241","3.75849","3.7584944241","1","1","0"
"16837","15","Steering Gear System","T0806","Impair Process Control","I2CF","","","","1","0","2.68993","2.689926","1","0","0","0","0","2.689926","3.86604","3.866042345","3.86604","3.866042345","1","1","0"
"16838","16","Engine Control Mechanism","T0806","Impair Process Control","I2CF","","","","1","0","2.81234","2.812336","1","0","0","0","0","2.812336","4.04197","4.0419736693","4.04197","4.0419736693","1","1","0"
"16839","25","Feedback Control Module","T0806","Impair Process Control","I2CF","","","","1","0","1.58277","1.5827703","1","0","0","0","0","1.5827703","2.27481","2.2748049583","2.27481","2.2748049583","1","1","0"
"16840","28","Human Override Control Interface","T0806","Impair Process Control","I2CF","","","","1","0","2.18538","2.185376","1","0","0","0","0","2.185376","3.14089","3.1408879485","1.57044","1.5704439742","1","1","0"
"16841","34","Collision Avoidance System","T0806","Impair Process Control","I2CF","","","","1","0","2.97833","2.978329","1","0","0","0","0","2.978329","4.28054","4.2805437887","4.28054","4.2805437887","1","1","0"
"16842","2","GNSS / GPS Receiver","T0830","Collection","","CoC","","","0","0","0.464242","0.4642424","1","0.392","0","0","0.392","0.8562424","0.667223","1.2306172646","0.667223","1.2306172646","1","1","0"
"16843","5","RADAR / ARPA System","T0830","Collection","","CoC","","","0","0","0.576485","0.57648488","1","0.154","0","0","0.154","0.73048488","0.828541","1.0498747841","0.828541","1.0498747841","1","1","0"
"16844","4","ENC Data Service","T0830","Collection","","CoC","","","0","0","0.376242","0.3762424","1","0.154","0","0","0.154","0.5302424","0.540747","0.7620802846","0.540747","0.7620802846","1","1","0"
"16845","3","AIS Interface","T0830","Collection","","CoC","","","0","0","0.488485","0.48848488","1","0.007","0","0","0.007","0.49548488","0.702065","0.7121257341","0.351033","0.356062867","1","1","0"
"16846","7","Satellite Communication System","T0830","Collection","","CoC","","","0","0","0.376242","0.3762424","1","0.392","0","0","0.392","0.7682424","0.540747","1.1041410246","0.135187","0.2760352561","1","1","0"
"16847","6","Navigation Data Integration Tool","T0830","Collection","","CoC","","","0","0","0.640242","0.6402424","1","0.392","0","0","0.392","1.0322424","0.920176","1.4835697446","0.460088","0.7417848723","1","1","0"
"16848","13","Rudder Angle Indicator","T0830","Collection","","CoC","","","0","0","0.0322424","0.0322424","1","0.007","0","0","0.007","0.0392424","0.0463397","0.0564003546","0.0463397","0.0564003546","1","1","0"
"16849","9","Vessel Traffic Services Interface","T0830","Collection","","CoC","","","0","0","0.288","0.288","1","0.154","0","0","0.154","0.442","0.413922","0.63525566","0.103481","0.158813915","1","1","0"
"16850","17","LiDAR","T0830","Collection","","CoC","","","0","0","0.0322424","0.0322424","1","0.007","0","0","0.007","0.0392424","0.0463397","0.0564003546","0.0463397","0.0564003546","1","1","0"
"16851","10","Remote Control Center Communication Interface","T0830","Collection","","CoC","","","0","0","0.376242","0.3762424","1","0.392","0","0","0.392","0.7682424","0.540747","1.1041410246","0.135187","0.2760352561","1","1","0"
"16852","11","GMDSS","T0830","Collection","","CoC","","","0","0","0.200242","0.2002424","1","0.154","0","0","0.154","0.3542424","0.287794","0.5091278046","0.0719486","0.1272819511","1","1","0"
"16853","18","Sonar","T0830","Collection","","CoC","","","0","0","0.200242","0.2002424","1","0.007","0","0","0.007","0.2072424","0.287794","0.2978549946","0.287794","0.2978549946","1","1","0"
"16854","8","RF / VHF / UHF Communication Module","T0830","Collection","","CoC","","","0","0","0.200242","0.2002424","1","0.154","0","0","0.154","0.3542424","0.287794","0.5091278046","0.0719486","0.1272819511","1","1","0"
"16855","16","Engine Control Mechanism","T0830","Collection","","CoC","","","0","0","0.224485","0.22448488","1","0.154","0","0","0.154","0.37848488","0.322636","0.5439698241","0.0806591","0.135992456","1","1","0"
"16856","14","Electric / Hybrid Propulsion System","T0830","Collection","","CoC","","","0","0","0.176","0.176","1","0.154","0","0","0.154","0.33","0.252952","0.4742859","0.0632381","0.118571475","1","1","0"
"16857","15","Steering Gear System","T0830","Collection","","CoC","","","0","0","0.096","0.096","1","0.154","0","0","0.154","0.25","0.137974","0.3593075","0.0344935","0.089826875","1","1","0"
"16858","20","Weather Transmission System","T0830","Collection","","CoC","","","0","0","0.0322424","0.0322424","1","0.007","0","0","0.007","0.0392424","0.0463397","0.0564003546","0.0463397","0.0564003546","1","1","0"
"16859","12","Controllable Pitch Propeller","T0830","Collection","","CoC","","","0","0","0.008","0.008","1","0.007","0","0","0.007","0.015","0.0114978","0.02155845","0.00287446","0.0053896125","1","1","0"
"16860","21","Echo Sounder","T0830","Collection","","CoC","","","0","0","0.2","0.2","1","0.007","0","0","0.007","0.207","0.287446","0.29750661","0.287446","0.29750661","1","1","0"
"16861","19","Infrared Camera System","T0830","Collection","","CoC","","","0","0","0.200242","0.2002424","1","0.154","0","0","0.154","0.3542424","0.287794","0.5091278046","0.287794","0.5091278046","1","1","0"
"16862","25","Feedback Control Module","T0830","Collection","","CoC","","","0","0","0.200242","0.2002424","1","0.154","0","0","0.154","0.3542424","0.287794","0.5091278046","0.287794","0.5091278046","1","1","0"
"16863","22","Gyroscope Compass","T0830","Collection","","CoC","","","0","0","0.0564849","0.05648488","1","0.007","0","0","0.007","0.06348488","0.0811818","0.0912423741","0.0811818","0.0912423741","1","1","0"
"16864","23","Heading and Speed Sensor","T0830","Collection","","CoC","","","0","0","0.0322424","0.0322424","1","0.007","0","0","0.007","0.0392424","0.0463397","0.0564003546","0.0463397","0.0564003546","1","1","0"
"16865","26","Vessel Traffic Services Decision Integration","T0830","Collection","","CoC","","","0","0","0.288242","0.2882424","1","0.154","0","0","0.154","0.4422424","0.414271","0.6356040446","0.103568","0.1589010111","1","1","0"
"16866","28","Human Override Control Interface","T0830","Collection","","CoC","","","0","0","0.200242","0.2002424","1","0.154","0","0","0.154","0.3542424","0.287794","0.5091278046","0.143897","0.2545639023","1","1","0"
"16868","29","Internal Data Pipeline / Integration Module","T0830","Collection","","CoC","","","0","0","0.488485","0.48848488","1","0.392","0","0","0.392","0.88048488","0.702065","1.2654592841","0.351033","0.632729642","1","1","0"
"16872","34","Collision Avoidance System","T0830","Collection","","CoC","","","0","0","0.664485","0.66448488","1","0.154","0","0","0.154","0.81848488","0.955018","1.1763510241","0.955018","1.1763510241","1","1","0"
"16873","35","Navigation Support and Situational Awareness Module","T0830","Collection","","CoC","","","0","0","0.552242","0.5522424","1","0.392","0","0","0.392","0.9442424","0.793699","1.3570935046","0.793699","1.3570935046","1","1","0"
"16886","4","ENC Data Service","T0823","Execution","OOI","","InC","","0","0","0.976714","0.97671383","1","0","1","0","1","1.97671383","2.45658","4.9717317895","2.45658","4.9717317895","1","1","0"
"16887","6","Navigation Data Integration Tool","T0823","Execution","OOI","","InC","","0","0","1.38345","1.3834464","1","0","1","0","1","2.3834464","3.47958","5.994725213","3.47958","5.994725213","1","1","0"
"16889","7","Satellite Communication System","T0823","Execution","OOI","","InC","","0","0","1.10308","1.1030758","1","0","0.56","0","0.56","1.6630758","2.7744","4.1828850984","2.7744","4.1828850984","1","1","0"
"16890","11","GMDSS","T0823","Execution","OOI","","InC","","0","0","1.10308","1.1030758","1","0","0.56","0","0.56","1.6630758","2.7744","4.1828850984","2.7744","4.1828850984","1","1","0"
"16891","10","Remote Control Center Communication Interface","T0823","Execution","OOI","","InC","","0","0","1.22863","1.2286314","1","0","1","0","1","2.2286314","3.09019","5.6053422657","3.09019","5.6053422657","1","1","0"
"16892","8","RF / VHF / UHF Communication Module","T0823","Execution","OOI","","InC","","0","0","0.624242","0.6242424","1","0","0.56","0","0.56","1.1842424","1.57006","2.9785472724","1.57006","2.9785472724","1","1","0"
"16893","14","Electric / Hybrid Propulsion System","T0823","Execution","OOI","","InC","","0","0","1.6151","1.615096","1","0","1","0","1","2.615096","4.06221","6.5773587044","4.06221","6.5773587044","1","0","1"
"16894","9","Vessel Traffic Services Interface","T0823","Execution","OOI","","InC","","0","0","0.684","0.684","1","0","0.56","0","0.56","1.244","1.72036","3.1288466","1.72036","3.1288466","1","1","0"
"16895","25","Feedback Control Module","T0823","Execution","OOI","","InC","","0","0","0.857013","0.8570127","1","0","0.56","0","0.56","1.4170127","2.15552","3.5639994924","2.15552","3.5639994924","1","1","0"
"16896","16","Engine Control Mechanism","T0823","Execution","OOI","","InC","","0","0","1.86082","1.86082088","1","0","1","0","1","2.86082088","4.68024","7.1953936363","4.68024","7.1953936363","1","0","1"
"16897","26","Vessel Traffic Services Decision Integration","T0823","Execution","OOI","","InC","","0","0","0.734671","0.7346714","1","0","0.56","0","0.56","1.2946714","1.84781","3.2562927717","1.84781","3.2562927717","1","1","0"
"16898","12","Controllable Pitch Propeller","T0848","Initial Access","","","InC","","0","0","0","0","1","0","1","0","1","1","0","2.22117","0","0.5552925","1","1","0"
"16899","28","Human Override Control Interface","T0823","Execution","OOI","","InC","","0","0","1.20962","1.2096184","1","0","0.56","0","0.56","1.7696184","3.04237","4.4508557188","3.04237","4.4508557188","1","1","0"
"16900","29","Internal Data Pipeline / Integration Module","T0823","Execution","OOI","","InC","","0","0","1.21333","1.21332788","1","0","1","0","1","2.21332788","3.0517","5.5668516174","3.0517","5.5668516174","1","1","0"
"16901","35","Navigation Support and Situational Awareness Module","T0823","Execution","OOI","","InC","","0","0","1.38764","1.3876414","1","0","1","0","1","2.3876414","3.49013","6.0052762672","3.49013","6.0052762672","1","1","0"
"16902","34","Collision Avoidance System","T0848","Initial Access","","","InC","","0","0","0.0484849","0.04848488","1","0","1","0","1","1.04848488","0.107693","2.3288631609","0.107693","2.3288631609","1","1","0"
"16903","14","Electric / Hybrid Propulsion System","T0848","Initial Access","","","InC","","0","0","0","0","1","0","1","0","1","1","0","2.22117","0","0.5552925","1","1","0"
"16904","15","Steering Gear System","T0848","Initial Access","","","InC","","0","0","0","0","1","0","1","0","1","1","0","2.22117","0","0.5552925","1","1","0"
"16905","4","ENC Data Service","T0834","Execution","OOI","","InC","","0","0","0.976714","0.97671383","1","0","1","0","1","1.97671383","1.40376","2.8409924179","1.40376","2.8409924179","1","1","0"
"16906","16","Engine Control Mechanism","T0848","Initial Access","","","InC","","0","0","0.0484849","0.04848488","1","0","1","0","1","1.04848488","0.107693","2.3288631609","0.0269233","0.5822157902","1","1","0"
"16907","25","Feedback Control Module","T0848","Initial Access","","","InC","","0","0","0.0242424","0.0242424","1","0","0.56","0","0.56","0.5842424","0.0538465","1.2977016916","0.0538465","1.2977016916","1","1","0"
"16908","10","Remote Control Center Communication Interface","T0848","Initial Access","","","InC","","0","0","0.0242424","0.0242424","1","0","1","0","1","1.0242424","0.0538465","2.2750164916","0.0134616","0.5687541229","1","1","0"
"16909","28","Human Override Control Interface","T0848","Initial Access","","","InC","","0","0","0.0242424","0.0242424","1","0","0.56","0","0.56","0.5842424","0.0538465","1.2977016916","0.0269232","0.6488508458","1","1","0"
"16910","6","Navigation Data Integration Tool","T0834","Execution","OOI","","InC","","0","0","1.38345","1.3834464","1","0","1","0","1","2.3834464","1.98833","3.4255606695","1.98833","3.4255606695","1","1","0"
"16911","7","Satellite Communication System","T0834","Execution","OOI","","InC","","0","0","1.10308","1.1030758","1","0","0.56","0","0.56","1.6630758","1.58537","2.390222432","1.58537","2.390222432","1","1","0"
"16912","8","RF / VHF / UHF Communication Module","T0834","Execution","OOI","","InC","","0","0","0.624242","0.6242424","1","0","0.56","0","0.56","1.1842424","0.89718","1.7020287046","0.89718","1.7020287046","1","1","0"
"16913","9","Vessel Traffic Services Interface","T0834","Execution","OOI","","InC","","0","0","0.684","0.684","1","0","0.56","0","0.56","1.244","0.983065","1.78791412","0.983065","1.78791412","1","1","0"
"16914","10","Remote Control Center Communication Interface","T0834","Execution","OOI","","InC","","0","0","1.22863","1.2286314","1","0","1","0","1","2.2286314","1.76583","3.203055907","1.76583","3.203055907","1","1","0"
"16915","12","Controllable Pitch Propeller","T0834","Execution","OOI","","InC","","0","0","1.6151","1.615096","1","0","1","0","1","2.615096","2.32126","3.7584944241","2.32126","3.7584944241","1","1","0"
"16916","11","GMDSS","T0834","Execution","OOI","","InC","","0","0","1.10308","1.1030758","1","0","0.56","0","0.56","1.6630758","1.58537","2.390222432","1.58537","2.390222432","1","1","0"
"16917","16","Engine Control Mechanism","T0834","Execution","OOI","","InC","","0","0","1.86082","1.86082088","1","0","1","0","1","2.86082088","2.67443","4.1116575934","2.67443","4.1116575934","1","1","0"
"16918","20","Weather Transmission System","T0834","Execution","OOI","","InC","","0","0","0.5363","0.5362996","1","0","0.56","0","0.56","1.0962996","0.770786","1.5756346741","0.770786","1.5756346741","1","1","0"
"16919","15","Steering Gear System","T0834","Execution","OOI","","InC","","0","0","1.68993","1.689926","1","0","1","0","1","2.689926","2.42881","3.866042345","2.42881","3.866042345","1","1","0"
"16920","28","Human Override Control Interface","T0834","Execution","OOI","","InC","","0","0","1.20962","1.2096184","1","0","0.56","0","0.56","1.7696184","1.7385","2.543348653","1.7385","2.543348653","1","1","0"
"16921","29","Internal Data Pipeline / Integration Module","T0834","Execution","OOI","","InC","","0","0","1.21333","1.21332788","1","0","1","0","1","2.21332788","1.74383","3.181061229","1.74383","3.181061229","1","1","0"
"16922","14","Electric / Hybrid Propulsion System","T0834","Execution","OOI","","InC","","0","0","1.6151","1.615096","1","0","1","0","1","2.615096","2.32126","3.7584944241","2.32126","3.7584944241","1","1","0"
"16923","26","Vessel Traffic Services Decision Integration","T0834","Execution","OOI","","InC","","0","0","0.734671","0.7346714","1","0","0.56","0","0.56","1.2946714","1.05589","1.8607405762","1.05589","1.8607405762","1","1","0"
"16924","25","Feedback Control Module","T0834","Execution","OOI","","InC","","0","0","0.857013","0.8570127","1","0","0.56","0","0.56","1.4170127","1.23172","2.0365731628","1.23172","2.0365731628","1","1","0"
"16925","34","Collision Avoidance System","T0834","Execution","OOI","","InC","","0","0","2.02681","2.02681388","1","0","1","0","1","3.02681388","2.913","4.3502277128","2.913","4.3502277128","1","1","0"
"16926","35","Navigation Support and Situational Awareness Module","T0834","Execution","OOI","","InC","","0","0","1.38764","1.3876414","1","0","1","0","1","2.3876414","1.99436","3.4315898493","1.99436","3.4315898493","1","1","0"
"16928","12","Controllable Pitch Propeller","T0857","Persistence","","","InC","","0","0","0.44","0.44","1","0","1","0","1","1.44","0.632381","2.0696112","0.158095","0.5174028","1","1","0"
"16930","6","Navigation Data Integration Tool","T0857","Persistence","","","InC","","0","0","0.512","0.512","1","0","1","0","1","1.512","0.735862","2.17309176","0.367931","1.08654588","1","1","0"
"16932","9","Vessel Traffic Services Interface","T0857","Persistence","","","InC","","0","0","0.232","0.232","1","0","0.56","0","0.56","0.792","0.333437","1.13828616","0.0833593","0.28457154","1","1","0"
"16934","11","GMDSS","T0857","Persistence","","","InC","","0","0","0.392","0.392","1","0","0.56","0","0.56","0.952","0.563394","1.36824296","0.281697","0.68412148","1","1","0"
"16936","10","Remote Control Center Communication Interface","T0857","Persistence","","","InC","","0","0","0.416","0.416","1","0","1","0","1","1.416","0.597888","2.03511768","0.149472","0.50877942","1","1","0"
"16940","7","Satellite Communication System","T0857","Persistence","","","InC","","0","0","0.392","0.392","1","0","0.56","0","0.56","0.952","0.563394","1.36824296","0.140849","0.34206074","1","1","0"
"16943","8","RF / VHF / UHF Communication Module","T0857","Persistence","","","InC","","0","0","0.328","0.328","1","0","0.56","0","0.56","0.888","0.471411","1.27626024","0.235706","0.63813012","1","1","0"
"16949","15","Steering Gear System","T0857","Persistence","","","InC","","0","0","0.528","0.528","1","0","1","0","1","1.528","0.758857","2.19608744","0.189714","0.54902186","1","1","0"
"16953","26","Vessel Traffic Services Decision Integration","T0857","Persistence","","","InC","","0","0","0.288","0.288","1","0","0.56","0","0.56","0.848","0.413922","1.21877104","0.103481","0.30469276","1","1","0"
"16955","16","Engine Control Mechanism","T0857","Persistence","","","InC","","0","0","0.576","0.576","1","0","1","0","1","1.576","0.827845","2.26507448","0.206961","0.56626862","1","1","0"
"16957","28","Human Override Control Interface","T0857","Persistence","","","InC","","0","0","0.416","0.416","1","0","0.56","0","0.56","0.976","0.597888","1.40273648","0.298944","0.70136824","1","1","0"
"16960","29","Internal Data Pipeline / Integration Module","T0857","Persistence","","","InC","","0","0","0.424","0.424","1","0","1","0","1","1.424","0.609385","2.04661552","0.304693","1.02330776","1","1","0"
"16962","34","Collision Avoidance System","T0857","Persistence","","","InC","","0","0","0.712","0.712","1","0","1","0","1","1.712","1.02331","2.46053776","1.02331","2.46053776","1","1","0"
"16964","35","Navigation Support and Situational Awareness Module","T0857","Persistence","","","InC","","0","0","0.536","0.536","1","0","1","0","1","1.536","0.770355","2.20758528","0.770355","2.20758528","1","1","0"
"16967","34","Collision Avoidance System","T0843","Lateral Movement","","","InC","","0","0","0.0484849","0.04848488","1","0","1","0","1","1.04848488","0.107693","2.3288631609","0.107693","2.3288631609","1","1","0"
"16970","12","Controllable Pitch Propeller","T0843","Lateral Movement","","","InC","","0","0","0","0","1","0","1","0","1","1","0","2.22117","0","0.5552925","1","1","0"
"16971","2","GNSS / GPS Receiver","T0847","Initial Access","","","InC","","0","0","0.0242424","0.0242424","1","0","1","0","1","1.0242424","0.0221721","0.9367700506","0.0221721","0.9367700506","1","1","0"
"16972","16","Engine Control Mechanism","T0843","Lateral Movement","","","InC","","0","0","0.0484849","0.04848488","1","0","1","0","1","1.04848488","0.107693","2.3288631609","0.0269233","0.5822157902","1","1","0"
"16973","3","AIS Interface","T0847","Initial Access","","","InC","","0","0","0.0484849","0.04848488","1","0","1","0","1","1.04848488","0.0443442","0.9589421743","0.0443442","0.9589421743","1","1","0"
"16974","4","ENC Data Service","T0847","Initial Access","","","InC","","0","0","0.0242424","0.0242424","1","0","1","0","1","1.0242424","0.0221721","0.9367700506","0.0221721","0.9367700506","1","1","0"
"16975","7","Satellite Communication System","T0847","Initial Access","","","InC","","0","0","0.0242424","0.0242424","1","0","0.56","0","0.56","0.5842424","0.0221721","0.5343469306","0.0221721","0.5343469306","1","1","0"
"16976","8","RF / VHF / UHF Communication Module","T0847","Initial Access","","","InC","","0","0","0.0242424","0.0242424","1","0","0.56","0","0.56","0.5842424","0.0221721","0.5343469306","0.0221721","0.5343469306","1","1","0"
"16977","13","Rudder Angle Indicator","T0847","Initial Access","","","InC","","0","0","0.0242424","0.0242424","1","0","0.56","0","0.56","0.5842424","0.0221721","0.5343469306","0.0221721","0.5343469306","1","1","0"
"16978","6","Navigation Data Integration Tool","T0847","Initial Access","","","InC","","0","0","0.0242424","0.0242424","1","0","1","0","1","1.0242424","0.0221721","0.9367700506","0.0221721","0.9367700506","1","1","0"
"16979","11","GMDSS","T0847","Initial Access","","","InC","","0","0","0.0242424","0.0242424","1","0","0.56","0","0.56","0.5842424","0.0221721","0.5343469306","0.0221721","0.5343469306","1","1","0"
"16980","10","Remote Control Center Communication Interface","T0847","Initial Access","","","InC","","0","0","0.0242424","0.0242424","1","0","1","0","1","1.0242424","0.0221721","0.9367700506","0.0221721","0.9367700506","1","1","0"
"16981","14","Electric / Hybrid Propulsion System","T0847","Initial Access","","","InC","","0","0","0","0","1","0","1","0","1","1","0","0.914598","0","0.914598","1","1","0"
"16982","15","Steering Gear System","T0843","Lateral Movement","","","InC","","0","0","0","0","1","0","1","0","1","1","0","2.22117","0","0.5552925","1","1","0"
"16983","9","Vessel Traffic Services Interface","T0847","Initial Access","","","InC","","0","0","0.024","0.024","1","0","0.56","0","0.56","0.584","0.0219504","0.534125232","0.0219504","0.534125232","1","1","0"
"16984","12","Controllable Pitch Propeller","T0847","Initial Access","","","InC","","0","0","0","0","1","0","1","0","1","1","0","0.914598","0","0.914598","1","1","0"
"16985","15","Steering Gear System","T0847","Initial Access","","","InC","","0","0","0","0","1","0","1","0","1","1","0","0.914598","0","0.914598","1","1","0"
"16986","5","RADAR / ARPA System","T0847","Initial Access","","","InC","","0","0","0.0484849","0.04848488","1","0","1","0","1","1.04848488","0.0443442","0.9589421743","0.0443442","0.9589421743","1","1","0"
"16987","16","Engine Control Mechanism","T0847","Initial Access","","","InC","","0","0","0.0484849","0.04848488","1","0","1","0","1","1.04848488","0.0443442","0.9589421743","0.0443442","0.9589421743","1","1","0"
"16988","17","LiDAR","T0847","Initial Access","","","InC","","0","0","0.0242424","0.0242424","1","0","0.56","0","0.56","0.5842424","0.0221721","0.5343469306","0.0221721","0.5343469306","1","1","0"
"16989","18","Sonar","T0847","Initial Access","","","InC","","0","0","0.0242424","0.0242424","1","0","0.56","0","0.56","0.5842424","0.0221721","0.5343469306","0.0221721","0.5343469306","1","1","0"
"16990","21","Echo Sounder","T0847","Initial Access","","","InC","","0","0","0.024","0.024","1","0","0.56","0","0.56","0.584","0.0219504","0.534125232","0.0219504","0.534125232","1","1","0"
"16991","19","Infrared Camera System","T0847","Initial Access","","","InC","","0","0","0.0242424","0.0242424","1","0","0.56","0","0.56","0.5842424","0.0221721","0.5343469306","0.0221721","0.5343469306","1","1","0"
"16992","25","Feedback Control Module","T0847","Initial Access","","","InC","","0","0","0.0242424","0.0242424","1","0","0.56","0","0.56","0.5842424","0.0221721","0.5343469306","0.0221721","0.5343469306","1","1","0"
"16993","23","Heading and Speed Sensor","T0847","Initial Access","","","InC","","0","0","0.0242424","0.0242424","1","0","0.56","0","0.56","0.5842424","0.0221721","0.5343469306","0.0221721","0.5343469306","1","1","0"
"16994","20","Weather Transmission System","T0847","Initial Access","","","InC","","0","0","0.0242424","0.0242424","1","0","0.56","0","0.56","0.5842424","0.0221721","0.5343469306","0.0221721","0.5343469306","1","1","0"
"16995","22","Gyroscope Compass","T0847","Initial Access","","","InC","","0","0","0.0484849","0.04848488","1","0","0.56","0","0.56","0.60848488","0.0443442","0.5565190543","0.0443442","0.5565190543","1","1","0"
"16996","28","Human Override Control Interface","T0852","Collection","","CoC","","","0","0","0.200242","0.2002424","1","0.154","0","0","0.154","0.3542424","0.50364","0.8909727724","0.50364","0.8909727724","1","1","0"
"16997","29","Internal Data Pipeline / Integration Module","T0847","Initial Access","","","InC","","0","0","0.0484849","0.04848488","1","0","1","0","1","1.04848488","0.0443442","0.9589421743","0.0443442","0.9589421743","1","1","0"
"16998","26","Vessel Traffic Services Decision Integration","T0847","Initial Access","","","InC","","0","0","0.0242424","0.0242424","1","0","0.56","0","0.56","0.5842424","0.0221721","0.5343469306","0.0221721","0.5343469306","1","1","0"
"16999","28","Human Override Control Interface","T0847","Initial Access","","","InC","","0","0","0.0242424","0.0242424","1","0","0.56","0","0.56","0.5842424","0.0221721","0.5343469306","0.0221721","0.5343469306","1","1","0"
"17000","34","Collision Avoidance System","T0847","Initial Access","","","InC","","0","0","0.0484849","0.04848488","1","0","1","0","1","1.04848488","0.0443442","0.9589421743","0.0443442","0.9589421743","1","1","0"
"17001","35","Navigation Support and Situational Awareness Module","T0847","Initial Access","","","InC","","0","0","0.0242424","0.0242424","1","0","1","0","1","1.0242424","0.0221721","0.9367700506","0.0221721","0.9367700506","1","1","0"
"17002","2","GNSS / GPS Receiver","T0891","Lateral Movement","","","InC","","0","0","0.0242424","0.0242424","1","0","1","0","1","1.0242424","0.0942312","3.9812711785","0.0942312","3.9812711785","1","1","0"
"17003","2","GNSS / GPS Receiver","T0891","Persistence","","","InC","","0","0","0.408","0.408","1","0","1","0","1","1.408","1.58591","5.47295232","1.58591","5.47295232","1","1","0"
"17004","13","Rudder Angle Indicator","T0891","Lateral Movement","","","InC","","0","0","0.0242424","0.0242424","1","0","0.56","0","0.56","0.5842424","0.0942312","2.2709735785","0.0942312","2.2709735785","1","1","0"
"17005","13","Rudder Angle Indicator","T0891","Persistence","","","InC","","0","0","0.152","0.152","1","0","0.56","0","0.56","0.712","0.59083","2.76757248","0.59083","2.76757248","1","1","0"
"17006","17","LiDAR","T0891","Lateral Movement","","","InC","","0","0","0.0242424","0.0242424","1","0","0.56","0","0.56","0.5842424","0.0942312","2.2709735785","0.0942312","2.2709735785","1","1","0"
"17007","17","LiDAR","T0891","Persistence","","","InC","","0","0","0.16","0.16","1","0","0.56","0","0.56","0.72","0.621926","2.7986688","0.621926","2.7986688","1","1","0"
"17008","5","RADAR / ARPA System","T0891","Lateral Movement","","","InC","","0","0","0.0484849","0.04848488","1","0","1","0","1","1.04848488","0.188463","4.075502668","0.188463","4.075502668","1","1","0"
"17009","5","RADAR / ARPA System","T0891","Persistence","","","InC","","0","0","0.44","0.44","1","0","1","0","1","1.44","1.7103","5.5973376","1.7103","5.5973376","1","1","0"
"17010","3","AIS Interface","T0891","Lateral Movement","","","InC","","0","0","0.0484849","0.04848488","1","0","1","0","1","1.04848488","0.188463","4.075502668","0.188463","4.075502668","1","1","0"
"17011","3","AIS Interface","T0891","Persistence","","","InC","","0","0","0.424","0.424","1","0","1","0","1","1.424","1.6481","5.53514496","1.6481","5.53514496","1","1","0"
"17012","20","Weather Transmission System","T0891","Lateral Movement","","","InC","","0","0","0.0242424","0.0242424","1","0","0.56","0","0.56","0.5842424","0.0942312","2.2709735785","0.0942312","2.2709735785","1","1","0"
"17013","20","Weather Transmission System","T0891","Persistence","","","InC","","0","0","0.112","0.112","1","0","0.56","0","0.56","0.672","0.435348","2.61209088","0.435348","2.61209088","1","1","0"
"17014","22","Gyroscope Compass","T0891","Lateral Movement","","","InC","","0","0","0.0484849","0.04848488","1","0","0.56","0","0.56","0.60848488","0.188463","2.365205068","0.188463","2.365205068","1","1","0"
"17015","22","Gyroscope Compass","T0891","Persistence","","","InC","","0","0","0.168","0.168","1","0","0.56","0","0.56","0.728","0.653023","2.82976512","0.653023","2.82976512","1","1","0"
"17016","19","Infrared Camera System","T0891","Lateral Movement","","","InC","","0","0","0.0242424","0.0242424","1","0","0.56","0","0.56","0.5842424","0.0942312","2.2709735785","0.0942312","2.2709735785","1","1","0"
"17017","19","Infrared Camera System","T0891","Persistence","","","InC","","0","0","0.208","0.208","1","0","0.56","0","0.56","0.768","0.808504","2.98524672","0.808504","2.98524672","1","1","0"
"17018","18","Sonar","T0891","Lateral Movement","","","InC","","0","0","0.0242424","0.0242424","1","0","0.56","0","0.56","0.5842424","0.0942312","2.2709735785","0.0942312","2.2709735785","1","1","0"
"17019","18","Sonar","T0891","Persistence","","","InC","","0","0","0.208","0.208","1","0","0.56","0","0.56","0.768","0.808504","2.98524672","0.808504","2.98524672","1","1","0"
"17020","21","Echo Sounder","T0891","Lateral Movement","","","InC","","0","0","0.024","0.024","1","0","0.56","0","0.56","0.584","0.093289","2.27003136","0.093289","2.27003136","1","1","0"
"17021","21","Echo Sounder","T0891","Persistence","","","InC","","0","0","0.2","0.2","1","0","0.56","0","0.56","0.76","0.777408","2.9541504","0.777408","2.9541504","1","1","0"
"17022","23","Heading and Speed Sensor","T0891","Lateral Movement","","","InC","","0","0","0.0242424","0.0242424","1","0","0.56","0","0.56","0.5842424","0.0942312","2.2709735785","0.0942312","2.2709735785","1","1","0"
"17023","23","Heading and Speed Sensor","T0891","Persistence","","","InC","","0","0","0.16","0.16","1","0","0.56","0","0.56","0.72","0.621926","2.7986688","0.621926","2.7986688","1","1","0"
"17024","2","GNSS / GPS Receiver","T0859","Lateral Movement","","","InC","","0","0","0.0242424","0.0242424","1","0","1","0","1","1.0242424","0.0609733","2.5761232724","0.0609733","2.5761232724","1","1","0"
"17025","2","GNSS / GPS Receiver","T0859","Persistence","","","InC","","0","0","0.408","0.408","1","0","1","0","1","1.408","1.02618","3.5413312","1.02618","3.5413312","1","1","0"
"17026","6","Navigation Data Integration Tool","T0859","Lateral Movement","","","InC","","0","0","0.0242424","0.0242424","1","0","1","0","1","1.0242424","0.0609733","2.5761232724","0.0609733","2.5761232724","1","1","0"
"17027","6","Navigation Data Integration Tool","T0859","Persistence","","","InC","","0","0","0.512","0.512","1","0","1","0","1","1.512","1.28776","3.8029068","1.28776","3.8029068","1","1","0"
"17028","3","AIS Interface","T0859","Lateral Movement","","","InC","","0","0","0.0484849","0.04848488","1","0","1","0","1","1.04848488","0.121947","2.6370967459","0.121947","2.6370967459","1","1","0"
"17029","3","AIS Interface","T0859","Persistence","","","InC","","0","0","0.424","0.424","1","0","1","0","1","1.424","1.06642","3.5815736","1.06642","3.5815736","1","1","0"
"17030","5","RADAR / ARPA System","T0859","Lateral Movement","","","InC","","0","0","0.0484849","0.04848488","1","0","1","0","1","1.04848488","0.121947","2.6370967459","0.121947","2.6370967459","1","1","0"
"17031","5","RADAR / ARPA System","T0859","Persistence","","","InC","","0","0","0.44","0.44","1","0","1","0","1","1.44","1.10667","3.621816","1.10667","3.621816","1","1","0"
"17032","8","RF / VHF / UHF Communication Module","T0859","Lateral Movement","","","InC","","0","0","0.0242424","0.0242424","1","0","0.56","0","0.56","0.5842424","0.0609733","1.4694572724","0.0304866","0.7347286362","1","1","0"
"17033","8","RF / VHF / UHF Communication Module","T0859","Persistence","","","InC","","0","0","0.328","0.328","1","0","0.56","0","0.56","0.888","0.824969","2.2334532","0.412485","1.1167266","1","1","0"
"17034","4","ENC Data Service","T0859","Lateral Movement","","","InC","","0","0","0.0242424","0.0242424","1","0","1","0","1","1.0242424","0.0609733","2.5761232724","0.0609733","2.5761232724","1","1","0"
"17035","4","ENC Data Service","T0859","Persistence","","","InC","","0","0","0.336","0.336","1","0","1","0","1","1.336","0.84509","3.3602404","0.84509","3.3602404","1","1","0"
"17036","9","Vessel Traffic Services Interface","T0859","Lateral Movement","","","InC","","0","0","0.024","0.024","1","0","0.56","0","0.56","0.584","0.0603636","1.4688476","0.0301818","0.7344238","1","1","0"
"17037","9","Vessel Traffic Services Interface","T0859","Persistence","","","InC","","0","0","0.232","0.232","1","0","0.56","0","0.56","0.792","0.583515","1.9919988","0.291757","0.9959994","1","1","0"
"17038","13","Rudder Angle Indicator","T0859","Lateral Movement","","","InC","","0","0","0.0242424","0.0242424","1","0","0.56","0","0.56","0.5842424","0.0609733","1.4694572724","0.0609733","1.4694572724","1","1","0"
"17039","13","Rudder Angle Indicator","T0859","Persistence","","","InC","","0","0","0.152","0.152","1","0","0.56","0","0.56","0.712","0.382303","1.7907868","0.382303","1.7907868","1","1","0"
"17040","7","Satellite Communication System","T0859","Lateral Movement","","","InC","","0","0","0.0242424","0.0242424","1","0","0.56","0","0.56","0.5842424","0.0609733","1.4694572724","0.0304866","0.7347286362","1","1","0"
"17041","7","Satellite Communication System","T0859","Persistence","","","InC","","0","0","0.392","0.392","1","0","0.56","0","0.56","0.952","0.985939","2.3944228","0.492969","1.1972114","1","1","0"
"17042","10","Remote Control Center Communication Interface","T0859","Lateral Movement","","","InC","","0","0","0.0242424","0.0242424","1","0","1","0","1","1.0242424","0.0609733","2.5761232724","0.0152433","0.6440308181","1","1","0"
"17043","10","Remote Control Center Communication Interface","T0859","Persistence","","","InC","","0","0","0.416","0.416","1","0","1","0","1","1.416","1.0463","3.5614524","0.261576","0.8903631","1","1","0"
"17044","11","GMDSS","T0859","Lateral Movement","","","InC","","0","0","0.0242424","0.0242424","1","0","0.56","0","0.56","0.5842424","0.0609733","1.4694572724","0.0609733","1.4694572724","1","1","0"
"17045","11","GMDSS","T0859","Persistence","","","InC","","0","0","0.392","0.392","1","0","0.56","0","0.56","0.952","0.985939","2.3944228","0.985939","2.3944228","1","1","0"
"17046","12","Controllable Pitch Propeller","T0859","Lateral Movement","","","InC","","0","0","0","0","1","0","1","0","1","1","0","2.51515","0","2.51515","1","1","0"
"17047","12","Controllable Pitch Propeller","T0859","Persistence","","","InC","","0","0","0.44","0.44","1","0","1","0","1","1.44","1.10667","3.621816","1.10667","3.621816","1","1","0"
"17048","14","Electric / Hybrid Propulsion System","T0859","Lateral Movement","","","InC","","0","0","0","0","1","0","1","0","1","1","0","2.51515","0","2.51515","1","1","0"
"17049","14","Electric / Hybrid Propulsion System","T0859","Persistence","","","InC","","0","0","0.536","0.536","1","0","1","0","1","1.536","1.34812","3.8632704","1.34812","3.8632704","1","1","0"
"17050","15","Steering Gear System","T0859","Lateral Movement","","","InC","","0","0","0","0","1","0","1","0","1","1","0","2.51515","0","2.51515","1","1","0"
"17051","15","Steering Gear System","T0859","Persistence","","","InC","","0","0","0.528","0.528","1","0","1","0","1","1.528","1.328","3.8431492","1.328","3.8431492","1","1","0"
"17052","16","Engine Control Mechanism","T0859","Lateral Movement","","","InC","","0","0","0.0484849","0.04848488","1","0","1","0","1","1.04848488","0.121947","2.6370967459","0.0609734","1.318548373","1","1","0"
"17053","16","Engine Control Mechanism","T0859","Persistence","","","InC","","0","0","0.576","0.576","1","0","1","0","1","1.576","1.44873","3.9638764","0.724363","1.9819382","1","1","0"
"17054","17","LiDAR","T0859","Lateral Movement","","","InC","","0","0","0.0242424","0.0242424","1","0","0.56","0","0.56","0.5842424","0.0609733","1.4694572724","0.0609733","1.4694572724","1","1","0"
"17055","17","LiDAR","T0859","Persistence","","","InC","","0","0","0.16","0.16","1","0","0.56","0","0.56","0.72","0.402424","1.810908","0.402424","1.810908","1","1","0"
"17056","21","Echo Sounder","T0859","Lateral Movement","","","InC","","0","0","0.024","0.024","1","0","0.56","0","0.56","0.584","0.0603636","1.4688476","0.0603636","1.4688476","1","1","0"
"17057","21","Echo Sounder","T0859","Persistence","","","InC","","0","0","0.2","0.2","1","0","0.56","0","0.56","0.76","0.50303","1.911514","0.50303","1.911514","1","1","0"
"17058","18","Sonar","T0859","Lateral Movement","","","InC","","0","0","0.0242424","0.0242424","1","0","0.56","0","0.56","0.5842424","0.0609733","1.4694572724","0.0609733","1.4694572724","1","1","0"
"17059","18","Sonar","T0859","Persistence","","","InC","","0","0","0.208","0.208","1","0","0.56","0","0.56","0.768","0.523151","1.9316352","0.523151","1.9316352","1","1","0"
"17060","20","Weather Transmission System","T0859","Lateral Movement","","","InC","","0","0","0.0242424","0.0242424","1","0","0.56","0","0.56","0.5842424","0.0609733","1.4694572724","0.0609733","1.4694572724","1","1","0"
"17061","20","Weather Transmission System","T0859","Persistence","","","InC","","0","0","0.112","0.112","1","0","0.56","0","0.56","0.672","0.281697","1.6901808","0.281697","1.6901808","1","1","0"
"17062","26","Vessel Traffic Services Decision Integration","T0859","Lateral Movement","","","InC","","0","0","0.0242424","0.0242424","1","0","0.56","0","0.56","0.5842424","0.0609733","1.4694572724","0.0609733","1.4694572724","1","1","0"
"17063","26","Vessel Traffic Services Decision Integration","T0859","Persistence","","","InC","","0","0","0.288","0.288","1","0","0.56","0","0.56","0.848","0.724363","2.1328472","0.724363","2.1328472","1","1","0"
"17064","25","Feedback Control Module","T0859","Lateral Movement","","","InC","","0","0","0.0242424","0.0242424","1","0","0.56","0","0.56","0.5842424","0.0609733","1.4694572724","0.0609733","1.4694572724","1","1","0"
"17065","25","Feedback Control Module","T0859","Persistence","","","InC","","0","0","0.36","0.36","1","0","0.56","0","0.56","0.92","0.905454","2.313938","0.905454","2.313938","1","1","0"
"17066","19","Infrared Camera System","T0859","Lateral Movement","","","InC","","0","0","0.0242424","0.0242424","1","0","0.56","0","0.56","0.5842424","0.0609733","1.4694572724","0.0609733","1.4694572724","1","1","0"
"17067","19","Infrared Camera System","T0859","Persistence","","","InC","","0","0","0.208","0.208","1","0","0.56","0","0.56","0.768","0.523151","1.9316352","0.523151","1.9316352","1","1","0"
"17068","22","Gyroscope Compass","T0859","Lateral Movement","","","InC","","0","0","0.0484849","0.04848488","1","0","0.56","0","0.56","0.60848488","0.121947","1.5304307459","0.121947","1.5304307459","1","1","0"
"17069","22","Gyroscope Compass","T0859","Persistence","","","InC","","0","0","0.168","0.168","1","0","0.56","0","0.56","0.728","0.422545","1.8310292","0.422545","1.8310292","1","1","0"
"17070","23","Heading and Speed Sensor","T0859","Lateral Movement","","","InC","","0","0","0.0242424","0.0242424","1","0","0.56","0","0.56","0.5842424","0.0609733","1.4694572724","0.0609733","1.4694572724","1","1","0"
"17071","23","Heading and Speed Sensor","T0859","Persistence","","","InC","","0","0","0.16","0.16","1","0","0.56","0","0.56","0.72","0.402424","1.810908","0.402424","1.810908","1","1","0"
"17072","4","ENC Data Service","T0890","Privilege Escalation","","","InC","","0","0","0.336","0.336","1","0","1","0","1","1.336","0.482909","1.92013928","0.482909","1.92013928","1","1","0"
"17073","6","Navigation Data Integration Tool","T0890","Privilege Escalation","","","InC","","0","0","0.512","0.512","1","0","1","0","1","1.512","0.735862","2.17309176","0.735862","2.17309176","1","1","0"
"17074","28","Human Override Control Interface","T0859","Lateral Movement","","","InC","","0","0","0.0242424","0.0242424","1","0","0.56","0","0.56","0.5842424","0.0609733","1.4694572724","0.0152433","0.3673643181","1","1","0"
"17075","28","Human Override Control Interface","T0859","Persistence","","","InC","","0","0","0.416","0.416","1","0","0.56","0","0.56","0.976","1.0463","2.4547864","0.261576","0.6136966","1","1","0"
"17076","8","RF / VHF / UHF Communication Module","T0890","Privilege Escalation","","","InC","","0","0","0.328","0.328","1","0","0.56","0","0.56","0.888","0.471411","1.27626024","0.471411","1.27626024","1","1","0"
"17077","7","Satellite Communication System","T0890","Privilege Escalation","","","InC","","0","0","0.392","0.392","1","0","0.56","0","0.56","0.952","0.563394","1.36824296","0.563394","1.36824296","1","1","0"
"17078","11","GMDSS","T0890","Privilege Escalation","","","InC","","0","0","0.392","0.392","1","0","0.56","0","0.56","0.952","0.563394","1.36824296","0.563394","1.36824296","1","1","0"
"17079","9","Vessel Traffic Services Interface","T0890","Privilege Escalation","","","InC","","0","0","0.232","0.232","1","0","0.56","0","0.56","0.792","0.333437","1.13828616","0.333437","1.13828616","1","1","0"
"17080","10","Remote Control Center Communication Interface","T0890","Privilege Escalation","","","InC","","0","0","0.416","0.416","1","0","1","0","1","1.416","0.597888","2.03511768","0.597888","2.03511768","1","1","0"
"17081","12","Controllable Pitch Propeller","T0890","Privilege Escalation","","","InC","","0","0","0.44","0.44","1","0","1","0","1","1.44","0.632381","2.0696112","0.632381","2.0696112","1","1","0"
"17082","14","Electric / Hybrid Propulsion System","T0890","Privilege Escalation","","","InC","","0","0","0.536","0.536","1","0","1","0","1","1.536","0.770355","2.20758528","0.770355","2.20758528","1","1","0"
"17083","29","Internal Data Pipeline / Integration Module","T0859","Lateral Movement","","","InC","","0","0","0.0484849","0.04848488","1","0","1","0","1","1.04848488","0.121947","2.6370967459","0.121947","2.6370967459","1","1","0"
"17084","29","Internal Data Pipeline / Integration Module","T0859","Persistence","","","InC","","0","0","0.424","0.424","1","0","1","0","1","1.424","1.06642","3.5815736","1.06642","3.5815736","1","1","0"
"17085","26","Vessel Traffic Services Decision Integration","T0890","Privilege Escalation","","","InC","","0","0","0.288","0.288","1","0","0.56","0","0.56","0.848","0.413922","1.21877104","0.413922","1.21877104","1","1","0"
"17086","34","Collision Avoidance System","T0859","Lateral Movement","","","InC","","0","0","0.0484849","0.04848488","1","0","1","0","1","1.04848488","0.121947","2.6370967459","0.121947","2.6370967459","1","1","0"
"17087","34","Collision Avoidance System","T0859","Persistence","","","InC","","0","0","0.712","0.712","1","0","1","0","1","1.712","1.79079","4.3059368","1.79079","4.3059368","1","1","0"
"17088","35","Navigation Support and Situational Awareness Module","T0859","Lateral Movement","","","InC","","0","0","0.0242424","0.0242424","1","0","1","0","1","1.0242424","0.0609733","2.5761232724","0.0609733","2.5761232724","1","1","0"
"17089","35","Navigation Support and Situational Awareness Module","T0859","Persistence","","","InC","","0","0","0.536","0.536","1","0","1","0","1","1.536","1.34812","3.8632704","1.34812","3.8632704","1","1","0"
"17090","15","Steering Gear System","T0890","Privilege Escalation","","","InC","","0","0","0.528","0.528","1","0","1","0","1","1.528","0.758857","2.19608744","0.758857","2.19608744","1","1","0"
"17091","16","Engine Control Mechanism","T0890","Privilege Escalation","","","InC","","0","0","0.576","0.576","1","0","1","0","1","1.576","0.827845","2.26507448","0.827845","2.26507448","1","1","0"
"17092","25","Feedback Control Module","T0890","Privilege Escalation","","","InC","","0","0","0.36","0.36","1","0","0.56","0","0.56","0.92","0.517403","1.3222516","0.517403","1.3222516","1","1","0"
"17093","28","Human Override Control Interface","T0890","Privilege Escalation","","","InC","","0","0","0.416","0.416","1","0","0.56","0","0.56","0.976","0.597888","1.40273648","0.597888","1.40273648","1","1","0"
"17094","4","ENC Data Service","T0846","Discovery","","CoC","","","0","0","0.0242424","0.0242424","1","0.154","0","0","0.154","0.1782424","0.0609733","0.4483063724","0.0609733","0.4483063724","1","1","0"
"17095","29","Internal Data Pipeline / Integration Module","T0890","Privilege Escalation","","","InC","","0","0","0.424","0.424","1","0","1","0","1","1.424","0.609385","2.04661552","0.609385","2.04661552","1","1","0"
"17096","7","Satellite Communication System","T0846","Discovery","","CoC","","","0","0","0.0242424","0.0242424","1","0.392","0","0","0.392","0.4162424","0.0609733","1.0469120724","0.0609733","1.0469120724","1","1","0"
"17097","34","Collision Avoidance System","T0890","Privilege Escalation","","","InC","","0","0","0.712","0.712","1","0","1","0","1","1.712","1.02331","2.46053776","1.02331","2.46053776","1","1","0"
"17098","6","Navigation Data Integration Tool","T0846","Discovery","","CoC","","","0","0","0.0242424","0.0242424","1","0.392","0","0","0.392","0.4162424","0.0609733","1.0469120724","0.0609733","1.0469120724","1","1","0"
"17099","35","Navigation Support and Situational Awareness Module","T0890","Privilege Escalation","","","InC","","0","0","0.536","0.536","1","0","1","0","1","1.536","0.770355","2.20758528","0.770355","2.20758528","1","1","0"
"17100","8","RF / VHF / UHF Communication Module","T0846","Discovery","","CoC","","","0","0","0.0242424","0.0242424","1","0.154","0","0","0.154","0.1782424","0.0609733","0.4483063724","0.0609733","0.4483063724","1","1","0"
"17101","9","Vessel Traffic Services Interface","T0846","Discovery","","CoC","","","0","0","0.024","0.024","1","0.154","0","0","0.154","0.178","0.0603636","0.4476967","0.0603636","0.4476967","1","1","0"
"17102","12","Controllable Pitch Propeller","T0846","Discovery","","CoC","","","0","0","0","0","1","0.007","0","0","0.007","0.007","0","0.01760605","0","0.01760605","1","1","0"
"17103","11","GMDSS","T0846","Discovery","","CoC","","","0","0","0.0242424","0.0242424","1","0.154","0","0","0.154","0.1782424","0.0609733","0.4483063724","0.0609733","0.4483063724","1","1","0"
"17104","15","Steering Gear System","T0846","Discovery","","CoC","","","0","0","0","0","1","0.154","0","0","0.154","0.154","0","0.3873331","0","0.3873331","1","1","0"
"17105","14","Electric / Hybrid Propulsion System","T0846","Discovery","","CoC","","","0","0","0","0","1","0.154","0","0","0.154","0.154","0","0.3873331","0","0.3873331","1","1","0"
"17106","10","Remote Control Center Communication Interface","T0846","Discovery","","CoC","","","0","0","0.0242424","0.0242424","1","0.392","0","0","0.392","0.4162424","0.0609733","1.0469120724","0.0609733","1.0469120724","1","1","0"
"17107","25","Feedback Control Module","T0846","Discovery","","CoC","","","0","0","0.0242424","0.0242424","1","0.154","0","0","0.154","0.1782424","0.0609733","0.4483063724","0.0609733","0.4483063724","1","1","0"
"17108","26","Vessel Traffic Services Decision Integration","T0846","Discovery","","CoC","","","0","0","0.0242424","0.0242424","1","0.154","0","0","0.154","0.1782424","0.0609733","0.4483063724","0.0609733","0.4483063724","1","1","0"
"17109","16","Engine Control Mechanism","T0846","Discovery","","CoC","","","0","0","0.0484849","0.04848488","1","0.154","0","0","0.154","0.20248488","0.121947","0.5092798459","0.121947","0.5092798459","1","1","0"
"17110","28","Human Override Control Interface","T0846","Discovery","","CoC","","","0","0","0.0242424","0.0242424","1","0.154","0","0","0.154","0.1782424","0.0609733","0.4483063724","0.0609733","0.4483063724","1","1","0"
"17111","29","Internal Data Pipeline / Integration Module","T0846","Discovery","","CoC","","","0","0","0.0484849","0.04848488","1","0.392","0","0","0.392","0.44048488","0.121947","1.1078855459","0.121947","1.1078855459","1","1","0"
"17112","34","Collision Avoidance System","T0846","Discovery","","CoC","","","0","0","0.0484849","0.04848488","1","0.154","0","0","0.154","0.20248488","0.121947","0.5092798459","0.121947","0.5092798459","1","1","0"
"17116","35","Navigation Support and Situational Awareness Module","T0846","Discovery","","CoC","","","0","0","0.0242424","0.0242424","1","0.392","0","0","0.392","0.4162424","0.0609733","1.0469120724","0.0609733","1.0469120724","1","1","0"
"17145","4","ENC Data Service","T0886","Lateral Movement","","","InC","","0","0","0.0242424","0.0242424","1","0","1","0","1","1.0242424","0.0348419","1.4720719046","0.0348419","1.4720719046","1","1","0"
"17146","4","ENC Data Service","T0886","Initial Access","","","InC","","0","0","0.0242424","0.0242424","1","0","1","0","1","1.0242424","0.0348419","1.4720719046","0.0348419","1.4720719046","1","1","0"
"17147","6","Navigation Data Integration Tool","T0886","Lateral Movement","","","InC","","0","0","0.0242424","0.0242424","1","0","1","0","1","1.0242424","0.0348419","1.4720719046","0.017421","0.7360359523","1","1","0"
"17148","6","Navigation Data Integration Tool","T0886","Initial Access","","","InC","","0","0","0.0242424","0.0242424","1","0","1","0","1","1.0242424","0.0348419","1.4720719046","0.017421","0.7360359523","1","1","0"
"17149","7","Satellite Communication System","T0886","Lateral Movement","","","InC","","0","0","0.0242424","0.0242424","1","0","0.56","0","0.56","0.5842424","0.0348419","0.8396907046","0.017421","0.4198453523","1","1","0"
"17150","7","Satellite Communication System","T0886","Initial Access","","","InC","","0","0","0.0242424","0.0242424","1","0","0.56","0","0.56","0.5842424","0.0348419","0.8396907046","0.017421","0.4198453523","1","1","0"
"17151","8","RF / VHF / UHF Communication Module","T0886","Lateral Movement","","","InC","","0","0","0.0242424","0.0242424","1","0","0.56","0","0.56","0.5842424","0.0348419","0.8396907046","0.017421","0.4198453523","1","1","0"
"17152","8","RF / VHF / UHF Communication Module","T0886","Initial Access","","","InC","","0","0","0.0242424","0.0242424","1","0","0.56","0","0.56","0.5842424","0.0348419","0.8396907046","0.017421","0.4198453523","1","1","0"
"17153","11","GMDSS","T0886","Lateral Movement","","","InC","","0","0","0.0242424","0.0242424","1","0","0.56","0","0.56","0.5842424","0.0348419","0.8396907046","0.017421","0.4198453523","1","1","0"
"17154","11","GMDSS","T0886","Initial Access","","","InC","","0","0","0.0242424","0.0242424","1","0","0.56","0","0.56","0.5842424","0.0348419","0.8396907046","0.017421","0.4198453523","1","1","0"
"17155","9","Vessel Traffic Services Interface","T0886","Lateral Movement","","","InC","","0","0","0.024","0.024","1","0","0.56","0","0.56","0.584","0.0344935","0.83934232","0.0172468","0.41967116","1","1","0"
"17156","9","Vessel Traffic Services Interface","T0886","Initial Access","","","InC","","0","0","0.024","0.024","1","0","0.56","0","0.56","0.584","0.0344935","0.83934232","0.0172468","0.41967116","1","1","0"
"17158","10","Remote Control Center Communication Interface","T0886","Lateral Movement","","","InC","","0","0","0.0242424","0.0242424","1","0","1","0","1","1.0242424","0.0348419","1.4720719046","0.017421","0.7360359523","1","1","0"
"17159","10","Remote Control Center Communication Interface","T0886","Initial Access","","","InC","","0","0","0.0242424","0.0242424","1","0","1","0","1","1.0242424","0.0348419","1.4720719046","0.017421","0.7360359523","1","1","0"
"17162","14","Electric / Hybrid Propulsion System","T0886","Lateral Movement","","","InC","","0","0","0","0","1","0","1","0","1","1","0","1.43723","0","0.3593075","1","1","0"
"17163","14","Electric / Hybrid Propulsion System","T0886","Initial Access","","","InC","","0","0","0","0","1","0","1","0","1","1","0","1.43723","0","0.3593075","1","1","0"
"17164","16","Engine Control Mechanism","T0886","Lateral Movement","","","InC","","0","0","0.0484849","0.04848488","1","0","1","0","1","1.04848488","0.0696839","1.5069139241","0.017421","0.376728481","1","1","0"
"17165","16","Engine Control Mechanism","T0886","Initial Access","","","InC","","0","0","0.0484849","0.04848488","1","0","1","0","1","1.04848488","0.0696839","1.5069139241","0.017421","0.376728481","1","1","0"
"17168","25","Feedback Control Module","T0886","Lateral Movement","","","InC","","0","0","0.0242424","0.0242424","1","0","0.56","0","0.56","0.5842424","0.0348419","0.8396907046","0.0348419","0.8396907046","1","1","0"
"17169","25","Feedback Control Module","T0886","Initial Access","","","InC","","0","0","0.0242424","0.0242424","1","0","0.56","0","0.56","0.5842424","0.0348419","0.8396907046","0.0348419","0.8396907046","1","1","0"
"17172","26","Vessel Traffic Services Decision Integration","T0886","Lateral Movement","","","InC","","0","0","0.0242424","0.0242424","1","0","0.56","0","0.56","0.5842424","0.0348419","0.8396907046","0.017421","0.4198453523","1","1","0"
"17173","26","Vessel Traffic Services Decision Integration","T0886","Initial Access","","","InC","","0","0","0.0242424","0.0242424","1","0","0.56","0","0.56","0.5842424","0.0348419","0.8396907046","0.017421","0.4198453523","1","1","0"
"17176","28","Human Override Control Interface","T0886","Lateral Movement","","","InC","","0","0","0.0242424","0.0242424","1","0","0.56","0","0.56","0.5842424","0.0348419","0.8396907046","0.00871048","0.2099226761","1","1","0"
"17177","28","Human Override Control Interface","T0886","Initial Access","","","InC","","0","0","0.0242424","0.0242424","1","0","0.56","0","0.56","0.5842424","0.0348419","0.8396907046","0.00871048","0.2099226761","1","1","0"
"17178","29","Internal Data Pipeline / Integration Module","T0886","Lateral Movement","","","InC","","0","0","0.0484849","0.04848488","1","0","1","0","1","1.04848488","0.0696839","1.5069139241","0.034842","0.753456962","1","1","0"
"17179","29","Internal Data Pipeline / Integration Module","T0886","Initial Access","","","InC","","0","0","0.0484849","0.04848488","1","0","1","0","1","1.04848488","0.0696839","1.5069139241","0.034842","0.753456962","1","1","0"
"17181","35","Navigation Support and Situational Awareness Module","T0886","Lateral Movement","","","InC","","0","0","0.0242424","0.0242424","1","0","1","0","1","1.0242424","0.0348419","1.4720719046","0.0348419","1.4720719046","1","1","0"
"17182","35","Navigation Support and Situational Awareness Module","T0886","Initial Access","","","InC","","0","0","0.0242424","0.0242424","1","0","1","0","1","1.0242424","0.0348419","1.4720719046","0.0348419","1.4720719046","1","1","0"
"17192","7","Satellite Communication System","T0840","Discovery","","CoC","","","0","0","0.0242424","0.0242424","1","0.392","0","0","0.392","0.4162424","0.0609733","1.0469120724","0.0609733","1.0469120724","1","1","0"
"17196","12","Controllable Pitch Propeller","T0840","Discovery","","CoC","","","0","0","0","0","1","0.007","0","0","0.007","0.007","0","0.01760605","0","0.01760605","1","1","0"
"17197","10","Remote Control Center Communication Interface","T0840","Discovery","","CoC","","","0","0","0.0242424","0.0242424","1","0.392","0","0","0.392","0.4162424","0.0609733","1.0469120724","0.0609733","1.0469120724","1","1","0"
"17198","14","Electric / Hybrid Propulsion System","T0840","Discovery","","CoC","","","0","0","0","0","1","0.154","0","0","0.154","0.154","0","0.3873331","0","0.3873331","1","1","0"
"17199","4","ENC Data Service","T0840","Discovery","","CoC","","","0","0","0.0242424","0.0242424","1","0.154","0","0","0.154","0.1782424","0.0609733","0.4483063724","0.0609733","0.4483063724","1","1","0"
"17200","9","Vessel Traffic Services Interface","T0840","Discovery","","CoC","","","0","0","0.024","0.024","1","0.154","0","0","0.154","0.178","0.0603636","0.4476967","0.0603636","0.4476967","1","1","0"
"17201","11","GMDSS","T0840","Discovery","","CoC","","","0","0","0.0242424","0.0242424","1","0.154","0","0","0.154","0.1782424","0.0609733","0.4483063724","0.0609733","0.4483063724","1","1","0"
"17202","25","Feedback Control Module","T0840","Discovery","","CoC","","","0","0","0.0242424","0.0242424","1","0.154","0","0","0.154","0.1782424","0.0609733","0.4483063724","0.0609733","0.4483063724","1","1","0"
"17203","6","Navigation Data Integration Tool","T0840","Discovery","","CoC","","","0","0","0.0242424","0.0242424","1","0.392","0","0","0.392","0.4162424","0.0609733","1.0469120724","0.0609733","1.0469120724","1","1","0"
"17204","15","Steering Gear System","T0840","Discovery","","CoC","","","0","0","0","0","1","0.154","0","0","0.154","0.154","0","0.3873331","0","0.3873331","1","1","0"
"17205","8","RF / VHF / UHF Communication Module","T0840","Discovery","","CoC","","","0","0","0.0242424","0.0242424","1","0.154","0","0","0.154","0.1782424","0.0609733","0.4483063724","0.0609733","0.4483063724","1","1","0"
"17206","26","Vessel Traffic Services Decision Integration","T0840","Discovery","","CoC","","","0","0","0.0242424","0.0242424","1","0.154","0","0","0.154","0.1782424","0.0609733","0.4483063724","0.0609733","0.4483063724","1","1","0"
"17207","16","Engine Control Mechanism","T0840","Discovery","","CoC","","","0","0","0.0484849","0.04848488","1","0.154","0","0","0.154","0.20248488","0.121947","0.5092798459","0.121947","0.5092798459","1","1","0"
"17208","34","Collision Avoidance System","T0840","Discovery","","CoC","","","0","0","0.0484849","0.04848488","1","0.154","0","0","0.154","0.20248488","0.121947","0.5092798459","0.121947","0.5092798459","1","1","0"
"17209","16","Engine Control Mechanism","T0867","Lateral Movement","","","InC","","0","0","0.0484849","0.04848488","1","0","1","0","1","1.04848488","0.121947","2.6370967459","0.121947","2.6370967459","1","1","0"
"17210","29","Internal Data Pipeline / Integration Module","T0840","Discovery","","CoC","","","0","0","0.0484849","0.04848488","1","0.392","0","0","0.392","0.44048488","0.121947","1.1078855459","0.121947","1.1078855459","1","1","0"
"17211","28","Human Override Control Interface","T0840","Discovery","","CoC","","","0","0","0.0242424","0.0242424","1","0.154","0","0","0.154","0.1782424","0.0609733","0.4483063724","0.0609733","0.4483063724","1","1","0"
"17212","25","Feedback Control Module","T0867","Lateral Movement","","","InC","","0","0","0.0242424","0.0242424","1","0","0.56","0","0.56","0.5842424","0.0609733","1.4694572724","0.0609733","1.4694572724","1","1","0"
"17213","14","Electric / Hybrid Propulsion System","T0867","Lateral Movement","","","InC","","0","0","0","0","1","0","1","0","1","1","0","2.51515","0","2.51515","1","1","0"
"17214","35","Navigation Support and Situational Awareness Module","T0840","Discovery","","CoC","","","0","0","0.0242424","0.0242424","1","0.392","0","0","0.392","0.4162424","0.0609733","1.0469120724","0.0609733","1.0469120724","1","1","0"
"17215","12","Controllable Pitch Propeller","T0839","Persistence","","","InC","","0","0","0.44","0.44","1","0","1","0","1","1.44","0.632381","2.0696112","0.158095","0.5174028","1","1","0"
"17216","12","Controllable Pitch Propeller","T0839","Impair Process Control","I2CF","","","","1","0","2.6151","2.615096","1","0","0","0","0","2.615096","3.75849","3.7584944241","0.939624","0.939623606","1","1","0"
"17217","25","Feedback Control Module","T0893","Collection","","CoC","","","0","0","0.200242","0.2002424","1","0.154","0","0","0.154","0.3542424","0.50364","0.8909727724","0.50364","0.8909727724","1","1","0"
"17218","14","Electric / Hybrid Propulsion System","T0893","Collection","","CoC","","","0","0","0.176","0.176","1","0.154","0","0","0.154","0.33","0.442666","0.8299995","0.442666","0.8299995","1","1","0"
"17219","28","Human Override Control Interface","T0893","Collection","","CoC","","","0","0","0.200242","0.2002424","1","0.154","0","0","0.154","0.3542424","0.50364","0.8909727724","0.50364","0.8909727724","1","1","0"
"17222","15","Steering Gear System","T0839","Persistence","","","InC","","0","0","0.528","0.528","1","0","1","0","1","1.528","0.758857","2.19608744","0.189714","0.54902186","1","1","0"
"17223","15","Steering Gear System","T0839","Impair Process Control","I2CF","","","","1","0","2.68993","2.689926","1","0","0","0","0","2.689926","3.86604","3.866042345","0.966511","0.9665105862","1","1","0"
"17224","16","Engine Control Mechanism","T0893","Collection","","CoC","","","0","0","0.224485","0.22448488","1","0.154","0","0","0.154","0.37848488","0.564613","0.9519462459","0.282307","0.475973123","1","1","0"
"17233","34","Collision Avoidance System","T0839","Persistence","","","InC","","0","0","0.712","0.712","1","0","1","0","1","1.712","1.02331","2.46053776","1.02331","2.46053776","1","1","0"
"17234","34","Collision Avoidance System","T0839","Impair Process Control","I2CF","","","","1","0","2.97833","2.978329","1","0","0","0","0","2.978329","4.28054","4.2805437887","4.28054","4.2805437887","1","1","0"
"17240","16","Engine Control Mechanism","T0839","Persistence","","","InC","","0","0","0.576","0.576","1","0","1","0","1","1.576","0.827845","2.26507448","0.206961","0.56626862","1","1","0"
"17241","16","Engine Control Mechanism","T0839","Impair Process Control","I2CF","","","","1","0","2.81234","2.812336","1","0","0","0","0","2.812336","4.04197","4.0419736693","1.01049","1.0104934173","1","1","0"
"17243","15","Steering Gear System","T0889","Persistence","","","InC","","0","0","0.528","0.528","1","0","1","0","1","1.528","1.17278","3.39394776","0.293194","0.84848694","1","1","0"
"17244","16","Engine Control Mechanism","T0889","Persistence","","","InC","","0","0","0.576","0.576","1","0","1","0","1","1.576","1.27939","3.50056392","0.319848","0.87514098","1","1","0"
"17245","12","Controllable Pitch Propeller","T0889","Persistence","","","InC","","0","0","0.44","0.44","1","0","1","0","1","1.44","0.977315","3.1984848","0.244329","0.7996212","1","1","0"
"17246","34","Collision Avoidance System","T0889","Persistence","","","InC","","0","0","0.712","0.712","1","0","1","0","1","1.712","1.58147","3.80264304","1.58147","3.80264304","1","1","0"
"17248","34","Collision Avoidance System","AML.T0010.002","Initial Access","","","InC","","0","0","0.0484849","0.04848488","1","0","1","0","1","1.04848488","0.0785528","1.6987027783","0.0785528","1.6987027783","1","1","0"
"17249","35","Navigation Support and Situational Awareness Module","AML.T0010.002","Initial Access","","","InC","","0","0","0.0242424","0.0242424","1","0","1","0","1","1.0242424","0.0392763","1.6594263244","0.0392763","1.6594263244","1","1","0"
"17250","33","Autonomous Navigation Decision Module","AML.T0010.002","Initial Access","","","InC","","0","0","0.0242424","0.0242424","1","0","1","0","1","1.0242424","0.0392763","1.6594263244","0.0392763","1.6594263244","1","1","0"
"17251","32","Data Integration and Analysis Module","AML.T0010.002","Initial Access","","","InC","","0","0","0.0242424","0.0242424","1","0","1","0","1","1.0242424","0.0392763","1.6594263244","0.0392763","1.6594263244","1","1","0"
"17252","27","Machine Learning and Adaptive Algorithm Module","AML.T0010","Initial Access","","","InC","","0","0","0.0969696","0.0969696","1","0","0.56","0","0.56","0.6569696","0.0499039","0.3380988931","0.012476","0.0845247233","1","1","0"
"17253","27","Machine Learning and Adaptive Algorithm Module","AML.T0010.001","Initial Access","","","InC","","0","0","0.0969696","0.0969696","1","0","0.56","0","0.56","0.6569696","0.157105","1.0643892974","0.0392763","0.2660973244","1","1","0"
"17254","27","Machine Learning and Adaptive Algorithm Module","AML.T0010.002","Initial Access","","","InC","","0","0","0.0969696","0.0969696","1","0","0.56","0","0.56","0.6569696","0.157105","1.0643892974","0.157105","1.0643892974","1","1","0"
"17255","27","Machine Learning and Adaptive Algorithm Module","AML.T0010.003","Initial Access","","","InC","","0","0","0.0969696","0.0969696","1","0","0.56","0","0.56","0.6569696","0.376925","2.553667114","0.0942312","0.6384167785","1","1","0"
"17256","30","Target Model","AML.T0010.003","Initial Access","","","InC","","0","0","0.0242424","0.0242424","1","0","1","0","1","1.0242424","0.0942312","3.9812711785","0.0471156","1.9906355892","1","1","0"
"17257","24","Autonomous Decision-Making Engine","AML.T0010.002","Initial Access","","","InC","","0","0","0.0484849","0.04848488","1","0","0.56","0","0.56","0.60848488","0.0785528","0.9858367783","0.0785528","0.9858367783","1","1","0"
"17259","31","Training Data Asset","AML.T0010","Initial Access","","","InC","","0","0","0.0242424","0.0242424","1","0","1","0","1","1.0242424","0.012476","0.5271099633","0.00623798","0.2635549816","1","1","0"
"17260","34","Collision Avoidance System","AML.T0015","Initial Access","","","InC","","0","0","0.0484849","0.04848488","1","0","1","0","1","1.04848488","0.107693","2.3288631609","0.107693","2.3288631609","1","1","0"
"17261","34","Collision Avoidance System","AML.T0015","Defense Evasion","","","InC","","0","0","0.712","0.712","1","0","1","0","1","1.712","1.58147","3.80264304","1.58147","3.80264304","1","1","0"
"17263","31","Training Data Asset","AML.T0010.002","Initial Access","","","InC","","0","0","0.0242424","0.0242424","1","0","1","0","1","1.0242424","0.0392763","1.6594263244","0.00981908","0.4148565811","1","1","0"
"17264","30","Target Model","AML.T0024.002","Exfiltration","","CoC","","","0","0","0.464242","0.4642424","1","0.392","0","0","0.392","0.8562424","1.03116","1.9018599316","0.515581","0.9509299658","1","1","0"
"17265","30","Target Model","AML.T0024.001","Exfiltration","","CoC","","","0","0","0.464242","0.4642424","1","0.392","0","0","0.392","0.8562424","1.03116","1.9018599316","0.515581","0.9509299658","1","1","0"
"17267","30","Target Model","AML.T0018","Persistence","","","InC","","0","0","0.512","0.512","1","0","1","0","1","1.512","0.829517","2.4496668","0.829517","2.4496668","1","1","0"
"17269","35","Navigation Support and Situational Awareness Module","AML.T0015","Initial Access","","","InC","","0","0","0.0242424","0.0242424","1","0","1","0","1","1.0242424","0.0538465","2.2750164916","0.0269232","1.1375082458","1","1","0"
"17270","35","Navigation Support and Situational Awareness Module","AML.T0015","Defense Evasion","","","InC","","0","0","0.536","0.536","1","0","1","0","1","1.536","1.19055","3.41171712","0.595274","1.70585856","1","1","0"
"17272","30","Target Model","AML.T0031","Erode ML Model Integrity","OOI","","InC","","0","0","2.10491","2.104913","1","0","1","0","1","3.104913","4.67537","6.8965396082","4.67537","6.8965396082","1","0","1"
"17273","34","Collision Avoidance System","AML.T0031","Erode ML Model Integrity","OOI","","InC","","0","0","2.99433","2.994329","1","0","1","0","1","3.994329","6.65091","8.8720837449","6.65091","8.8720837449","0","0","0"
"17274","32","Data Integration and Analysis Module","AML.T0015","Initial Access","","","InC","","0","0","0.0242424","0.0242424","1","0","1","0","1","1.0242424","0.0538465","2.2750164916","0.0134616","0.5687541229","1","1","0"
"17275","32","Data Integration and Analysis Module","AML.T0015","Defense Evasion","","","InC","","0","0","0.704","0.704","1","0","1","0","1","1.704","1.5637","3.78487368","0.390926","0.94621842","1","1","0"
"17277","35","Navigation Support and Situational Awareness Module","AML.T0031","Erode ML Model Integrity","OOI","","InC","","0","0","2.2414","2.241399","1","0","1","0","1","3.241399","4.97853","7.1996982168","2.48926","3.5998491084","1","1","0"
"17279","24","Autonomous Decision-Making Engine","AML.T0031","Erode ML Model Integrity","OOI","","InC","","0","0","2.94962","2.949618","1","0","0.56","0","0.56","3.509618","6.5516","7.7954582131","1.6379","1.9488645533","1","1","0"
"17280","33","Autonomous Navigation Decision Module","AML.T0015","Initial Access","","","InC","","0","0","0.0242424","0.0242424","1","0","1","0","1","1.0242424","0.0538465","2.2750164916","0.0134616","0.5687541229","1","1","0"
"17281","33","Autonomous Navigation Decision Module","AML.T0015","Defense Evasion","","","InC","","0","0","0.8","0.8","1","0","1","0","1","1.8","1.77694","3.998106","0.444234","0.9995265","1","1","0"
"17283","27","Machine Learning and Adaptive Algorithm Module","AML.T0015","Initial Access","","","InC","","0","0","0.0969696","0.0969696","1","0","0.56","0","0.56","0.6569696","0.215386","1.4592411664","0.107693","0.7296205832","1","1","0"
"17284","27","Machine Learning and Adaptive Algorithm Module","AML.T0015","Defense Evasion","","","InC","","0","0","0.56","0.56","1","0","0.56","0","0.56","1.12","1.24386","2.4877104","0.621928","1.2438552","1","1","0"
"17287","2","GNSS / GPS Receiver","TID-101","Power Consumption Analysis Side Channel","","CoC","","","0","0","0.848","0.848","1","0.392","0","0","0.392","1.24","3.29621","4.8199296","3.29621","4.8199296","1","1","0"
"17288","24","Autonomous Decision-Making Engine","AML.T0015","Initial Access","","","InC","","0","0","0.0484849","0.04848488","1","0","0.56","0","0.56","0.60848488","0.107693","1.3515483609","0.0269233","0.3378870902","1","1","0"
"17289","24","Autonomous Decision-Making Engine","AML.T0015","Defense Evasion","","","InC","","0","0","0.704","0.704","1","0","0.56","0","0.56","1.264","1.5637","2.80755888","0.390926","0.70188972","1","1","0"
"17292","31","Training Data Asset","AML.T0020","Persistence","","","InC","","0","0","0.552","0.552","1","0","1","0","1","1.552","0.894323","2.5144728","0.223581","0.6286182","1","1","0"
"17294","3","AIS Interface","TID-101","Power Consumption Analysis Side Channel","","CoC","","","0","0","0.864","0.864","1","0.007","0","0","0.007","0.871","3.3584","3.38561184","3.3584","3.38561184","1","1","0"
"17296","31","Training Data Asset","AML.T0031","Erode ML Model Integrity","OOI","","InC","","0","0","2.28091","2.280913","1","0","1","0","1","3.280913","5.0663","7.2874655282","5.0663","7.2874655282","1","0","1"
"17297","7","Satellite Communication System","TID-101","Power Consumption Analysis Side Channel","","CoC","","","0","0","0.744","0.744","1","0.392","0","0","0.392","1.136","2.89196","4.41567744","2.89196","4.41567744","1","1","0"
"17298","5","RADAR / ARPA System","TID-101","Power Consumption Analysis Side Channel","","CoC","","","0","0","0.968","0.968","1","0.154","0","0","0.154","1.122","3.76265","4.36125888","3.76265","4.36125888","1","1","0"
"17299","8","RF / VHF / UHF Communication Module","TID-101","Power Consumption Analysis Side Channel","","CoC","","","0","0","0.504","0.504","1","0.154","0","0","0.154","0.658","1.95907","2.55767232","1.95907","2.55767232","1","1","0"
"17300","6","Navigation Data Integration Tool","TID-101","Power Consumption Analysis Side Channel","","CoC","","","0","0","1.128","1.128","1","0.392","0","0","0.392","1.52","4.38458","5.9083008","4.38458","5.9083008","1","1","0"
"17301","9","Vessel Traffic Services Interface","TID-101","Power Consumption Analysis Side Channel","","CoC","","","0","0","0.496","0.496","1","0.154","0","0","0.154","0.65","1.92797","2.526576","1.92797","2.526576","1","1","0"
"17302","12","Controllable Pitch Propeller","TID-101","Power Consumption Analysis Side Channel","","CoC","","","0","0","0.448","0.448","1","0.007","0","0","0.007","0.455","1.74139","1.7686032","1.74139","1.7686032","1","1","0"
"17303","13","Rudder Angle Indicator","TID-101","Power Consumption Analysis Side Channel","","CoC","","","0","0","0.16","0.16","1","0.007","0","0","0.007","0.167","0.621926","0.64913568","0.621926","0.64913568","1","1","0"
"17305","10","Remote Control Center Communication Interface","TID-101","Power Consumption Analysis Side Channel","","CoC","","","0","0","0.768","0.768","1","0.392","0","0","0.392","1.16","2.98525","4.5089664","2.98525","4.5089664","1","1","0"
"17306","14","Electric / Hybrid Propulsion System","TID-101","Power Consumption Analysis Side Channel","","CoC","","","0","0","0.712","0.712","1","0.154","0","0","0.154","0.866","2.76757","3.36617664","2.76757","3.36617664","1","1","0"
"17307","11","GMDSS","TID-101","Power Consumption Analysis Side Channel","","CoC","","","0","0","0.568","0.568","1","0.154","0","0","0.154","0.722","2.20784","2.80644288","2.20784","2.80644288","1","1","0"
"17308","20","Weather Transmission System","TID-101","Power Consumption Analysis Side Channel","","CoC","","","0","0","0.12","0.12","1","0.007","0","0","0.007","0.127","0.466445","0.49365408","0.466445","0.49365408","1","1","0"
"17309","18","Sonar","TID-101","Power Consumption Analysis Side Channel","","CoC","","","0","0","0.384","0.384","1","0.007","0","0","0.007","0.391","1.49262","1.51983264","1.49262","1.51983264","1","1","0"
"17310","15","Steering Gear System","TID-101","Power Consumption Analysis Side Channel","","CoC","","","0","0","0.624","0.624","1","0.154","0","0","0.154","0.778","2.42551","3.02411712","2.42551","3.02411712","1","1","0"
"17311","19","Infrared Camera System","TID-101","Power Consumption Analysis Side Channel","","CoC","","","0","0","0.384","0.384","1","0.154","0","0","0.154","0.538","1.49262","2.09122752","1.49262","2.09122752","1","1","0"
"17312","21","Echo Sounder","TID-101","Power Consumption Analysis Side Channel","","CoC","","","0","0","0.376","0.376","1","0.007","0","0","0.007","0.383","1.46153","1.48873632","1.46153","1.48873632","1","1","0"
"17313","17","LiDAR","TID-101","Power Consumption Analysis Side Channel","","CoC","","","0","0","0.168","0.168","1","0.007","0","0","0.007","0.175","0.653023","0.680232","0.653023","0.680232","1","1","0"
"17314","16","Engine Control Mechanism","TID-101","Power Consumption Analysis Side Channel","","CoC","","","0","0","0.752","0.752","1","0.154","0","0","0.154","0.906","2.92305","3.52165824","2.92305","3.52165824","1","1","0"
"17315","22","Gyroscope Compass","TID-101","Power Consumption Analysis Side Channel","","CoC","","","0","0","0.176","0.176","1","0.007","0","0","0.007","0.183","0.684119","0.71132832","0.684119","0.71132832","1","1","0"
"17316","23","Heading and Speed Sensor","TID-101","Power Consumption Analysis Side Channel","","CoC","","","0","0","0.168","0.168","1","0.007","0","0","0.007","0.175","0.653023","0.680232","0.653023","0.680232","1","1","0"
"17317","25","Feedback Control Module","TID-101","Power Consumption Analysis Side Channel","","CoC","","","0","0","0.536","0.536","1","0.154","0","0","0.154","0.69","2.08345","2.6820576","2.08345","2.6820576","1","1","0"
"17318","26","Vessel Traffic Services Decision Integration","TID-101","Power Consumption Analysis Side Channel","","CoC","","","0","0","0.552","0.552","1","0.154","0","0","0.154","0.706","2.14565","2.74425024","2.14565","2.74425024","1","1","0"
"17319","24","Autonomous Decision-Making Engine","TID-101","Power Consumption Analysis Side Channel","","CoC","","","0","0","1.232","1.232","1","0.392","0","0","0.392","1.624","4.78883","6.31255296","4.78883","6.31255296","1","1","0"
"17320","29","Internal Data Pipeline / Integration Module","TID-101","Power Consumption Analysis Side Channel","","CoC","","","0","0","0.864","0.864","1","0.392","0","0","0.392","1.256","3.3584","4.88212224","3.3584","4.88212224","1","1","0"
"17321","28","Human Override Control Interface","TID-101","Power Consumption Analysis Side Channel","","CoC","","","0","0","0.592","0.592","1","0.154","0","0","0.154","0.746","2.30113","2.89973184","2.30113","2.89973184","1","1","0"
"17322","34","Collision Avoidance System","TID-101","Power Consumption Analysis Side Channel","","CoC","","","0","0","1.328","1.328","1","0.154","0","0","0.154","1.482","5.16199","5.76059328","5.16199","5.76059328","1","1","0"
"17323","35","Navigation Support and Situational Awareness Module","TID-101","Power Consumption Analysis Side Channel","","CoC","","","0","0","1.064","1.064","1","0.392","0","0","0.392","1.456","4.13581","5.65953024","4.13581","5.65953024","1","1","0"
"17324","2","GNSS / GPS Receiver","TID-102","Electromagnetic Analysis Side Channel","","CoC","","","0","0","0.848","0.848","1","0.392","0","0","0.392","1.24","3.29621","4.8199296","3.29621","4.8199296","1","1","0"
"17325","3","AIS Interface","TID-102","Electromagnetic Analysis Side Channel","","CoC","","","0","0","0.864","0.864","1","0.007","0","0","0.007","0.871","3.3584","3.38561184","3.3584","3.38561184","1","1","0"
"17326","5","RADAR / ARPA System","TID-102","Electromagnetic Analysis Side Channel","","CoC","","","0","0","0.968","0.968","1","0.154","0","0","0.154","1.122","3.76265","4.36125888","3.76265","4.36125888","1","1","0"
"17327","13","Rudder Angle Indicator","TID-102","Electromagnetic Analysis Side Channel","","CoC","","","0","0","0.16","0.16","1","0.007","0","0","0.007","0.167","0.621926","0.64913568","0.621926","0.64913568","1","1","0"
"17328","8","RF / VHF / UHF Communication Module","TID-102","Electromagnetic Analysis Side Channel","","CoC","","","0","0","0.504","0.504","1","0.154","0","0","0.154","0.658","1.95907","2.55767232","1.95907","2.55767232","1","1","0"
"17329","6","Navigation Data Integration Tool","TID-102","Electromagnetic Analysis Side Channel","","CoC","","","0","0","1.128","1.128","1","0.392","0","0","0.392","1.52","4.38458","5.9083008","4.38458","5.9083008","1","1","0"
"17330","9","Vessel Traffic Services Interface","TID-102","Electromagnetic Analysis Side Channel","","CoC","","","0","0","0.496","0.496","1","0.154","0","0","0.154","0.65","1.92797","2.526576","1.92797","2.526576","1","1","0"
"17331","10","Remote Control Center Communication Interface","TID-102","Electromagnetic Analysis Side Channel","","CoC","","","0","0","0.768","0.768","1","0.392","0","0","0.392","1.16","2.98525","4.5089664","2.98525","4.5089664","1","1","0"
"17332","27","Machine Learning and Adaptive Algorithm Module","TID-101","Power Consumption Analysis Side Channel","","CoC","","","0","0","1","1","1","0.392","0","0","0.392","1.392","3.88704","5.41075968","3.88704","5.41075968","1","1","0"
"17333","7","Satellite Communication System","TID-102","Electromagnetic Analysis Side Channel","","CoC","","","0","0","0.744","0.744","1","0.392","0","0","0.392","1.136","2.89196","4.41567744","2.89196","4.41567744","1","1","0"
"17334","15","Steering Gear System","TID-102","Electromagnetic Analysis Side Channel","","CoC","","","0","0","0.624","0.624","1","0.154","0","0","0.154","0.778","2.42551","3.02411712","2.42551","3.02411712","1","1","0"
"17335","32","Data Integration and Analysis Module","TID-101","Power Consumption Analysis Side Channel","","CoC","","","0","0","1.408","1.408","1","0.392","0","0","0.392","1.8","5.47295","6.996672","5.47295","6.996672","1","0","1"
"17336","11","GMDSS","TID-102","Electromagnetic Analysis Side Channel","","CoC","","","0","0","0.568","0.568","1","0.154","0","0","0.154","0.722","2.20784","2.80644288","2.20784","2.80644288","1","1","0"
"17337","12","Controllable Pitch Propeller","TID-102","Electromagnetic Analysis Side Channel","","CoC","","","0","0","0.448","0.448","1","0.007","0","0","0.007","0.455","1.74139","1.7686032","1.74139","1.7686032","1","1","0"
"17338","14","Electric / Hybrid Propulsion System","TID-102","Electromagnetic Analysis Side Channel","","CoC","","","0","0","0.712","0.712","1","0.154","0","0","0.154","0.866","2.76757","3.36617664","2.76757","3.36617664","1","1","0"
"17339","30","Target Model","TID-101","Power Consumption Analysis Side Channel","","CoC","","","0","0","0.952","0.952","1","0.392","0","0","0.392","1.344","3.70046","5.22418176","3.70046","5.22418176","1","1","0"
"17340","16","Engine Control Mechanism","TID-102","Electromagnetic Analysis Side Channel","","CoC","","","0","0","0.752","0.752","1","0.154","0","0","0.154","0.906","2.92305","3.52165824","2.92305","3.52165824","1","1","0"
"17341","33","Autonomous Navigation Decision Module","TID-101","Power Consumption Analysis Side Channel","","CoC","","","0","0","1.416","1.416","1","0.392","0","0","0.392","1.808","5.50405","7.02776832","5.50405","7.02776832","1","0","1"
"17342","17","LiDAR","TID-102","Electromagnetic Analysis Side Channel","","CoC","","","0","0","0.168","0.168","1","0.007","0","0","0.007","0.175","0.653023","0.680232","0.653023","0.680232","1","1","0"
"17343","18","Sonar","TID-102","Electromagnetic Analysis Side Channel","","CoC","","","0","0","0.384","0.384","1","0.007","0","0","0.007","0.391","1.49262","1.51983264","1.49262","1.51983264","1","1","0"
"17344","19","Infrared Camera System","TID-102","Electromagnetic Analysis Side Channel","","CoC","","","0","0","0.384","0.384","1","0.154","0","0","0.154","0.538","1.49262","2.09122752","1.49262","2.09122752","1","1","0"
"17345","20","Weather Transmission System","TID-102","Electromagnetic Analysis Side Channel","","CoC","","","0","0","0.12","0.12","1","0.007","0","0","0.007","0.127","0.466445","0.49365408","0.466445","0.49365408","1","1","0"
"17346","21","Echo Sounder","TID-102","Electromagnetic Analysis Side Channel","","CoC","","","0","0","0.376","0.376","1","0.007","0","0","0.007","0.383","1.46153","1.48873632","1.46153","1.48873632","1","1","0"
"17347","22","Gyroscope Compass","TID-102","Electromagnetic Analysis Side Channel","","CoC","","","0","0","0.176","0.176","1","0.007","0","0","0.007","0.183","0.684119","0.71132832","0.684119","0.71132832","1","1","0"
"17348","26","Vessel Traffic Services Decision Integration","TID-102","Electromagnetic Analysis Side Channel","","CoC","","","0","0","0.552","0.552","1","0.154","0","0","0.154","0.706","2.14565","2.74425024","2.14565","2.74425024","1","1","0"
"17349","28","Human Override Control Interface","TID-102","Electromagnetic Analysis Side Channel","","CoC","","","0","0","0.592","0.592","1","0.154","0","0","0.154","0.746","2.30113","2.89973184","2.30113","2.89973184","1","1","0"
"17350","23","Heading and Speed Sensor","TID-102","Electromagnetic Analysis Side Channel","","CoC","","","0","0","0.168","0.168","1","0.007","0","0","0.007","0.175","0.653023","0.680232","0.653023","0.680232","1","1","0"
"17351","25","Feedback Control Module","TID-102","Electromagnetic Analysis Side Channel","","CoC","","","0","0","0.536","0.536","1","0.154","0","0","0.154","0.69","2.08345","2.6820576","2.08345","2.6820576","1","1","0"
"17352","29","Internal Data Pipeline / Integration Module","TID-102","Electromagnetic Analysis Side Channel","","CoC","","","0","0","0.864","0.864","1","0.392","0","0","0.392","1.256","3.3584","4.88212224","3.3584","4.88212224","1","1","0"
"17353","34","Collision Avoidance System","TID-102","Electromagnetic Analysis Side Channel","","CoC","","","0","0","1.328","1.328","1","0.154","0","0","0.154","1.482","5.16199","5.76059328","5.16199","5.76059328","1","1","0"
"17354","5","RADAR / ARPA System","TID-103","Microarchitectural Side Channels","","CoC","","","0","0","0.968","0.968","1","0.154","0","0","0.154","1.122","1.14393","1.3259235","1.14393","1.3259235","1","1","0"
"17355","7","Satellite Communication System","TID-103","Microarchitectural Side Channels","","CoC","","","0","0","0.744","0.744","1","0.392","0","0","0.392","1.136","0.879222","1.342468","0.879222","1.342468","1","1","0"
"17356","35","Navigation Support and Situational Awareness Module","TID-102","Electromagnetic Analysis Side Channel","","CoC","","","0","0","1.064","1.064","1","0.392","0","0","0.392","1.456","4.13581","5.65953024","4.13581","5.65953024","1","1","0"
"17357","3","AIS Interface","TID-103","Microarchitectural Side Channels","","CoC","","","0","0","0.864","0.864","1","0.007","0","0","0.007","0.871","1.02103","1.02930425","1.02103","1.02930425","1","1","0"
"17358","6","Navigation Data Integration Tool","TID-103","Microarchitectural Side Channels","","CoC","","","0","0","1.128","1.128","1","0.392","0","0","0.392","1.52","1.33301","1.79626","1.33301","1.79626","1","1","0"
"17359","2","GNSS / GPS Receiver","TID-103","Microarchitectural Side Channels","","CoC","","","0","0","0.848","0.848","1","0.392","0","0","0.392","1.24","1.00212","1.46537","1.00212","1.46537","1","1","0"
"17360","8","RF / VHF / UHF Communication Module","TID-103","Microarchitectural Side Channels","","CoC","","","0","0","0.504","0.504","1","0.154","0","0","0.154","0.658","0.595602","0.7775915","0.595602","0.7775915","1","1","0"
"17361","9","Vessel Traffic Services Interface","TID-103","Microarchitectural Side Channels","","CoC","","","0","0","0.496","0.496","1","0.154","0","0","0.154","0.65","0.586148","0.7681375","0.586148","0.7681375","1","1","0"
"17362","24","Autonomous Decision-Making Engine","TID-102","Electromagnetic Analysis Side Channel","","CoC","","","0","0","1.232","1.232","1","0.392","0","0","0.392","1.624","4.78883","6.31255296","4.78883","6.31255296","1","1","0"
"17363","10","Remote Control Center Communication Interface","TID-103","Microarchitectural Side Channels","","CoC","","","0","0","0.768","0.768","1","0.392","0","0","0.392","1.16","0.907584","1.37083","0.907584","1.37083","1","1","0"
"17364","11","GMDSS","TID-103","Microarchitectural Side Channels","","CoC","","","0","0","0.568","0.568","1","0.154","0","0","0.154","0.722","0.671234","0.8532235","0.671234","0.8532235","1","1","0"
"17365","12","Controllable Pitch Propeller","TID-103","Microarchitectural Side Channels","","CoC","","","0","0","0.448","0.448","1","0.007","0","0","0.007","0.455","0.529424","0.53769625","0.529424","0.53769625","1","1","0"
"17366","27","Machine Learning and Adaptive Algorithm Module","TID-102","Electromagnetic Analysis Side Channel","","CoC","","","0","0","1","1","1","0.392","0","0","0.392","1.392","3.88704","5.41075968","3.88704","5.41075968","1","1","0"
"17367","32","Data Integration and Analysis Module","TID-102","Electromagnetic Analysis Side Channel","","CoC","","","0","0","1.408","1.408","1","0.392","0","0","0.392","1.8","5.47295","6.996672","5.47295","6.996672","1","0","1"
"17368","30","Target Model","TID-102","Electromagnetic Analysis Side Channel","","CoC","","","0","0","0.952","0.952","1","0.392","0","0","0.392","1.344","3.70046","5.22418176","3.70046","5.22418176","1","1","0"
"17369","13","Rudder Angle Indicator","TID-103","Microarchitectural Side Channels","","CoC","","","0","0","0.16","0.16","1","0.007","0","0","0.007","0.167","0.18908","0.19735225","0.18908","0.19735225","1","1","0"
"17370","33","Autonomous Navigation Decision Module","TID-102","Electromagnetic Analysis Side Channel","","CoC","","","0","0","1.416","1.416","1","0.392","0","0","0.392","1.808","5.50405","7.02776832","5.50405","7.02776832","1","0","1"
"17371","14","Electric / Hybrid Propulsion System","TID-103","Microarchitectural Side Channels","","CoC","","","0","0","0.712","0.712","1","0.154","0","0","0.154","0.866","0.841406","1.0233955","0.841406","1.0233955","1","1","0"
"17372","15","Steering Gear System","TID-103","Microarchitectural Side Channels","","CoC","","","0","0","0.624","0.624","1","0.154","0","0","0.154","0.778","0.737412","0.9194015","0.737412","0.9194015","1","1","0"
"17373","16","Engine Control Mechanism","TID-103","Microarchitectural Side Channels","","CoC","","","0","0","0.752","0.752","1","0.154","0","0","0.154","0.906","0.888676","1.0706655","0.888676","1.0706655","1","1","0"
"17374","18","Sonar","TID-103","Microarchitectural Side Channels","","CoC","","","0","0","0.384","0.384","1","0.007","0","0","0.007","0.391","0.453792","0.46206425","0.453792","0.46206425","1","1","0"
"17375","17","LiDAR","TID-103","Microarchitectural Side Channels","","CoC","","","0","0","0.168","0.168","1","0.007","0","0","0.007","0.175","0.198534","0.20680625","0.198534","0.20680625","1","1","0"
"17376","19","Infrared Camera System","TID-103","Microarchitectural Side Channels","","CoC","","","0","0","0.384","0.384","1","0.154","0","0","0.154","0.538","0.453792","0.6357815","0.453792","0.6357815","1","1","0"
"17377","20","Weather Transmission System","TID-103","Microarchitectural Side Channels","","CoC","","","0","0","0.12","0.12","1","0.007","0","0","0.007","0.127","0.14181","0.15008225","0.14181","0.15008225","1","1","0"
"17378","22","Gyroscope Compass","TID-103","Microarchitectural Side Channels","","CoC","","","0","0","0.176","0.176","1","0.007","0","0","0.007","0.183","0.207988","0.21626025","0.207988","0.21626025","1","1","0"
"17379","21","Echo Sounder","TID-103","Microarchitectural Side Channels","","CoC","","","0","0","0.376","0.376","1","0.007","0","0","0.007","0.383","0.444338","0.45261025","0.444338","0.45261025","1","1","0"
"17380","23","Heading and Speed Sensor","TID-103","Microarchitectural Side Channels","","CoC","","","0","0","0.168","0.168","1","0.007","0","0","0.007","0.175","0.198534","0.20680625","0.198534","0.20680625","1","1","0"
"17381","26","Vessel Traffic Services Decision Integration","TID-103","Microarchitectural Side Channels","","CoC","","","0","0","0.552","0.552","1","0.154","0","0","0.154","0.706","0.652326","0.8343155","0.652326","0.8343155","1","1","0"
"17382","25","Feedback Control Module","TID-103","Microarchitectural Side Channels","","CoC","","","0","0","0.536","0.536","1","0.154","0","0","0.154","0.69","0.633418","0.8154075","0.633418","0.8154075","1","1","0"
"17383","28","Human Override Control Interface","TID-103","Microarchitectural Side Channels","","CoC","","","0","0","0.592","0.592","1","0.154","0","0","0.154","0.746","0.699596","0.8815855","0.699596","0.8815855","1","1","0"
"17384","29","Internal Data Pipeline / Integration Module","TID-103","Microarchitectural Side Channels","","CoC","","","0","0","0.864","0.864","1","0.392","0","0","0.392","1.256","1.02103","1.484278","1.02103","1.484278","1","1","0"
"17385","34","Collision Avoidance System","TID-103","Microarchitectural Side Channels","","CoC","","","0","0","1.328","1.328","1","0.154","0","0","0.154","1.482","1.56936","1.7513535","1.56936","1.7513535","1","1","0"
"17386","2","GNSS / GPS Receiver","TID-105","Hardware Fault Injection – Control Flow Modification","OOI","","InC","","0","0","0.442471","0.44247143","1","0","1","0","1","1.44247143","0.522891","1.7046406124","0.522891","1.7046406124","1","1","0"
"17387","3","AIS Interface","TID-105","Hardware Fault Injection – Control Flow Modification","OOI","","InC","","0","0","0.494318","0.4943177","1","0","1","0","1","1.4943177","0.58416","1.765909942","0.58416","1.765909942","1","1","0"
"17388","35","Navigation Support and Situational Awareness Module","TID-103","Microarchitectural Side Channels","","CoC","","","0","0","1.064","1.064","1","0.392","0","0","0.392","1.456","1.25738","1.720628","1.25738","1.720628","1","1","0"
"17389","24","Autonomous Decision-Making Engine","TID-103","Microarchitectural Side Channels","","CoC","","","0","0","1.232","1.232","1","0.392","0","0","0.392","1.624","1.45592","1.919162","1.45592","1.919162","1","1","0"
"17390","5","RADAR / ARPA System","TID-105","Hardware Fault Injection – Control Flow Modification","OOI","","InC","","0","0","0.582318","0.5823177","1","0","1","0","1","1.5823177","0.688154","1.869903942","0.688154","1.869903942","1","1","0"
"17391","6","Navigation Data Integration Tool","TID-105","Hardware Fault Injection – Control Flow Modification","OOI","","InC","","0","0","0.900204","0.900204","1","0","1","0","1","1.900204","1.06382","2.245566077","1.06382","2.245566077","1","1","0"
"17392","30","Target Model","TID-103","Microarchitectural Side Channels","","CoC","","","0","0","0.952","0.952","1","0.392","0","0","0.392","1.344","1.12503","1.588272","1.12503","1.588272","1","1","0"
"17393","27","Machine Learning and Adaptive Algorithm Module","TID-103","Microarchitectural Side Channels","","CoC","","","0","0","1","1","1","0.392","0","0","0.392","1.392","1.18175","1.644996","1.18175","1.644996","1","1","0"
"17394","7","Satellite Communication System","TID-105","Hardware Fault Injection – Control Flow Modification","OOI","","InC","","0","0","0.355833","0.3558334","1","0","0.56","0","0.56","0.9158334","0.420506","1.0822861205","0.420506","1.0822861205","1","1","0"
"17395","12","Controllable Pitch Propeller","TID-105","Hardware Fault Injection – Control Flow Modification","OOI","","InC","","0","0","0.198096","0.198096","1","0","1","0","1","1.198096","0.2341","1.415849948","0.2341","1.415849948","1","1","0"
"17396","11","GMDSS","TID-105","Hardware Fault Injection – Control Flow Modification","OOI","","InC","","0","0","0.179833","0.1798334","1","0","0.56","0","0.56","0.7398334","0.212518","0.8742981205","0.212518","0.8742981205","1","1","0"
"17397","10","Remote Control Center Communication Interface","TID-105","Hardware Fault Injection – Control Flow Modification","OOI","","InC","","0","0","0.481389","0.481389","1","0","1","0","1","1.481389","0.568881","1.7506314508","0.568881","1.7506314508","1","1","0"
"17398","13","Rudder Angle Indicator","TID-105","Hardware Fault Injection – Control Flow Modification","OOI","","InC","","0","0","0.0132645","0.01326446","1","0","0.56","0","0.56","0.57326446","0.0156753","0.6774552756","0.0156753","0.6774552756","1","1","0"
"17399","8","RF / VHF / UHF Communication Module","TID-105","Hardware Fault Injection – Control Flow Modification","OOI","","InC","","0","0","0.176","0.176","1","0","0.56","0","0.56","0.736","0.207988","0.869768","0.207988","0.869768","1","1","0"
"17400","32","Data Integration and Analysis Module","TID-103","Microarchitectural Side Channels","","CoC","","","0","0","1.408","1.408","1","0.392","0","0","0.392","1.8","1.6639","2.12715","1.6639","2.12715","1","1","0"
"17401","33","Autonomous Navigation Decision Module","TID-103","Microarchitectural Side Channels","","CoC","","","0","0","1.416","1.416","1","0.392","0","0","0.392","1.808","1.67336","2.136604","1.67336","2.136604","1","1","0"
"17402","9","Vessel Traffic Services Interface","TID-105","Hardware Fault Injection – Control Flow Modification","OOI","","InC","","0","0","0.324","0.324","1","0","0.56","0","0.56","0.884","0.382887","1.044667","0.382887","1.044667","1","1","0"
"17403","14","Electric / Hybrid Propulsion System","TID-105","Hardware Fault Injection – Control Flow Modification","OOI","","InC","","0","0","0.366096","0.366096","1","0","1","0","1","1.366096","0.432634","1.614383948","0.432634","1.614383948","1","1","0"
"17404","17","LiDAR","TID-105","Hardware Fault Injection – Control Flow Modification","OOI","","InC","","0","0","0.0450572","0.0450572","1","0","0.56","0","0.56","0.6050572","0.0532463","0.7150263461","0.0532463","0.7150263461","1","1","0"
"17405","16","Engine Control Mechanism","TID-105","Hardware Fault Injection – Control Flow Modification","OOI","","InC","","0","0","0.563336","0.563336","1","0","1","0","1","1.563336","0.665722","1.847472318","0.665722","1.847472318","1","1","0"
"17406","15","Steering Gear System","TID-105","Hardware Fault Injection – Control Flow Modification","OOI","","InC","","0","0","0.360926","0.360926","1","0","1","0","1","1.360926","0.426524","1.6082743005","0.426524","1.6082743005","1","1","0"
"17407","20","Weather Transmission System","TID-105","Hardware Fault Injection – Control Flow Modification","OOI","","InC","","0","0","0.0450572","0.0450572","1","0","0.56","0","0.56","0.6050572","0.0532463","0.7150263461","0.0532463","0.7150263461","1","1","0"
"17408","18","Sonar","TID-105","Hardware Fault Injection – Control Flow Modification","OOI","","InC","","0","0","0.213057","0.2130572","1","0","0.56","0","0.56","0.7730572","0.25178","0.9135603461","0.25178","0.9135603461","1","1","0"
"17409","19","Infrared Camera System","TID-105","Hardware Fault Injection – Control Flow Modification","OOI","","InC","","0","0","0.213057","0.2130572","1","0","0.56","0","0.56","0.7730572","0.25178","0.9135603461","0.25178","0.9135603461","1","1","0"
"17410","21","Echo Sounder","TID-105","Hardware Fault Injection – Control Flow Modification","OOI","","InC","","0","0","0.186","0.186","1","0","0.56","0","0.56","0.746","0.219805","0.8815855","0.219805","0.8815855","1","1","0"
"17411","22","Gyroscope Compass","TID-105","Hardware Fault Injection – Control Flow Modification","OOI","","InC","","0","0","0.0777048","0.0777048","1","0","0.56","0","0.56","0.6377048","0.0918276","0.7536076474","0.0918276","0.7536076474","1","1","0"
"17412","23","Heading and Speed Sensor","TID-105","Hardware Fault Injection – Control Flow Modification","OOI","","InC","","0","0","0.0320051","0.0320051","1","0","0.56","0","0.56","0.5920051","0.037822","0.6996020269","0.037822","0.6996020269","1","1","0"
"17413","25","Feedback Control Module","TID-105","Hardware Fault Injection – Control Flow Modification","OOI","","InC","","0","0","0.25877","0.2587703","1","0","0.56","0","0.56","0.8187703","0.305802","0.967581802","0.305802","0.967581802","1","1","0"
"17414","26","Vessel Traffic Services Decision Integration","TID-105","Hardware Fault Injection – Control Flow Modification","OOI","","InC","","0","0","0.374429","0.374429","1","0","0.56","0","0.56","0.934429","0.442481","1.1042614708","0.442481","1.1042614708","1","1","0"
"17416","28","Human Override Control Interface","TID-105","Hardware Fault Injection – Control Flow Modification","OOI","","InC","","0","0","0.286376","0.286376","1","0","0.56","0","0.56","0.846376","0.338425","1.000204838","0.338425","1.000204838","1","1","0"
"17417","29","Internal Data Pipeline / Integration Module","TID-105","Hardware Fault Injection – Control Flow Modification","OOI","","InC","","0","0","0.529843","0.529843","1","0","1","0","1","1.529843","0.626142","1.8078919653","0.626142","1.8078919653","1","1","0"
"17418","34","Collision Avoidance System","TID-105","Hardware Fault Injection – Control Flow Modification","OOI","","InC","","0","0","1.16933","1.169329","1","0","1","0","1","2.169329","1.38185","2.5636045458","1.38185","2.5636045458","1","1","0"
"17423","24","Autonomous Decision-Making Engine","TID-105","Hardware Fault Injection – Control Flow Modification","OOI","","InC","","0","0","1.12462","1.124618","1","0","0.56","0","0.56","1.684618","1.32902","1.9907973215","1.32902","1.9907973215","1","1","0"
"17424","35","Navigation Support and Situational Awareness Module","TID-105","Hardware Fault Injection – Control Flow Modification","OOI","","InC","","0","0","0.816399","0.816399","1","0","1","0","1","1.816399","0.964779","2.1465295183","0.964779","2.1465295183","1","1","0"
"17429","32","Data Integration and Analysis Module","TID-105","Hardware Fault Injection – Control Flow Modification","OOI","","InC","","0","0","1.59588","1.595881","1","0","1","0","1","2.595881","1.88593","3.0676823718","1.88593","3.0676823718","1","1","0"
"17430","30","Target Model","TID-105","Hardware Fault Injection – Control Flow Modification","OOI","","InC","","0","0","0.679913","0.679913","1","0","1","0","1","1.679913","0.803487","1.9852371878","0.803487","1.9852371878","1","1","0"
"17433","27","Machine Learning and Adaptive Algorithm Module","TID-105","Hardware Fault Injection – Control Flow Modification","OOI","","InC","","0","0","0.929799","0.929799","1","0","0.56","0","0.56","1.489799","1.09879","1.7605699683","1.09879","1.7605699683","1","1","0"
"17434","33","Autonomous Navigation Decision Module","TID-105","Hardware Fault Injection – Control Flow Modification","OOI","","InC","","0","0","1.616","1.616","1","0","1","0","1","2.616","1.90971","3.091458","1.90971","3.091458","1","1","0"
"17445","2","GNSS / GPS Receiver","TID-113","Unverified Peripheral Firmware Loaded","","","InC","","0","0","0.408","0.408","1","0","1","0","1","1.408","1.58591","5.47295232","1.58591","5.47295232","1","1","0"
"17446","13","Rudder Angle Indicator","TID-113","Unverified Peripheral Firmware Loaded","","","InC","","0","0","0.152","0.152","1","0","0.56","0","0.56","0.712","0.59083","2.76757248","0.59083","2.76757248","1","1","0"
"17447","5","RADAR / ARPA System","TID-113","Unverified Peripheral Firmware Loaded","","","InC","","0","0","0.44","0.44","1","0","1","0","1","1.44","1.7103","5.5973376","1.7103","5.5973376","1","1","0"
"17448","12","Controllable Pitch Propeller","TID-113","Unverified Peripheral Firmware Loaded","","","InC","","0","0","0.44","0.44","1","0","1","0","1","1.44","1.7103","5.5973376","1.7103","5.5973376","1","1","0"
"17449","3","AIS Interface","TID-113","Unverified Peripheral Firmware Loaded","","","InC","","0","0","0.424","0.424","1","0","1","0","1","1.424","1.6481","5.53514496","1.6481","5.53514496","1","1","0"
"17450","15","Steering Gear System","TID-113","Unverified Peripheral Firmware Loaded","","","InC","","0","0","0.528","0.528","1","0","1","0","1","1.528","2.05236","5.93939712","2.05236","5.93939712","1","1","0"
"17451","14","Electric / Hybrid Propulsion System","TID-113","Unverified Peripheral Firmware Loaded","","","InC","","0","0","0.536","0.536","1","0","1","0","1","1.536","2.08345","5.97049344","2.08345","5.97049344","1","1","0"
"17452","16","Engine Control Mechanism","TID-113","Unverified Peripheral Firmware Loaded","","","InC","","0","0","0.576","0.576","1","0","1","0","1","1.576","2.23893","6.12597504","2.23893","6.12597504","1","1","0"
"17453","18","Sonar","TID-113","Unverified Peripheral Firmware Loaded","","","InC","","0","0","0.208","0.208","1","0","0.56","0","0.56","0.768","0.808504","2.98524672","0.808504","2.98524672","1","1","0"
"17454","19","Infrared Camera System","TID-113","Unverified Peripheral Firmware Loaded","","","InC","","0","0","0.208","0.208","1","0","0.56","0","0.56","0.768","0.808504","2.98524672","0.808504","2.98524672","1","1","0"
"17455","17","LiDAR","TID-113","Unverified Peripheral Firmware Loaded","","","InC","","0","0","0.16","0.16","1","0","0.56","0","0.56","0.72","0.621926","2.7986688","0.621926","2.7986688","1","1","0"
"17456","25","Feedback Control Module","TID-113","Unverified Peripheral Firmware Loaded","","","InC","","0","0","0.36","0.36","1","0","0.56","0","0.56","0.92","1.39933","3.5760768","1.39933","3.5760768","1","1","0"
"17458","21","Echo Sounder","TID-113","Unverified Peripheral Firmware Loaded","","","InC","","0","0","0.2","0.2","1","0","0.56","0","0.56","0.76","0.777408","2.9541504","0.777408","2.9541504","1","1","0"
"17459","23","Heading and Speed Sensor","TID-113","Unverified Peripheral Firmware Loaded","","","InC","","0","0","0.16","0.16","1","0","0.56","0","0.56","0.72","0.621926","2.7986688","0.621926","2.7986688","1","1","0"
"17460","22","Gyroscope Compass","TID-113","Unverified Peripheral Firmware Loaded","","","InC","","0","0","0.168","0.168","1","0","0.56","0","0.56","0.728","0.653023","2.82976512","0.653023","2.82976512","1","1","0"
"17473","24","Autonomous Decision-Making Engine","TID-113","Unverified Peripheral Firmware Loaded","","","InC","","0","0","0.704","0.704","1","0","0.56","0","0.56","1.264","2.73648","4.91321856","2.73648","4.91321856","1","1","0"
"17474","27","Machine Learning and Adaptive Algorithm Module","TID-113","Unverified Peripheral Firmware Loaded","","","InC","","0","0","0.56","0.56","1","0","0.56","0","0.56","1.12","2.17674","4.3534848","2.17674","4.3534848","1","1","0"
"17494","3","AIS Interface","TID-222","Critical System Service May Be Disabled","OOI","","InC","AvC","0","0","1.15332","1.1533177","1","0","1","0.56","1.56","2.7133177","4.48299","10.5467744326","4.48299","10.5467744326","1","0","1"
"17495","6","Navigation Data Integration Tool","TID-222","Critical System Service May Be Disabled","OOI","","InC","AvC","0","0","1.4712","1.471204","1","0","1","0.56","1.56","3.031204","5.71863","11.7824111962","5.71863","11.7824111962","1","0","1"
"17496","9","Vessel Traffic Services Interface","TID-222","Critical System Service May Be Disabled","OOI","","InC","AvC","0","0","0.692","0.692","1","0","0.56","0.22","0.78","1.472","2.68983","5.72172288","2.68983","5.72172288","1","1","0"
"17497","5","RADAR / ARPA System","TID-222","Critical System Service May Be Disabled","OOI","","InC","AvC","0","0","1.16932","1.1693177","1","0","1","0.56","1.56","2.7293177","4.54518","10.6089670726","4.54518","10.6089670726","1","0","1"
"17498","8","RF / VHF / UHF Communication Module","TID-222","Critical System Service May Be Disabled","OOI","","InC","AvC","0","0","0.728","0.728","1","0","0.56","0.56","1.12","1.848","2.82977","7.18324992","2.82977","7.18324992","1","0","1"
"17499","4","ENC Data Service","TID-222","Critical System Service May Be Disabled","OOI","","InC","AvC","0","0","0.888471","0.88847143","1","0","1","0.22","1.22","2.10847143","3.45352","8.1957127873","3.45352","8.1957127873","1","0","1"
"17500","20","Weather Transmission System","TID-222","Critical System Service May Be Disabled","OOI","","InC","AvC","0","0","0.424057","0.4240572","1","0","0.56","0.22","0.78","1.2040572","1.64833","4.6802184987","1.64833","4.6802184987","1","1","0"
"17501","11","GMDSS","TID-222","Critical System Service May Be Disabled","OOI","","InC","AvC","0","0","1.07083","1.0708334","1","0","0.56","1","1.56","2.6308334","4.16237","10.2261546591","4.16237","10.2261546591","1","0","1"
"17502","10","Remote Control Center Communication Interface","TID-222","Critical System Service May Be Disabled","OOI","","InC","AvC","0","0","1.22039","1.220389","1","0","1","0.56","1.56","2.780389","4.7437","10.8074832586","4.7437","10.8074832586","1","0","1"
"17503","26","Vessel Traffic Services Decision Integration","TID-222","Critical System Service May Be Disabled","OOI","","InC","AvC","0","0","0.798429","0.798429","1","0","0.56","0.22","0.78","1.578429","3.10353","6.1354166602","3.10353","6.1354166602","1","1","0"
"17504","16","Engine Control Mechanism","TID-222","Critical System Service May Be Disabled","OOI","","InC","AvC","0","0","1.78834","1.788336","1","0","1","1","2","3.788336","6.95133","14.7254135654","6.95133","14.7254135654","0","0","0"
"17505","28","Human Override Control Interface","TID-222","Critical System Service May Be Disabled","OOI","","InC","AvC","0","0","1.20138","1.201376","1","0","0.56","0.56","1.12","2.321376","4.6698","9.023281367","4.6698","9.023281367","1","0","1"
"17506","29","Internal Data Pipeline / Integration Module","TID-222","Critical System Service May Be Disabled","OOI","","InC","AvC","0","0","1.18884","1.188843","1","0","1","0.56","1.56","2.748843","4.62108","10.6848626947","4.62108","10.6848626947","1","0","1"
"17507","34","Collision Avoidance System","TID-222","Critical System Service May Be Disabled","OOI","","InC","AvC","0","0","2.09033","2.090329","1","0","1","1","2","4.090329","8.12519","15.8992724362","8.12519","15.8992724362","0","0","0"
"17509","35","Navigation Support and Situational Awareness Module","TID-222","Critical System Service May Be Disabled","OOI","","InC","AvC","0","0","1.4994","1.499399","1","0","1","0.56","1.56","3.059399","5.82822","11.892006289","5.82822","11.892006289","1","0","1"
"17514","24","Autonomous Decision-Making Engine","TID-222","Critical System Service May Be Disabled","OOI","","InC","AvC","0","0","2.12562","2.125618","1","0","0.56","0.56","1.12","3.245618","8.26236","12.6158469907","8.26236","12.6158469907","0","0","0"
"17516","30","Target Model","TID-222","Critical System Service May Be Disabled","OOI","","InC","AvC","0","0","1.42691","1.426913","1","0","1","0.56","1.56","2.986913","5.54647","11.6102503075","5.54647","11.6102503075","1","0","1"
"17517","32","Data Integration and Analysis Module","TID-222","Critical System Service May Be Disabled","OOI","","InC","AvC","0","0","2.27088","2.270881","1","0","1","0.56","1.56","3.830881","8.82701","14.8907876822","8.82701","14.8907876822","0","0","0"
"17518","33","Autonomous Navigation Decision Module","TID-222","Critical System Service May Be Disabled","OOI","","InC","AvC","0","0","2.625","2.625","1","0","1","0.56","1.56","4.185","10.2035","16.2672624","10.2035","16.2672624","0","0","0"
"17519","27","Machine Learning and Adaptive Algorithm Module","TID-222","Critical System Service May Be Disabled","OOI","","InC","AvC","0","0","1.7248","1.724799","1","0","0.56","0.56","1.12","2.844799","6.70436","11.057847505","6.70436","11.057847505","0","0","0"
"17553","28","Human Override Control Interface","TID-311","Default Credentials","","CoC","","","0","0","0.416","0.416","1","0.154","0","0","0.154","0.57","1.61701","2.2156128","1.61701","2.2156128","1","1","0"
"17554","28","Human Override Control Interface","TID-313","Unauthenticated Session Changes Credential","","CoC","","","0","0","0.416","0.416","1","0.154","0","0","0.154","0.57","1.61701","2.2156128","1.61701","2.2156128","1","1","0"
"17557","28","Human Override Control Interface","TID-312","Credential Change Mechanism Can Be Abused","","CoC","","","0","0","0.416","0.416","1","0.154","0","0","0.154","0.57","1.61701","2.2156128","1.61701","2.2156128","1","1","0"
"17564","28","Human Override Control Interface","TID-316","Incorrect Certificate Verification Allows Authentication Bypass","","","InC","","0","0","0.416","0.416","1","0","0.56","0","0.56","0.976","1.61701","3.79375104","1.61701","3.79375104","1","1","0"
"17575","28","Human Override Control Interface","TID-330","Cryptographic Timing Side-Channel","","CoC","","","0","0","0.416","0.416","1","0.154","0","0","0.154","0.57","1.61701","2.2156128","1.61701","2.2156128","1","1","0"
"17577","28","Human Override Control Interface","TID-328","Hardcoded Credentials","","CoC","","","0","0","0.416","0.416","1","0.154","0","0","0.154","0.57","1.61701","2.2156128","1.61701","2.2156128","1","1","0"
"17597","3","AIS Interface","TID-404","Remotely Triggerable Deadlock/DoS","OOI","","","AvC","0","0","1.15332","1.1533177","1","0","0","0.56","0.56","1.7133177","4.48299","6.6597344326","4.48299","6.6597344326","1","0","1"
"17598","5","RADAR / ARPA System","TID-404","Remotely Triggerable Deadlock/DoS","OOI","","","AvC","0","0","1.16932","1.1693177","1","0","0","0.56","0.56","1.7293177","4.54518","6.7219270726","4.54518","6.7219270726","1","0","1"
"17601","6","Navigation Data Integration Tool","TID-404","Remotely Triggerable Deadlock/DoS","OOI","","","AvC","0","0","1.4712","1.471204","1","0","0","0.56","0.56","2.031204","5.71863","7.8953711962","5.71863","7.8953711962","1","0","1"
"17602","4","ENC Data Service","TID-404","Remotely Triggerable Deadlock/DoS","OOI","","","AvC","0","0","0.888471","0.88847143","1","0","0","0.22","0.22","1.10847143","3.45352","4.3086727873","3.45352","4.3086727873","1","1","0"
"17603","9","Vessel Traffic Services Interface","TID-404","Remotely Triggerable Deadlock/DoS","OOI","","","AvC","0","0","0.692","0.692","1","0","0","0.22","0.22","0.912","2.68983","3.54498048","2.68983","3.54498048","1","1","0"
"17604","8","RF / VHF / UHF Communication Module","TID-404","Remotely Triggerable Deadlock/DoS","OOI","","","AvC","0","0","0.728","0.728","1","0","0","0.56","0.56","1.288","2.82977","5.00650752","2.82977","5.00650752","1","1","0"
"17605","10","Remote Control Center Communication Interface","TID-404","Remotely Triggerable Deadlock/DoS","OOI","","","AvC","0","0","1.22039","1.220389","1","0","0","0.56","0.56","1.780389","4.7437","6.9204432586","4.7437","6.9204432586","1","0","1"
"17606","11","GMDSS","TID-404","Remotely Triggerable Deadlock/DoS","OOI","","","AvC","0","0","1.07083","1.0708334","1","0","0","1","1","2.0708334","4.16237","8.0494122591","4.16237","8.0494122591","1","0","1"
"17607","16","Engine Control Mechanism","TID-404","Remotely Triggerable Deadlock/DoS","OOI","","","AvC","0","0","1.78834","1.788336","1","0","0","1","1","2.788336","6.95133","10.8383735654","6.95133","10.8383735654","0","0","0"
"17608","26","Vessel Traffic Services Decision Integration","TID-404","Remotely Triggerable Deadlock/DoS","OOI","","","AvC","0","0","0.798429","0.798429","1","0","0","0.22","0.22","1.018429","3.10353","3.9586742602","3.10353","3.9586742602","1","1","0"
"17609","20","Weather Transmission System","TID-404","Remotely Triggerable Deadlock/DoS","OOI","","","AvC","0","0","0.424057","0.4240572","1","0","0","0.22","0.22","0.6440572","1.64833","2.5034760987","1.64833","2.5034760987","1","1","0"
"17611","28","Human Override Control Interface","TID-404","Remotely Triggerable Deadlock/DoS","OOI","","","AvC","0","0","1.20138","1.201376","1","0","0","0.56","0.56","1.761376","4.6698","6.846538967","4.6698","6.846538967","1","0","1"
"17614","29","Internal Data Pipeline / Integration Module","TID-404","Remotely Triggerable Deadlock/DoS","OOI","","","AvC","0","0","1.18884","1.188843","1","0","0","0.56","0.56","1.748843","4.62108","6.7978226947","4.62108","6.7978226947","1","0","1"
"17615","24","Autonomous Decision-Making Engine","TID-404","Remotely Triggerable Deadlock/DoS","OOI","","","AvC","0","0","2.12562","2.125618","1","0","0","0.56","0.56","2.685618","8.26236","10.4391045907","8.26236","10.4391045907","0","0","0"
"17616","27","Machine Learning and Adaptive Algorithm Module","TID-404","Remotely Triggerable Deadlock/DoS","OOI","","","AvC","0","0","1.7248","1.724799","1","0","0","0.56","0.56","2.284799","6.70436","8.881105105","6.70436","8.881105105","0","0","0"
"17617","34","Collision Avoidance System","TID-404","Remotely Triggerable Deadlock/DoS","OOI","","","AvC","0","0","2.09033","2.090329","1","0","0","1","1","3.090329","8.12519","12.0122324362","8.12519","12.0122324362","0","0","0"
"17618","3","AIS Interface","TID-405","Network Stack Resource Exhaustion","","","","AvC","0","0","0.0484849","0.04848488","1","0","0","0.56","0.56","0.60848488","0.137467","1.725206756","0.137467","1.725206756","1","1","0"
"17619","5","RADAR / ARPA System","TID-405","Network Stack Resource Exhaustion","","","","AvC","0","0","0.0484849","0.04848488","1","0","0","0.56","0.56","0.60848488","0.137467","1.725206756","0.137467","1.725206756","1","1","0"
"17620","4","ENC Data Service","TID-405","Network Stack Resource Exhaustion","","","","AvC","0","0","0.0242424","0.0242424","1","0","0","0.22","0.22","0.2442424","0.0687333","0.6924882646","0.0687333","0.6924882646","1","1","0"
"17621","35","Navigation Support and Situational Awareness Module","TID-404","Remotely Triggerable Deadlock/DoS","OOI","","","AvC","0","0","1.4994","1.499399","1","0","0","0.56","0.56","2.059399","5.82822","8.004966289","5.82822","8.004966289","1","0","1"
"17622","8","RF / VHF / UHF Communication Module","TID-405","Network Stack Resource Exhaustion","","","","AvC","0","0","0.0242424","0.0242424","1","0","0","0.56","0.56","0.5842424","0.0687333","1.6564732646","0.0687333","1.6564732646","1","1","0"
"17623","30","Target Model","TID-404","Remotely Triggerable Deadlock/DoS","OOI","","","AvC","0","0","1.42691","1.426913","1","0","0","0.56","0.56","1.986913","5.54647","7.7232103075","5.54647","7.7232103075","1","0","1"
"17624","11","GMDSS","TID-405","Network Stack Resource Exhaustion","","","","AvC","0","0","0.0242424","0.0242424","1","0","0","1","1","1.0242424","0.0687333","2.9039832646","0.0687333","2.9039832646","1","1","0"
"17625","9","Vessel Traffic Services Interface","TID-405","Network Stack Resource Exhaustion","","","","AvC","0","0","0.024","0.024","1","0","0","0.22","0.22","0.244","0.068046","0.691801","0.034023","0.3459005","1","1","0"
"17626","6","Navigation Data Integration Tool","TID-405","Network Stack Resource Exhaustion","","","","AvC","0","0","0.0242424","0.0242424","1","0","0","0.56","0.56","0.5842424","0.0687333","1.6564732646","0.0687333","1.6564732646","1","1","0"
"17627","26","Vessel Traffic Services Decision Integration","TID-405","Network Stack Resource Exhaustion","","","","AvC","0","0","0.0242424","0.0242424","1","0","0","0.22","0.22","0.2442424","0.0687333","0.6924882646","0.0687333","0.6924882646","1","1","0"
"17628","10","Remote Control Center Communication Interface","TID-405","Network Stack Resource Exhaustion","","","","AvC","0","0","0.0242424","0.0242424","1","0","0","0.56","0.56","0.5842424","0.0687333","1.6564732646","0.0343666","0.8282366323","1","1","0"
"17629","16","Engine Control Mechanism","TID-405","Network Stack Resource Exhaustion","","","","AvC","0","0","0.0484849","0.04848488","1","0","0","1","1","1.04848488","0.137467","2.972716756","0.137467","2.972716756","1","1","0"
"17630","20","Weather Transmission System","TID-405","Network Stack Resource Exhaustion","","","","AvC","0","0","0.0242424","0.0242424","1","0","0","0.22","0.22","0.2442424","0.0687333","0.6924882646","0.0343666","0.3462441323","1","1","0"
"17631","33","Autonomous Navigation Decision Module","TID-404","Remotely Triggerable Deadlock/DoS","OOI","","","AvC","0","0","2.625","2.625","1","0","0","0.56","0.56","3.185","10.2035","12.3802224","2.55087","3.0950556","1","1","0"
"17632","29","Internal Data Pipeline / Integration Module","TID-405","Network Stack Resource Exhaustion","","","","AvC","0","0","0.0484849","0.04848488","1","0","0","0.56","0.56","0.60848488","0.137467","1.725206756","0.137467","1.725206756","1","1","0"
"17633","32","Data Integration and Analysis Module","TID-404","Remotely Triggerable Deadlock/DoS","OOI","","","AvC","0","0","2.27088","2.270881","1","0","0","0.56","0.56","2.830881","8.82701","11.0037476822","8.82701","11.0037476822","0","0","0"
"17634","28","Human Override Control Interface","TID-405","Network Stack Resource Exhaustion","","","","AvC","0","0","0.0242424","0.0242424","1","0","0","0.56","0.56","0.5842424","0.0687333","1.6564732646","0.0687333","1.6564732646","1","1","0"
"17635","34","Collision Avoidance System","TID-405","Network Stack Resource Exhaustion","","","","AvC","0","0","0.0484849","0.04848488","1","0","0","1","1","1.04848488","0.137467","2.972716756","0.0687334","1.486358378","1","1","0"
"17636","27","Machine Learning and Adaptive Algorithm Module","TID-405","Network Stack Resource Exhaustion","","","","AvC","0","0","0.0969696","0.0969696","1","0","0","0.56","0.56","0.6569696","0.274933","1.8626730584","0.274933","1.8626730584","1","1","0"
"17637","30","Target Model","TID-405","Network Stack Resource Exhaustion","","","","AvC","0","0","0.0242424","0.0242424","1","0","0","0.56","0.56","0.5842424","0.0687333","1.6564732646","0.0687333","1.6564732646","1","1","0"
"17639","24","Autonomous Decision-Making Engine","TID-405","Network Stack Resource Exhaustion","","","","AvC","0","0","0.0484849","0.04848488","1","0","0","0.56","0.56","0.60848488","0.137467","1.725206756","0.137467","1.725206756","1","1","0"
"17640","35","Navigation Support and Situational Awareness Module","TID-405","Network Stack Resource Exhaustion","","","","AvC","0","0","0.0242424","0.0242424","1","0","0","0.56","0.56","0.5842424","0.0687333","1.6564732646","0.0343666","0.8282366323","1","1","0"
"17643","32","Data Integration and Analysis Module","TID-405","Network Stack Resource Exhaustion","","","","AvC","0","0","0.0242424","0.0242424","1","0","0","0.56","0.56","0.5842424","0.0687333","1.6564732646","0.0343666","0.8282366323","1","1","0"
"17655","33","Autonomous Navigation Decision Module","TID-405","Network Stack Resource Exhaustion","","","","AvC","0","0","0.0242424","0.0242424","1","0","0","0.56","0.56","0.5842424","0.0687333","1.6564732646","0.0171833","0.4141183161","1","1","0"
"17690","4","ENC Data Service","TID-408","Unencrypted Sensitive Data Communication","","","InC","","0","0","0.336","0.336","1","0","1","0","1","1.336","0.952644","3.787894","0.952644","3.787894","1","1","0"
"17691","2","GNSS / GPS Receiver","TID-408","Unencrypted Sensitive Data Communication","","","InC","","0","0","0.408","0.408","1","0","1","0","1","1.408","1.15678","3.992032","1.15678","3.992032","1","1","0"
"17692","3","AIS Interface","TID-408","Unencrypted Sensitive Data Communication","","","InC","","0","0","0.424","0.424","1","0","1","0","1","1.424","1.20215","4.037396","1.20215","4.037396","1","1","0"
"17693","8","RF / VHF / UHF Communication Module","TID-408","Unencrypted Sensitive Data Communication","","","InC","","0","0","0.328","0.328","1","0","0.56","0","0.56","0.888","0.929962","2.517702","0.929962","2.517702","1","1","0"
"17694","6","Navigation Data Integration Tool","TID-408","Unencrypted Sensitive Data Communication","","","InC","","0","0","0.512","0.512","1","0","1","0","1","1.512","1.45165","4.286898","1.45165","4.286898","1","1","0"
"17695","5","RADAR / ARPA System","TID-408","Unencrypted Sensitive Data Communication","","","InC","","0","0","0.44","0.44","1","0","1","0","1","1.44","1.24751","4.08276","1.24751","4.08276","1","1","0"
"17696","7","Satellite Communication System","TID-408","Unencrypted Sensitive Data Communication","","","InC","","0","0","0.392","0.392","1","0","0.56","0","0.56","0.952","1.11142","2.699158","1.11142","2.699158","1","1","0"
"17697","9","Vessel Traffic Services Interface","TID-408","Unencrypted Sensitive Data Communication","","","InC","","0","0","0.232","0.232","1","0","0.56","0","0.56","0.792","0.657778","2.245518","0.657778","2.245518","1","1","0"
"17700","10","Remote Control Center Communication Interface","TID-408","Unencrypted Sensitive Data Communication","","","InC","","0","0","0.416","0.416","1","0","1","0","1","1.416","1.17946","4.014714","1.17946","4.014714","1","1","0"
"17702","12","Controllable Pitch Propeller","TID-408","Unencrypted Sensitive Data Communication","","","InC","","0","0","0.44","0.44","1","0","1","0","1","1.44","1.24751","4.08276","1.24751","4.08276","1","1","0"
"17704","11","GMDSS","TID-408","Unencrypted Sensitive Data Communication","","","InC","","0","0","0.392","0.392","1","0","0.56","0","0.56","0.952","1.11142","2.699158","1.11142","2.699158","1","1","0"
"17705","13","Rudder Angle Indicator","TID-408","Unencrypted Sensitive Data Communication","","","InC","","0","0","0.152","0.152","1","0","0.56","0","0.56","0.712","0.430958","2.018698","0.430958","2.018698","1","1","0"
"17706","14","Electric / Hybrid Propulsion System","TID-408","Unencrypted Sensitive Data Communication","","","InC","","0","0","0.536","0.536","1","0","1","0","1","1.536","1.51969","4.354944","1.51969","4.354944","1","1","0"
"17707","15","Steering Gear System","TID-408","Unencrypted Sensitive Data Communication","","","InC","","0","0","0.528","0.528","1","0","1","0","1","1.528","1.49701","4.332262","1.49701","4.332262","1","1","0"
"17708","16","Engine Control Mechanism","TID-408","Unencrypted Sensitive Data Communication","","","InC","","0","0","0.576","0.576","1","0","1","0","1","1.576","1.6331","4.468354","1.6331","4.468354","1","1","0"
"17709","17","LiDAR","TID-408","Unencrypted Sensitive Data Communication","","","InC","","0","0","0.16","0.16","1","0","0.56","0","0.56","0.72","0.45364","2.04138","0.45364","2.04138","1","1","0"
"17710","18","Sonar","TID-408","Unencrypted Sensitive Data Communication","","","InC","","0","0","0.208","0.208","1","0","0.56","0","0.56","0.768","0.589732","2.177472","0.589732","2.177472","1","1","0"
"17711","19","Infrared Camera System","TID-408","Unencrypted Sensitive Data Communication","","","InC","","0","0","0.208","0.208","1","0","0.56","0","0.56","0.768","0.589732","2.177472","0.589732","2.177472","1","1","0"
"17712","20","Weather Transmission System","TID-408","Unencrypted Sensitive Data Communication","","","InC","","0","0","0.112","0.112","1","0","0.56","0","0.56","0.672","0.317548","1.905288","0.317548","1.905288","1","1","0"
"17713","21","Echo Sounder","TID-408","Unencrypted Sensitive Data Communication","","","InC","","0","0","0.2","0.2","1","0","0.56","0","0.56","0.76","0.56705","2.15479","0.56705","2.15479","1","1","0"
"17714","26","Vessel Traffic Services Decision Integration","TID-408","Unencrypted Sensitive Data Communication","","","InC","","0","0","0.288","0.288","1","0","0.56","0","0.56","0.848","0.816552","2.404292","0.816552","2.404292","1","1","0"
"17715","22","Gyroscope Compass","TID-408","Unencrypted Sensitive Data Communication","","","InC","","0","0","0.168","0.168","1","0","0.56","0","0.56","0.728","0.476322","2.064062","0.476322","2.064062","1","1","0"
"17716","23","Heading and Speed Sensor","TID-408","Unencrypted Sensitive Data Communication","","","InC","","0","0","0.16","0.16","1","0","0.56","0","0.56","0.72","0.45364","2.04138","0.45364","2.04138","1","1","0"
"17717","29","Internal Data Pipeline / Integration Module","TID-408","Unencrypted Sensitive Data Communication","","","InC","","0","0","0.424","0.424","1","0","1","0","1","1.424","1.20215","4.037396","1.20215","4.037396","1","1","0"
"17718","25","Feedback Control Module","TID-408","Unencrypted Sensitive Data Communication","","","InC","","0","0","0.36","0.36","1","0","0.56","0","0.56","0.92","1.02069","2.60843","1.02069","2.60843","1","1","0"
"17720","34","Collision Avoidance System","TID-408","Unencrypted Sensitive Data Communication","","","InC","","0","0","0.712","0.712","1","0","1","0","1","1.712","2.0187","4.853948","2.0187","4.853948","1","1","0"
"17721","35","Navigation Support and Situational Awareness Module","TID-408","Unencrypted Sensitive Data Communication","","","InC","","0","0","0.536","0.536","1","0","1","0","1","1.536","1.51969","4.354944","1.51969","4.354944","1","1","0"
"17730","24","Autonomous Decision-Making Engine","TID-408","Unencrypted Sensitive Data Communication","","","InC","","0","0","0.704","0.704","1","0","0.56","0","0.56","1.264","1.99602","3.583756","1.99602","3.583756","1","1","0"
"17731","32","Data Integration and Analysis Module","TID-408","Unencrypted Sensitive Data Communication","","","InC","","0","0","0.704","0.704","1","0","1","0","1","1.704","1.99602","4.831266","1.99602","4.831266","1","1","0"
"17732","27","Machine Learning and Adaptive Algorithm Module","TID-408","Unencrypted Sensitive Data Communication","","","InC","","0","0","0.56","0.56","1","0","0.56","0","0.56","1.12","1.58774","3.17548","1.58774","3.17548","1","1","0"
"17733","30","Target Model","TID-408","Unencrypted Sensitive Data Communication","","","InC","","0","0","0.512","0.512","1","0","1","0","1","1.512","1.45165","4.286898","1.45165","4.286898","1","1","0"
"17734","33","Autonomous Navigation Decision Module","TID-408","Unencrypted Sensitive Data Communication","","","InC","","0","0","0.8","0.8","1","0","1","0","1","1.8","2.2682","5.10345","2.2682","5.10345","1","1","0"
"17737","2","GNSS / GPS Receiver","EUVD-2024-1860","Credential Access","","CoC","","","0","0","0.0242424","0.0242424","1","0.392","0","0","0.392","0.4162424","0.000179039","0.0030741083","0.000179039","0.0030741083","1","1","0"
"17738","2","GNSS / GPS Receiver","EUVD-2024-1860","Exfiltration","","CoC","","","0","0","0.464242","0.4642424","1","0.392","0","0","0.392","0.8562424","0.00342861","0.0063236755","0.00342861","0.0063236755","1","1","0"
"17739","2","GNSS / GPS Receiver","EUVD-2024-1860","Loss of Control","I2CF","","","","1","0","1.82747","1.82747143","1","0","0","0","0","1.82747143","0.0134966","0.0134965709","0.0134966","0.0134965709","1","1","0"
"17741","2","GNSS / GPS Receiver","EUVD-2024-1860","Credential Access","","CoC","","","0","0","0.0242424","0.0242424","1","0.392","0","0","0.392","0.4162424","0.000179039","0.0030741083","0.000179039","0.0030741083","1","1","0"
"17742","2","GNSS / GPS Receiver","EUVD-2024-1860","Exfiltration","","CoC","","","0","0","0.464242","0.4642424","1","0.392","0","0","0.392","0.8562424","0.00342861","0.0063236755","0.00342861","0.0063236755","1","1","0"
"17743","2","GNSS / GPS Receiver","EUVD-2024-1860","Loss of Control","I2CF","","","","1","0","1.82747","1.82747143","1","0","0","0","0","1.82747143","0.0134966","0.0134965709","0.0134966","0.0134965709","1","1","0"
"17745","2","GNSS / GPS Receiver","EUVD-2024-1860","Credential Access","","CoC","","","0","0","0.0242424","0.0242424","1","0.392","0","0","0.392","0.4162424","0.000179039","0.0030741083","0.000179039","0.0030741083","1","1","0"
"17746","2","GNSS / GPS Receiver","EUVD-2024-1860","Exfiltration","","CoC","","","0","0","0.464242","0.4642424","1","0.392","0","0","0.392","0.8562424","0.00342861","0.0063236755","0.00342861","0.0063236755","1","1","0"
"17747","2","GNSS / GPS Receiver","EUVD-2024-1860","Loss of Control","I2CF","","","","1","0","1.82747","1.82747143","1","0","0","0","0","1.82747143","0.0134966","0.0134965709","0.0134966","0.0134965709","1","1","0"
"17749","2","GNSS / GPS Receiver","EUVD-2024-1860","Credential Access","","CoC","","","0","0","0.0242424","0.0242424","1","0.392","0","0","0.392","0.4162424","0.000179039","0.0030741083","0.000179039","0.0030741083","1","1","0"
"17750","2","GNSS / GPS Receiver","EUVD-2024-1860","Exfiltration","","CoC","","","0","0","0.464242","0.4642424","1","0.392","0","0","0.392","0.8562424","0.00342861","0.0063236755","0.00342861","0.0063236755","1","1","0"
"17751","2","GNSS / GPS Receiver","EUVD-2024-1860","Loss of Control","I2CF","","","","1","0","1.82747","1.82747143","1","0","0","0","0","1.82747143","0.0134966","0.0134965709","0.0134966","0.0134965709","1","1","0"
"17753","2","GNSS / GPS Receiver","EUVD-2024-1860","Credential Access","","CoC","","","0","0","0.0242424","0.0242424","1","0.392","0","0","0.392","0.4162424","0.000179039","0.0030741083","0.000179039","0.0030741083","1","1","0"
"17754","2","GNSS / GPS Receiver","EUVD-2024-1860","Exfiltration","","CoC","","","0","0","0.464242","0.4642424","1","0.392","0","0","0.392","0.8562424","0.00342861","0.0063236755","0.00342861","0.0063236755","1","1","0"
"17755","2","GNSS / GPS Receiver","EUVD-2024-1860","Loss of Control","I2CF","","","","1","0","1.82747","1.82747143","1","0","0","0","0","1.82747143","0.0134966","0.0134965709","0.0134966","0.0134965709","1","1","0"
"17757","2","GNSS / GPS Receiver","EUVD-2024-1860","Credential Access","","CoC","","","0","0","0.0242424","0.0242424","1","0.392","0","0","0.392","0.4162424","0.000179039","0.0030741083","0.000179039","0.0030741083","1","1","0"
"17758","2","GNSS / GPS Receiver","EUVD-2024-1860","Exfiltration","","CoC","","","0","0","0.464242","0.4642424","1","0.392","0","0","0.392","0.8562424","0.00342861","0.0063236755","0.00342861","0.0063236755","1","1","0"
"17759","2","GNSS / GPS Receiver","EUVD-2024-1860","Loss of Control","I2CF","","","","1","0","1.82747","1.82747143","1","0","0","0","0","1.82747143","0.0134966","0.0134965709","0.0134966","0.0134965709","1","1","0"
"17761","2","GNSS / GPS Receiver","EUVD-2024-1860","Credential Access","","CoC","","","0","0","0.0242424","0.0242424","1","0.392","0","0","0.392","0.4162424","0.000179039","0.0030741083","0.000179039","0.0030741083","1","1","0"
"17762","2","GNSS / GPS Receiver","EUVD-2024-1860","Exfiltration","","CoC","","","0","0","0.464242","0.4642424","1","0.392","0","0","0.392","0.8562424","0.00342861","0.0063236755","0.00342861","0.0063236755","1","1","0"
"17763","2","GNSS / GPS Receiver","EUVD-2024-1860","Loss of Control","I2CF","","","","1","0","1.82747","1.82747143","1","0","0","0","0","1.82747143","0.0134966","0.0134965709","0.0134966","0.0134965709","1","1","0"
"17765","2","GNSS / GPS Receiver","EUVD-2024-1860","Credential Access","","CoC","","","0","0","0.0242424","0.0242424","1","0.392","0","0","0.392","0.4162424","0.000179039","0.0030741083","0.000179039","0.0030741083","1","1","0"
"17766","2","GNSS / GPS Receiver","EUVD-2024-1860","Exfiltration","","CoC","","","0","0","0.464242","0.4642424","1","0.392","0","0","0.392","0.8562424","0.00342861","0.0063236755","0.00342861","0.0063236755","1","1","0"
"17767","2","GNSS / GPS Receiver","EUVD-2024-1860","Loss of Control","I2CF","","","","1","0","1.82747","1.82747143","1","0","0","0","0","1.82747143","0.0134966","0.0134965709","0.0134966","0.0134965709","1","1","0"
"17769","2","GNSS / GPS Receiver","EUVD-2024-1860","Credential Access","","CoC","","","0","0","0.0242424","0.0242424","1","0.392","0","0","0.392","0.4162424","0.000179039","0.0030741083","0.000179039","0.0030741083","1","1","0"
"17770","2","GNSS / GPS Receiver","EUVD-2024-1860","Exfiltration","","CoC","","","0","0","0.464242","0.4642424","1","0.392","0","0","0.392","0.8562424","0.00342861","0.0063236755","0.00342861","0.0063236755","1","1","0"
"17771","2","GNSS / GPS Receiver","EUVD-2024-1860","Loss of Control","I2CF","","","","1","0","1.82747","1.82747143","1","0","0","0","0","1.82747143","0.0134966","0.0134965709","0.0134966","0.0134965709","1","1","0"
"17773","2","GNSS / GPS Receiver","EUVD-2024-1860","Credential Access","","CoC","","","0","0","0.0242424","0.0242424","1","0.392","0","0","0.392","0.4162424","0.000179039","0.0030741083","0.000179039","0.0030741083","1","1","0"
"17774","2","GNSS / GPS Receiver","EUVD-2024-1860","Exfiltration","","CoC","","","0","0","0.464242","0.4642424","1","0.392","0","0","0.392","0.8562424","0.00342861","0.0063236755","0.00342861","0.0063236755","1","1","0"
"17775","2","GNSS / GPS Receiver","EUVD-2024-1860","Loss of Control","I2CF","","","","1","0","1.82747","1.82747143","1","0","0","0","0","1.82747143","0.0134966","0.0134965709","0.0134966","0.0134965709","1","1","0"
"17777","2","GNSS / GPS Receiver","EUVD-2024-1860","Credential Access","","CoC","","","0","0","0.0242424","0.0242424","1","0.392","0","0","0.392","0.4162424","0.000179039","0.0030741083","0.000179039","0.0030741083","1","1","0"
"17778","2","GNSS / GPS Receiver","EUVD-2024-1860","Exfiltration","","CoC","","","0","0","0.464242","0.4642424","1","0.392","0","0","0.392","0.8562424","0.00342861","0.0063236755","0.00342861","0.0063236755","1","1","0"
"17779","2","GNSS / GPS Receiver","EUVD-2024-1860","Loss of Control","I2CF","","","","1","0","1.82747","1.82747143","1","0","0","0","0","1.82747143","0.0134966","0.0134965709","0.0134966","0.0134965709","1","1","0"
"17781","2","GNSS / GPS Receiver","EUVD-2024-1860","Credential Access","","CoC","","","0","0","0.0242424","0.0242424","1","0.392","0","0","0.392","0.4162424","0.000179039","0.0030741083","0.000179039","0.0030741083","1","1","0"
"17782","2","GNSS / GPS Receiver","EUVD-2024-1860","Exfiltration","","CoC","","","0","0","0.464242","0.4642424","1","0.392","0","0","0.392","0.8562424","0.00342861","0.0063236755","0.00342861","0.0063236755","1","1","0"
"17783","2","GNSS / GPS Receiver","EUVD-2024-1860","Loss of Control","I2CF","","","","1","0","1.82747","1.82747143","1","0","0","0","0","1.82747143","0.0134966","0.0134965709","0.0134966","0.0134965709","1","1","0"
"17785","2","GNSS / GPS Receiver","EUVD-2024-1860","Credential Access","","CoC","","","0","0","0.0242424","0.0242424","1","0.392","0","0","0.392","0.4162424","0.000179039","0.0030741083","0.000179039","0.0030741083","1","1","0"
"17786","2","GNSS / GPS Receiver","EUVD-2024-1860","Exfiltration","","CoC","","","0","0","0.464242","0.4642424","1","0.392","0","0","0.392","0.8562424","0.00342861","0.0063236755","0.00342861","0.0063236755","1","1","0"
"17787","2","GNSS / GPS Receiver","EUVD-2024-1860","Loss of Control","I2CF","","","","1","0","1.82747","1.82747143","1","0","0","0","0","1.82747143","0.0134966","0.0134965709","0.0134966","0.0134965709","1","1","0"
"17789","2","GNSS / GPS Receiver","EUVD-2024-1860","Credential Access","","CoC","","","0","0","0.0242424","0.0242424","1","0.392","0","0","0.392","0.4162424","0.000179039","0.0030741083","0.000179039","0.0030741083","1","1","0"
"17790","2","GNSS / GPS Receiver","EUVD-2024-1860","Exfiltration","","CoC","","","0","0","0.464242","0.4642424","1","0.392","0","0","0.392","0.8562424","0.00342861","0.0063236755","0.00342861","0.0063236755","1","1","0"
"17791","2","GNSS / GPS Receiver","EUVD-2024-1860","Loss of Control","I2CF","","","","1","0","1.82747","1.82747143","1","0","0","0","0","1.82747143","0.0134966","0.0134965709","0.0134966","0.0134965709","1","1","0"
"17793","2","GNSS / GPS Receiver","EUVD-2024-1860","Credential Access","","CoC","","","0","0","0.0242424","0.0242424","1","0.392","0","0","0.392","0.4162424","0.000179039","0.0030741083","0.000179039","0.0030741083","1","1","0"
"17794","2","GNSS / GPS Receiver","EUVD-2024-1860","Exfiltration","","CoC","","","0","0","0.464242","0.4642424","1","0.392","0","0","0.392","0.8562424","0.00342861","0.0063236755","0.00342861","0.0063236755","1","1","0"
"17795","2","GNSS / GPS Receiver","EUVD-2024-1860","Loss of Control","I2CF","","","","1","0","1.82747","1.82747143","1","0","0","0","0","1.82747143","0.0134966","0.0134965709","0.0134966","0.0134965709","1","1","0"
