"record_id","component_id","component_name","identifier","consequence","operational_metric","confidentiality_metric","integrity_metric","availability_metric","uses_i2cf","uses_i2mf","stored_impact","implementation_impact_recomputed","implementation_matches_stored","omitted_confidentiality_contribution","omitted_integrity_contribution","omitted_availability_contribution","total_omitted_cia_contribution","full_formula_impact","stored_unmitigated_risk","full_formula_unmitigated_risk","stored_residual_risk","full_formula_residual_risk","stored_tolerable","full_formula_tolerable","tolerability_changed"
"16284","12","Controllable Pitch Propeller","T0803","Inhibit Response Function","OOI","","","","0","0","2.6151","2.615096","1","0","0","0","0","2.615096","3.75849","3.7584944241","3.75849","3.7584944241","1","1","0"
"16285","13","Rudder Angle Indicator","T0803","Inhibit Response Function","OOI","","","","0","0","0.980264","0.98026446","1","0","0","0","0","0.98026446","1.40887","1.4088654898","1.40887","1.4088654898","1","1","0"
"16286","2","GNSS / GPS Receiver","T0803","Inhibit Response Function","OOI","","","","0","0","1.82747","1.82747143","1","0","0","0","0","1.82747143","2.6265","2.6264967633","2.6265","2.6264967633","1","1","0"
"16287","14","Electric / Hybrid Propulsion System","T0803","Inhibit Response Function","OOI","","","","0","0","2.6151","2.615096","1","0","0","0","0","2.615096","3.75849","3.7584944241","3.75849","3.7584944241","1","1","0"
"16288","3","AIS Interface","T0803","Inhibit Response Function","OOI","","","","0","0","1.87932","1.8793177","1","0","0","0","0","1.8793177","2.70101","2.701011778","2.70101","2.701011778","1","1","0"
"16289","17","LiDAR","T0803","Inhibit Response Function","OOI","","","","0","0","1.01206","1.0120572","1","0","0","0","0","1.0120572","1.45456","1.4545589696","1.45456","1.4545589696","1","1","0"
"16290","22","Gyroscope Compass","T0803","Inhibit Response Function","OOI","","","","0","0","1.0447","1.0447048","1","0","0","0","0","1.0447048","1.50148","1.5014810797","1.50148","1.5014810797","1","1","0"
"16291","25","Feedback Control Module","T0803","Inhibit Response Function","OOI","","","","0","0","1.58277","1.5827703","1","0","0","0","0","1.5827703","2.27481","2.2748049583","2.27481","2.2748049583","1","1","0"
"16292","16","Engine Control Mechanism","T0803","Inhibit Response Function","OOI","","","","0","0","2.81234","2.812336","1","0","0","0","0","2.812336","4.04197","4.0419736693","4.04197","4.0419736693","1","1","0"
"16293","19","Infrared Camera System","T0803","Inhibit Response Function","OOI","","","","0","0","1.01206","1.0120572","1","0","0","0","0","1.0120572","1.45456","1.4545589696","1.45456","1.4545589696","1","1","0"
"16294","34","Collision Avoidance System","T0803","Inhibit Response Function","OOI","","","","0","0","2.97833","2.978329","1","0","0","0","0","2.978329","4.28054","4.2805437887","4.28054","4.2805437887","1","1","0"
"16295","15","Steering Gear System","T0803","Inhibit Response Function","OOI","","","","0","0","2.68993","2.689926","1","0","0","0","0","2.689926","3.86604","3.866042345","3.86604","3.866042345","1","1","0"
"16296","20","Weather Transmission System","T0803","Inhibit Response Function","OOI","","","","0","0","0.762057","0.7620572","1","0","0","0","0","0.7620572","1.09525","1.0952514696","1.09525","1.0952514696","1","1","0"
"16297","4","ENC Data Service","T0881","Inhibit Response Function","OOI","","","","0","0","1.45247","1.45247143","1","0","0","0","0","1.45247143","3.65318","3.6531835172","1.82659","1.8265917586","1","1","0"
"16298","7","Satellite Communication System","T0881","Inhibit Response Function","OOI","","","","0","0","1.82883","1.8288334","1","0","0","0","0","1.8288334","4.59979","4.599790326","2.2999","2.299895163","1","1","0"
"16299","21","Echo Sounder","T0803","Inhibit Response Function","OOI","","","","0","0","0.985","0.985","1","0","0","0","0","0.985","1.41567","1.41567155","1.41567","1.41567155","1","1","0"
"16300","18","Sonar","T0803","Inhibit Response Function","OOI","","","","0","0","1.01206","1.0120572","1","0","0","0","0","1.0120572","1.45456","1.4545589696","1.45456","1.4545589696","1","1","0"
"16301","8","RF / VHF / UHF Communication Module","T0881","Inhibit Response Function","OOI","","","","0","0","1.1","1.1","1","0","0","0","0","1.1","2.76666","2.766665","1.38333","1.3833325","1","1","0"
"16302","6","Navigation Data Integration Tool","T0881","Inhibit Response Function","OOI","","","","0","0","2.1092","2.109204","1","0","0","0","0","2.109204","5.30496","5.3049644406","2.65248","2.6524822203","1","1","0"
"16303","5","RADAR / ARPA System","T0803","Inhibit Response Function","OOI","","","","0","0","1.87932","1.8793177","1","0","0","0","0","1.8793177","2.70101","2.701011778","2.70101","2.701011778","1","1","0"
"16304","28","Human Override Control Interface","T0803","Inhibit Response Function","OOI","","","","0","0","2.18538","2.185376","1","0","0","0","0","2.185376","3.14089","3.1408879485","3.14089","3.1408879485","1","1","0"
"16305","23","Heading and Speed Sensor","T0803","Inhibit Response Function","OOI","","","","0","0","0.999005","0.9990051","1","0","0","0","0","0.9990051","1.4358","1.4358000999","1.4358","1.4358000999","1","1","0"
"16306","9","Vessel Traffic Services Interface","T0881","Inhibit Response Function","OOI","","","","0","0","1.16","1.16","1","0","0","0","0","1.16","2.91757","2.917574","1.45879","1.458787","1","1","0"
"16307","10","Remote Control Center Communication Interface","T0881","Inhibit Response Function","OOI","","","","0","0","1.95439","1.954389","1","0","0","0","0","1.954389","4.91558","4.9155814934","2.45779","2.4577907467","1","1","0"
"16308","14","Electric / Hybrid Propulsion System","T0881","Inhibit Response Function","OOI","","","","0","0","2.6151","2.615096","1","0","0","0","0","2.615096","6.57736","6.5773587044","6.57736","6.5773587044","0","0","0"
"16309","11","GMDSS","T0881","Inhibit Response Function","OOI","","","","0","0","2.07883","2.0788334","1","0","0","0","0","2.0788334","5.22858","5.228577826","2.61429","2.614288913","1","1","0"
"16310","12","Controllable Pitch Propeller","T0881","Inhibit Response Function","OOI","","","","0","0","2.6151","2.615096","1","0","0","0","0","2.615096","6.57736","6.5773587044","6.57736","6.5773587044","0","0","0"
"16311","16","Engine Control Mechanism","T0881","Inhibit Response Function","OOI","","","","0","0","2.81234","2.812336","1","0","0","0","0","2.812336","7.07345","7.0734468904","3.53672","3.5367234452","1","1","0"
"16312","25","Feedback Control Module","T0881","Inhibit Response Function","OOI","","","","0","0","1.58277","1.5827703","1","0","0","0","0","1.5827703","3.9809","3.98090472","3.9809","3.98090472","1","1","0"
"16313","15","Steering Gear System","T0881","Inhibit Response Function","OOI","","","","0","0","2.68993","2.689926","1","0","0","0","0","2.689926","6.76557","6.7655673789","6.76557","6.7655673789","0","0","0"
"16314","34","Collision Avoidance System","T0881","Inhibit Response Function","OOI","","","","0","0","2.97833","2.978329","1","0","0","0","0","2.978329","7.49094","7.4909441844","7.49094","7.4909441844","0","0","0"
"16315","26","Vessel Traffic Services Decision Integration","T0881","Inhibit Response Function","OOI","","","","0","0","1.21043","1.210429","1","0","0","0","0","1.210429","3.04441","3.0444104994","1.52221","1.5222052497","1","1","0"
"16316","28","Human Override Control Interface","T0881","Inhibit Response Function","OOI","","","","0","0","2.18538","2.185376","1","0","0","0","0","2.185376","5.49655","5.4965484464","2.74827","2.7482742232","1","1","0"
"16317","29","Internal Data Pipeline / Integration Module","T0881","Inhibit Response Function","OOI","","","","0","0","1.91484","1.914843","1","0","0","0","0","1.914843","4.81612","4.8161173714","2.40806","2.4080586857","1","1","0"
"16318","12","Controllable Pitch Propeller","T0821","Execution","OOI","","InC","","0","0","1.6151","1.615096","1","0","1","0","1","2.615096","2.32126","3.7584944241","0.580316","0.939623606","1","1","0"
"16319","34","Collision Avoidance System","T0821","Execution","OOI","","InC","","0","0","2.02681","2.02681388","1","0","1","0","1","3.02681388","2.913","4.3502277128","2.913","4.3502277128","1","1","0"
"16320","35","Navigation Support and Situational Awareness Module","T0881","Inhibit Response Function","OOI","","","","0","0","2.1134","2.113399","1","0","0","0","0","2.113399","5.31552","5.3155154949","5.31552","5.3155154949","1","1","0"
"16321","16","Engine Control Mechanism","T0821","Execution","OOI","","InC","","0","0","1.86082","1.86082088","1","0","1","0","1","2.86082088","2.67443","4.1116575934","0.668607","1.0279143983","1","1","0"
"16322","16","Engine Control Mechanism","T0836","Impair Process Control","I2CF","","","","1","0","2.81234","2.812336","1","0","0","0","0","2.812336","6.24668","6.2466763531","1.56167","1.5616690883","1","1","0"
"16323","15","Steering Gear System","T0821","Execution","OOI","","InC","","0","0","1.68993","1.689926","1","0","1","0","1","2.689926","2.42881","3.866042345","0.607203","0.9665105862","1","1","0"
"16324","2","GNSS / GPS Receiver","T0887","Discovery","","CoC","","","0","0","0.0242424","0.0242424","1","0.392","0","0","0.392","0.4162424","0.0942312","1.6179508585","0.0942312","1.6179508585","1","1","0"
"16325","2","GNSS / GPS Receiver","T0887","Collection","","CoC","","","0","0","0.464242","0.4642424","1","0.392","0","0","0.392","0.8562424","1.80453","3.3282484585","1.80453","3.3282484585","1","1","0"
"16326","3","AIS Interface","T0887","Discovery","","CoC","","","0","0","0.0484849","0.04848488","1","0.007","0","0","0.007","0.05548488","0.188463","0.215671948","0.188463","0.215671948","1","1","0"
"16327","3","AIS Interface","T0887","Collection","","CoC","","","0","0","0.488485","0.48848488","1","0.007","0","0","0.007","0.49548488","1.89876","1.925969548","1.89876","1.925969548","1","1","0"
"16328","13","Rudder Angle Indicator","T0887","Discovery","","CoC","","","0","0","0.0242424","0.0242424","1","0.007","0","0","0.007","0.0312424","0.0942312","0.1214404585","0.0942312","0.1214404585","1","1","0"
"16329","13","Rudder Angle Indicator","T0887","Collection","","CoC","","","0","0","0.0322424","0.0322424","1","0.007","0","0","0.007","0.0392424","0.125327","0.1525367785","0.125327","0.1525367785","1","1","0"
"16330","17","LiDAR","T0887","Discovery","","CoC","","","0","0","0.0242424","0.0242424","1","0.007","0","0","0.007","0.0312424","0.0942312","0.1214404585","0.0942312","0.1214404585","1","1","0"
"16331","17","LiDAR","T0887","Collection","","CoC","","","0","0","0.0322424","0.0322424","1","0.007","0","0","0.007","0.0392424","0.125327","0.1525367785","0.125327","0.1525367785","1","1","0"
"16332","5","RADAR / ARPA System","T0887","Discovery","","CoC","","","0","0","0.0484849","0.04848488","1","0.154","0","0","0.154","0.20248488","0.188463","0.787066828","0.188463","0.787066828","1","1","0"
"16333","5","RADAR / ARPA System","T0887","Collection","","CoC","","","0","0","0.576485","0.57648488","1","0.154","0","0","0.154","0.73048488","2.24082","2.839423948","2.24082","2.839423948","1","1","0"
"16334","19","Infrared Camera System","T0887","Discovery","","CoC","","","0","0","0.0242424","0.0242424","1","0.154","0","0","0.154","0.1782424","0.0942312","0.6928353385","0.0942312","0.6928353385","1","1","0"
"16335","19","Infrared Camera System","T0887","Collection","","CoC","","","0","0","0.200242","0.2002424","1","0.154","0","0","0.154","0.3542424","0.77835","1.3769543785","0.77835","1.3769543785","1","1","0"
"16336","20","Weather Transmission System","T0887","Discovery","","CoC","","","0","0","0.0242424","0.0242424","1","0.007","0","0","0.007","0.0312424","0.0942312","0.1214404585","0.0942312","0.1214404585","1","1","0"
"16337","20","Weather Transmission System","T0887","Collection","","CoC","","","0","0","0.0322424","0.0322424","1","0.007","0","0","0.007","0.0392424","0.125327","0.1525367785","0.125327","0.1525367785","1","1","0"
"16338","21","Echo Sounder","T0887","Discovery","","CoC","","","0","0","0.024","0.024","1","0.007","0","0","0.007","0.031","0.093289","0.12049824","0.093289","0.12049824","1","1","0"
"16339","21","Echo Sounder","T0887","Collection","","CoC","","","0","0","0.2","0.2","1","0.007","0","0","0.007","0.207","0.777408","0.80461728","0.777408","0.80461728","1","1","0"
"16340","18","Sonar","T0887","Discovery","","CoC","","","0","0","0.0242424","0.0242424","1","0.007","0","0","0.007","0.0312424","0.0942312","0.1214404585","0.0942312","0.1214404585","1","1","0"
"16341","18","Sonar","T0887","Collection","","CoC","","","0","0","0.200242","0.2002424","1","0.007","0","0","0.007","0.2072424","0.77835","0.8055594985","0.77835","0.8055594985","1","1","0"
"16342","2","GNSS / GPS Receiver","T0800","Inhibit Response Function","OOI","","","","0","0","1.82747","1.82747143","1","0","0","0","0","1.82747143","7.10345","7.1034545473","7.10345","7.1034545473","0","0","0"
"16343","22","Gyroscope Compass","T0887","Discovery","","CoC","","","0","0","0.0484849","0.04848488","1","0.007","0","0","0.007","0.05548488","0.188463","0.215671948","0.188463","0.215671948","1","1","0"
"16344","22","Gyroscope Compass","T0887","Collection","","CoC","","","0","0","0.0564849","0.05648488","1","0.007","0","0","0.007","0.06348488","0.219559","0.246768268","0.219559","0.246768268","1","1","0"
"16345","3","AIS Interface","T0800","Inhibit Response Function","OOI","","","","0","0","1.87932","1.8793177","1","0","0","0","0","1.8793177","7.30498","7.3049830726","3.65249","3.6524915363","1","1","0"
"16346","5","RADAR / ARPA System","T0800","Inhibit Response Function","OOI","","","","0","0","1.87932","1.8793177","1","0","0","0","0","1.8793177","7.30498","7.3049830726","3.65249","3.6524915363","1","1","0"
"16347","23","Heading and Speed Sensor","T0887","Discovery","","CoC","","","0","0","0.0242424","0.0242424","1","0.007","0","0","0.007","0.0312424","0.0942312","0.1214404585","0.0942312","0.1214404585","1","1","0"
"16348","23","Heading and Speed Sensor","T0887","Collection","","CoC","","","0","0","0.0322424","0.0322424","1","0.007","0","0","0.007","0.0392424","0.125327","0.1525367785","0.125327","0.1525367785","1","1","0"
"16349","7","Satellite Communication System","T0800","Inhibit Response Function","OOI","","","","0","0","1.82883","1.8288334","1","0","0","0","0","1.8288334","7.10875","7.1087485791","1.77719","1.7771871448","1","1","0"
"16350","8","RF / VHF / UHF Communication Module","T0800","Inhibit Response Function","OOI","","","","0","0","1.1","1.1","1","0","0","0","0","1.1","4.27574","4.275744","2.13787","2.137872","1","1","0"
"16351","6","Navigation Data Integration Tool","T0800","Inhibit Response Function","OOI","","","","0","0","2.1092","2.109204","1","0","0","0","0","2.109204","8.19856","8.1985603162","4.09928","4.0992801581","1","1","0"
"16352","11","GMDSS","T0800","Inhibit Response Function","OOI","","","","0","0","2.07883","2.0788334","1","0","0","0","0","2.0788334","8.08051","8.0805085791","4.04025","4.0402542896","1","1","0"
"16353","9","Vessel Traffic Services Interface","T0800","Inhibit Response Function","OOI","","","","0","0","1.16","1.16","1","0","0","0","0","1.16","4.50897","4.5089664","1.12724","1.1272416","1","1","0"
"16354","10","Remote Control Center Communication Interface","T0800","Inhibit Response Function","OOI","","","","0","0","1.95439","1.954389","1","0","0","0","0","1.954389","7.59679","7.5967882186","1.8992","1.8991970546","1","1","0"
"16355","13","Rudder Angle Indicator","T0800","Inhibit Response Function","OOI","","","","0","0","0.980264","0.98026446","1","0","0","0","0","0.98026446","3.81033","3.8103271666","3.81033","3.8103271666","1","1","0"
"16356","12","Controllable Pitch Propeller","T0800","Inhibit Response Function","OOI","","","","0","0","2.6151","2.615096","1","0","0","0","0","2.615096","10.165","10.1649827558","2.54125","2.541245689","1","1","0"
"16357","17","LiDAR","T0800","Inhibit Response Function","OOI","","","","0","0","1.01206","1.0120572","1","0","0","0","0","1.0120572","3.93391","3.9339068187","3.93391","3.9339068187","1","1","0"
"16358","16","Engine Control Mechanism","T0800","Inhibit Response Function","OOI","","","","0","0","2.81234","2.812336","1","0","0","0","0","2.812336","10.9317","10.9316625254","2.73292","2.7329156314","1","1","0"
"16359","15","Steering Gear System","T0800","Inhibit Response Function","OOI","","","","0","0","2.68993","2.689926","1","0","0","0","0","2.689926","10.4558","10.455849959","2.61396","2.6139624898","1","1","0"
"16360","18","Sonar","T0800","Inhibit Response Function","OOI","","","","0","0","1.01206","1.0120572","1","0","0","0","0","1.0120572","3.93391","3.9339068187","3.93391","3.9339068187","1","1","0"
"16361","20","Weather Transmission System","T0800","Inhibit Response Function","OOI","","","","0","0","0.762057","0.7620572","1","0","0","0","0","0.7620572","2.96215","2.9621468187","2.96215","2.9621468187","1","1","0"
"16362","19","Infrared Camera System","T0800","Inhibit Response Function","OOI","","","","0","0","1.01206","1.0120572","1","0","0","0","0","1.0120572","3.93391","3.9339068187","3.93391","3.9339068187","1","1","0"
"16363","21","Echo Sounder","T0800","Inhibit Response Function","OOI","","","","0","0","0.985","0.985","1","0","0","0","0","0.985","3.82873","3.8287344","3.82873","3.8287344","1","1","0"
"16364","23","Heading and Speed Sensor","T0800","Inhibit Response Function","OOI","","","","0","0","0.999005","0.9990051","1","0","0","0","0","0.9990051","3.88317","3.8831727839","3.88317","3.8831727839","1","1","0"
"16365","22","Gyroscope Compass","T0800","Inhibit Response Function","OOI","","","","0","0","1.0447","1.0447048","1","0","0","0","0","1.0447048","4.06081","4.0608093458","4.06081","4.0608093458","1","1","0"
"16366","28","Human Override Control Interface","T0800","Inhibit Response Function","OOI","","","","0","0","2.18538","2.185376","1","0","0","0","0","2.185376","8.49464","8.494643927","2.12366","2.1236609818","1","1","0"
"16367","26","Vessel Traffic Services Decision Integration","T0800","Inhibit Response Function","OOI","","","","0","0","1.21043","1.210429","1","0","0","0","0","1.210429","4.70499","4.7049859402","1.17625","1.176246485","1","1","0"
"16368","3","AIS Interface","T0814","Inhibit Response Function","OOI","","","","0","0","1.87932","1.8793177","1","0","0","0","0","1.8793177","4.72677","4.7267659132","4.72677","4.7267659132","1","1","0"
"16369","34","Collision Avoidance System","T0800","Inhibit Response Function","OOI","","","","0","0","2.97833","2.978329","1","0","0","0","0","2.978329","11.5769","11.5768839562","11.5769","11.5768839562","0","0","0"
"16370","29","Internal Data Pipeline / Integration Module","T0800","Inhibit Response Function","OOI","","","","0","0","1.91484","1.914843","1","0","0","0","0","1.914843","7.44307","7.4430713347","3.72154","3.7215356674","1","1","0"
"16371","4","ENC Data Service","T0814","Inhibit Response Function","OOI","","","","0","0","1.45247","1.45247143","1","0","0","0","0","1.45247143","3.65318","3.6531835172","3.65318","3.6531835172","1","1","0"
"16372","2","GNSS / GPS Receiver","T0814","Inhibit Response Function","OOI","","","","0","0","1.82747","1.82747143","1","0","0","0","0","1.82747143","4.59636","4.5963647672","3.44727","3.4472735754","1","1","0"
"16373","5","RADAR / ARPA System","T0814","Inhibit Response Function","OOI","","","","0","0","1.87932","1.8793177","1","0","0","0","0","1.8793177","4.72677","4.7267659132","3.54507","3.5450744349","1","1","0"
"16374","6","Navigation Data Integration Tool","T0814","Inhibit Response Function","OOI","","","","0","0","2.1092","2.109204","1","0","0","0","0","2.109204","5.30496","5.3049644406","5.30496","5.3049644406","1","1","0"
"16375","8","RF / VHF / UHF Communication Module","T0814","Inhibit Response Function","OOI","","","","0","0","1.1","1.1","1","0","0","0","0","1.1","2.76666","2.766665","2.76666","2.766665","1","1","0"
"16376","35","Navigation Support and Situational Awareness Module","T0800","Inhibit Response Function","OOI","","","","0","0","2.1134","2.113399","1","0","0","0","0","2.113399","8.21487","8.214866449","8.21487","8.214866449","0","0","0"
"16377","7","Satellite Communication System","T0814","Inhibit Response Function","OOI","","","","0","0","1.82883","1.8288334","1","0","0","0","0","1.8288334","4.59979","4.599790326","4.59979","4.599790326","1","1","0"
"16378","10","Remote Control Center Communication Interface","T0814","Inhibit Response Function","OOI","","","","0","0","1.95439","1.954389","1","0","0","0","0","1.954389","4.91558","4.9155814934","4.91558","4.9155814934","1","1","0"
"16379","9","Vessel Traffic Services Interface","T0814","Inhibit Response Function","OOI","","","","0","0","1.16","1.16","1","0","0","0","0","1.16","2.91757","2.917574","2.91757","2.917574","1","1","0"
"16380","12","Controllable Pitch Propeller","T0814","Inhibit Response Function","OOI","","","","0","0","2.6151","2.615096","1","0","0","0","0","2.615096","6.57736","6.5773587044","4.93302","4.9330190283","1","1","0"
"16381","13","Rudder Angle Indicator","T0814","Inhibit Response Function","OOI","","","","0","0","0.980264","0.98026446","1","0","0","0","0","0.98026446","2.46551","2.4655121566","2.46551","2.4655121566","1","1","0"
"16382","11","GMDSS","T0814","Inhibit Response Function","OOI","","","","0","0","2.07883","2.0788334","1","0","0","0","0","2.0788334","5.22858","5.228577826","3.92143","3.9214333695","1","1","0"
"16383","14","Electric / Hybrid Propulsion System","T0814","Inhibit Response Function","OOI","","","","0","0","2.6151","2.615096","1","0","0","0","0","2.615096","6.57736","6.5773587044","4.93302","4.9330190283","1","1","0"
"16384","15","Steering Gear System","T0814","Inhibit Response Function","OOI","","","","0","0","2.68993","2.689926","1","0","0","0","0","2.689926","6.76557","6.7655673789","5.07418","5.0741755342","1","1","0"
"16385","17","LiDAR","T0814","Inhibit Response Function","OOI","","","","0","0","1.01206","1.0120572","1","0","0","0","0","1.0120572","2.54548","2.5454756666","1.90911","1.9091067499","1","1","0"
"16386","16","Engine Control Mechanism","T0814","Inhibit Response Function","OOI","","","","0","0","2.81234","2.812336","1","0","0","0","0","2.812336","7.07345","7.0734468904","5.30509","5.3050851678","1","1","0"
"16387","18","Sonar","T0814","Inhibit Response Function","OOI","","","","0","0","1.01206","1.0120572","1","0","0","0","0","1.0120572","2.54548","2.5454756666","1.90911","1.9091067499","1","1","0"
"16388","19","Infrared Camera System","T0814","Inhibit Response Function","OOI","","","","0","0","1.01206","1.0120572","1","0","0","0","0","1.0120572","2.54548","2.5454756666","1.90911","1.9091067499","1","1","0"
"16389","20","Weather Transmission System","T0814","Inhibit Response Function","OOI","","","","0","0","0.762057","0.7620572","1","0","0","0","0","0.7620572","1.91669","1.9166881666","1.91669","1.9166881666","1","1","0"
"16390","21","Echo Sounder","T0814","Inhibit Response Function","OOI","","","","0","0","0.985","0.985","1","0","0","0","0","0.985","2.47742","2.47742275","1.85807","1.8580670625","1","1","0"
"16391","22","Gyroscope Compass","T0814","Inhibit Response Function","OOI","","","","0","0","1.0447","1.0447048","1","0","0","0","0","1.0447048","2.62759","2.6275892777","1.97069","1.9706919583","1","1","0"
"16392","23","Heading and Speed Sensor","T0814","Inhibit Response Function","OOI","","","","0","0","0.999005","0.9990051","1","0","0","0","0","0.9990051","2.51265","2.5126476773","1.88449","1.8844857579","1","1","0"
"16393","28","Human Override Control Interface","T0814","Inhibit Response Function","OOI","","","","0","0","2.18538","2.185376","1","0","0","0","0","2.185376","5.49655","5.4965484464","5.49655","5.4965484464","1","1","0"
"16394","26","Vessel Traffic Services Decision Integration","T0814","Inhibit Response Function","OOI","","","","0","0","1.21043","1.210429","1","0","0","0","0","1.210429","3.04441","3.0444104994","3.04441","3.0444104994","1","1","0"
"16395","29","Internal Data Pipeline / Integration Module","T0814","Inhibit Response Function","OOI","","","","0","0","1.91484","1.914843","1","0","0","0","0","1.914843","4.81612","4.8161173714","4.81612","4.8161173714","1","1","0"
"16396","34","Collision Avoidance System","T0814","Inhibit Response Function","OOI","","","","0","0","2.97833","2.978329","1","0","0","0","0","2.978329","7.49094","7.4909441844","5.61821","5.6182081383","1","1","0"
"16397","2","GNSS / GPS Receiver","T0805","Inhibit Response Function","OOI","","","","0","0","1.82747","1.82747143","1","0","0","0","0","1.82747143","2.6265","2.6264967633","2.6265","2.6264967633","1","1","0"
"16398","25","Feedback Control Module","T0814","Inhibit Response Function","OOI","","","","0","0","1.58277","1.5827703","1","0","0","0","0","1.5827703","3.9809","3.98090472","2.98568","2.98567854","1","1","0"
"16399","35","Navigation Support and Situational Awareness Module","T0814","Inhibit Response Function","OOI","","","","0","0","2.1134","2.113399","1","0","0","0","0","2.113399","5.31552","5.3155154949","5.31552","5.3155154949","1","1","0"
"16400","3","AIS Interface","T0805","Inhibit Response Function","OOI","","","","0","0","1.87932","1.8793177","1","0","0","0","0","1.8793177","2.70101","2.701011778","1.35051","1.350505889","1","1","0"
"16401","6","Navigation Data Integration Tool","T0805","Inhibit Response Function","OOI","","","","0","0","2.1092","2.109204","1","0","0","0","0","2.109204","3.03141","3.0314112649","1.51571","1.5157056325","1","1","0"
"16402","7","Satellite Communication System","T0805","Inhibit Response Function","OOI","","","","0","0","1.82883","1.8288334","1","0","0","0","0","1.8288334","2.62845","2.6284542275","1.31423","1.3142271137","1","1","0"
"16403","9","Vessel Traffic Services Interface","T0805","Inhibit Response Function","OOI","","","","0","0","1.16","1.16","1","0","0","0","0","1.16","1.66719","1.6671868","0.833593","0.8335934","1","1","0"
"16404","8","RF / VHF / UHF Communication Module","T0805","Inhibit Response Function","OOI","","","","0","0","1.1","1.1","1","0","0","0","0","1.1","1.58095","1.580953","0.395238","0.39523825","1","1","0"
"16405","5","RADAR / ARPA System","T0805","Inhibit Response Function","OOI","","","","0","0","1.87932","1.8793177","1","0","0","0","0","1.8793177","2.70101","2.701011778","2.70101","2.701011778","1","1","0"
"16406","10","Remote Control Center Communication Interface","T0805","Inhibit Response Function","OOI","","","","0","0","1.95439","1.954389","1","0","0","0","0","1.954389","2.80891","2.8089065025","1.40445","1.4044532512","1","1","0"
"16407","11","GMDSS","T0805","Inhibit Response Function","OOI","","","","0","0","2.07883","2.0788334","1","0","0","0","0","2.0788334","2.98776","2.9877617275","0.74694","0.7469404319","1","1","0"
"16408","13","Rudder Angle Indicator","T0805","Inhibit Response Function","OOI","","","","0","0","0.980264","0.98026446","1","0","0","0","0","0.98026446","1.40887","1.4088654898","1.40887","1.4088654898","1","1","0"
"16409","12","Controllable Pitch Propeller","T0805","Inhibit Response Function","OOI","","","","0","0","2.6151","2.615096","1","0","0","0","0","2.615096","3.75849","3.7584944241","3.75849","3.7584944241","1","1","0"
"16410","16","Engine Control Mechanism","T0805","Inhibit Response Function","OOI","","","","0","0","2.81234","2.812336","1","0","0","0","0","2.812336","4.04197","4.0419736693","4.04197","4.0419736693","1","1","0"
"16411","14","Electric / Hybrid Propulsion System","T0805","Inhibit Response Function","OOI","","","","0","0","2.6151","2.615096","1","0","0","0","0","2.615096","3.75849","3.7584944241","3.75849","3.7584944241","1","1","0"
"16412","17","LiDAR","T0805","Inhibit Response Function","OOI","","","","0","0","1.01206","1.0120572","1","0","0","0","0","1.0120572","1.45456","1.4545589696","1.45456","1.4545589696","1","1","0"
"16413","15","Steering Gear System","T0805","Inhibit Response Function","OOI","","","","0","0","2.68993","2.689926","1","0","0","0","0","2.689926","3.86604","3.866042345","3.86604","3.866042345","1","1","0"
"16414","18","Sonar","T0805","Inhibit Response Function","OOI","","","","0","0","1.01206","1.0120572","1","0","0","0","0","1.0120572","1.45456","1.4545589696","1.45456","1.4545589696","1","1","0"
"16415","19","Infrared Camera System","T0805","Inhibit Response Function","OOI","","","","0","0","1.01206","1.0120572","1","0","0","0","0","1.0120572","1.45456","1.4545589696","1.45456","1.4545589696","1","1","0"
"16416","20","Weather Transmission System","T0805","Inhibit Response Function","OOI","","","","0","0","0.762057","0.7620572","1","0","0","0","0","0.7620572","1.09525","1.0952514696","1.09525","1.0952514696","1","1","0"
"16417","21","Echo Sounder","T0805","Inhibit Response Function","OOI","","","","0","0","0.985","0.985","1","0","0","0","0","0.985","1.41567","1.41567155","1.41567","1.41567155","1","1","0"
"16418","22","Gyroscope Compass","T0805","Inhibit Response Function","OOI","","","","0","0","1.0447","1.0447048","1","0","0","0","0","1.0447048","1.50148","1.5014810797","1.50148","1.5014810797","1","1","0"
"16419","23","Heading and Speed Sensor","T0805","Inhibit Response Function","OOI","","","","0","0","0.999005","0.9990051","1","0","0","0","0","0.9990051","1.4358","1.4358000999","1.4358","1.4358000999","1","1","0"
"16420","25","Feedback Control Module","T0805","Inhibit Response Function","OOI","","","","0","0","1.58277","1.5827703","1","0","0","0","0","1.5827703","2.27481","2.2748049583","2.27481","2.2748049583","1","1","0"
"16421","26","Vessel Traffic Services Decision Integration","T0805","Inhibit Response Function","OOI","","","","0","0","1.21043","1.210429","1","0","0","0","0","1.210429","1.73966","1.7396648717","0.869832","0.8698324358","1","1","0"
"16422","14","Electric / Hybrid Propulsion System","T0894","Evasion","","","","","0","0","0.536","0.536","1","0","0","0","0","0.536","1.51969","1.519694","1.51969","1.519694","1","1","0"
"16423","28","Human Override Control Interface","T0805","Inhibit Response Function","OOI","","","","0","0","2.18538","2.185376","1","0","0","0","0","2.185376","3.14089","3.1408879485","1.57044","1.5704439742","1","1","0"
"16424","16","Engine Control Mechanism","T0894","Evasion","","","","","0","0","0.576","0.576","1","0","0","0","0","0.576","1.6331","1.633104","1.6331","1.633104","1","1","0"
"16425","34","Collision Avoidance System","T0805","Inhibit Response Function","OOI","","","","0","0","2.97833","2.978329","1","0","0","0","0","2.978329","4.28054","4.2805437887","4.28054","4.2805437887","1","1","0"
"16426","29","Internal Data Pipeline / Integration Module","T0805","Inhibit Response Function","OOI","","","","0","0","1.91484","1.914843","1","0","0","0","0","1.914843","2.75207","2.7520698049","1.37603","1.3760349024","1","1","0"
"16427","25","Feedback Control Module","T0894","Evasion","","","","","0","0","0.36","0.36","1","0","0","0","0","0.36","1.02069","1.02069","1.02069","1.02069","1","1","0"
"16428","35","Navigation Support and Situational Awareness Module","T0805","Inhibit Response Function","OOI","","","","0","0","2.1134","2.113399","1","0","0","0","0","2.113399","3.03744","3.0374404448","3.03744","3.0374404448","1","1","0"
"16429","28","Human Override Control Interface","T0894","Evasion","","","","","0","0","0.416","0.416","1","0","0","0","0","0.416","1.17946","1.179464","1.17946","1.179464","1","1","0"
"16430","4","ENC Data Service","T0807","Execution","OOI","","InC","","0","0","0.976714","0.97671383","1","0","1","0","1","1.97671383","2.45658","4.9717317895","2.45658","4.9717317895","1","1","0"
"16431","6","Navigation Data Integration Tool","T0807","Execution","OOI","","InC","","0","0","1.38345","1.3834464","1","0","1","0","1","2.3834464","3.47958","5.994725213","3.47958","5.994725213","1","1","0"
"16432","7","Satellite Communication System","T0807","Execution","OOI","","InC","","0","0","1.10308","1.1030758","1","0","0.56","0","0.56","1.6630758","2.7744","4.1828850984","2.7744","4.1828850984","1","1","0"
"16433","8","RF / VHF / UHF Communication Module","T0807","Execution","OOI","","InC","","0","0","0.624242","0.6242424","1","0","0.56","0","0.56","1.1842424","1.57006","2.9785472724","1.57006","2.9785472724","1","1","0"
"16434","10","Remote Control Center Communication Interface","T0807","Execution","OOI","","InC","","0","0","1.22863","1.2286314","1","0","1","0","1","2.2286314","3.09019","5.6053422657","3.09019","5.6053422657","1","1","0"
"16435","9","Vessel Traffic Services Interface","T0807","Execution","OOI","","InC","","0","0","0.684","0.684","1","0","0.56","0","0.56","1.244","1.72036","3.1288466","1.72036","3.1288466","1","1","0"
"16436","14","Electric / Hybrid Propulsion System","T0807","Execution","OOI","","InC","","0","0","1.6151","1.615096","1","0","1","0","1","2.615096","4.06221","6.5773587044","4.06221","6.5773587044","1","0","1"
"16437","11","GMDSS","T0807","Execution","OOI","","InC","","0","0","1.10308","1.1030758","1","0","0.56","0","0.56","1.6630758","2.7744","4.1828850984","2.7744","4.1828850984","1","1","0"
"16438","16","Engine Control Mechanism","T0807","Execution","OOI","","InC","","0","0","1.86082","1.86082088","1","0","1","0","1","2.86082088","4.68024","7.1953936363","4.68024","7.1953936363","1","0","1"
"16439","25","Feedback Control Module","T0807","Execution","OOI","","InC","","0","0","0.857013","0.8570127","1","0","0.56","0","0.56","1.4170127","2.15552","3.5639994924","2.15552","3.5639994924","1","1","0"
"16440","26","Vessel Traffic Services Decision Integration","T0807","Execution","OOI","","InC","","0","0","0.734671","0.7346714","1","0","0.56","0","0.56","1.2946714","1.84781","3.2562927717","1.84781","3.2562927717","1","1","0"
"16441","28","Human Override Control Interface","T0807","Execution","OOI","","InC","","0","0","1.20962","1.2096184","1","0","0.56","0","0.56","1.7696184","3.04237","4.4508557188","3.04237","4.4508557188","1","1","0"
"16442","29","Internal Data Pipeline / Integration Module","T0807","Execution","OOI","","InC","","0","0","1.21333","1.21332788","1","0","1","0","1","2.21332788","3.0517","5.5668516174","3.0517","5.5668516174","1","1","0"
"16443","35","Navigation Support and Situational Awareness Module","T0807","Execution","OOI","","InC","","0","0","1.38764","1.3876414","1","0","1","0","1","2.3876414","3.49013","6.0052762672","3.49013","6.0052762672","1","1","0"
"16444","12","Controllable Pitch Propeller","T0861","Collection","","CoC","","","0","0","0.008","0.008","1","0.007","0","0","0.007","0.015","0.0310963","0.0583056","0.00777408","0.0145764","1","1","0"
"16445","10","Remote Control Center Communication Interface","T0861","Collection","","CoC","","","0","0","0.376242","0.3762424","1","0.392","0","0","0.392","0.7682424","1.46247","2.9861889385","0.365617","0.7465472346","1","1","0"
"16446","34","Collision Avoidance System","T0861","Collection","","CoC","","","0","0","0.664485","0.66448488","1","0.154","0","0","0.154","0.81848488","2.58288","3.181483468","2.58288","3.181483468","1","1","0"
"16447","14","Electric / Hybrid Propulsion System","T0861","Collection","","CoC","","","0","0","0.176","0.176","1","0.154","0","0","0.154","0.33","0.684119","1.2827232","0.17103","0.3206808","1","1","0"
"16448","28","Human Override Control Interface","T0861","Collection","","CoC","","","0","0","0.200242","0.2002424","1","0.154","0","0","0.154","0.3542424","0.77835","1.3769543785","0.194588","0.3442385946","1","1","0"
"16449","25","Feedback Control Module","T0861","Collection","","CoC","","","0","0","0.200242","0.2002424","1","0.154","0","0","0.154","0.3542424","0.77835","1.3769543785","0.77835","1.3769543785","1","1","0"
"16450","16","Engine Control Mechanism","T0861","Collection","","CoC","","","0","0","0.224485","0.22448488","1","0.154","0","0","0.154","0.37848488","0.872582","1.471185868","0.218145","0.367796467","1","1","0"
"16451","15","Steering Gear System","T0861","Collection","","CoC","","","0","0","0.096","0.096","1","0.154","0","0","0.154","0.25","0.373156","0.97176","0.093289","0.24294","1","1","0"
"16452","2","GNSS / GPS Receiver","T0816","Inhibit Response Function","OOI","","","","0","0","1.82747","1.82747143","1","0","0","0","0","1.82747143","7.10345","7.1034545473","7.10345","7.1034545473","0","0","0"
"16453","3","AIS Interface","T0816","Inhibit Response Function","OOI","","","","0","0","1.87932","1.8793177","1","0","0","0","0","1.8793177","7.30498","7.3049830726","3.65249","3.6524915363","1","1","0"
"16454","5","RADAR / ARPA System","T0816","Inhibit Response Function","OOI","","","","0","0","1.87932","1.8793177","1","0","0","0","0","1.8793177","7.30498","7.3049830726","3.65249","3.6524915363","1","1","0"
"16455","4","ENC Data Service","T0816","Inhibit Response Function","OOI","","","","0","0","1.45247","1.45247143","1","0","0","0","0","1.45247143","5.64581","5.6458145473","5.64581","5.6458145473","1","1","0"
"16456","6","Navigation Data Integration Tool","T0816","Inhibit Response Function","OOI","","","","0","0","2.1092","2.109204","1","0","0","0","0","2.109204","8.19856","8.1985603162","4.09928","4.0992801581","1","1","0"
"16457","9","Vessel Traffic Services Interface","T0816","Inhibit Response Function","OOI","","","","0","0","1.16","1.16","1","0","0","0","0","1.16","4.50897","4.5089664","1.12724","1.1272416","1","1","0"
"16458","8","RF / VHF / UHF Communication Module","T0816","Inhibit Response Function","OOI","","","","0","0","1.1","1.1","1","0","0","0","0","1.1","4.27574","4.275744","2.13787","2.137872","1","1","0"
"16459","11","GMDSS","T0816","Inhibit Response Function","OOI","","","","0","0","2.07883","2.0788334","1","0","0","0","0","2.0788334","8.08051","8.0805085791","4.04025","4.0402542896","1","1","0"
"16460","10","Remote Control Center Communication Interface","T0816","Inhibit Response Function","OOI","","","","0","0","1.95439","1.954389","1","0","0","0","0","1.954389","7.59679","7.5967882186","1.8992","1.8991970546","1","1","0"
"16461","7","Satellite Communication System","T0816","Inhibit Response Function","OOI","","","","0","0","1.82883","1.8288334","1","0","0","0","0","1.8288334","7.10875","7.1087485791","1.77719","1.7771871448","1","1","0"
"16462","13","Rudder Angle Indicator","T0816","Inhibit Response Function","OOI","","","","0","0","0.980264","0.98026446","1","0","0","0","0","0.98026446","3.81033","3.8103271666","3.81033","3.8103271666","1","1","0"
"16463","12","Controllable Pitch Propeller","T0816","Inhibit Response Function","OOI","","","","0","0","2.6151","2.615096","1","0","0","0","0","2.615096","10.165","10.1649827558","2.54125","2.541245689","1","1","0"
"16464","16","Engine Control Mechanism","T0816","Inhibit Response Function","OOI","","","","0","0","2.81234","2.812336","1","0","0","0","0","2.812336","10.9317","10.9316625254","2.73292","2.7329156314","1","1","0"
"16465","14","Electric / Hybrid Propulsion System","T0816","Inhibit Response Function","OOI","","","","0","0","2.6151","2.615096","1","0","0","0","0","2.615096","10.165","10.1649827558","2.54125","2.541245689","1","1","0"
"16466","17","LiDAR","T0816","Inhibit Response Function","OOI","","","","0","0","1.01206","1.0120572","1","0","0","0","0","1.0120572","3.93391","3.9339068187","3.93391","3.9339068187","1","1","0"
"16467","15","Steering Gear System","T0816","Inhibit Response Function","OOI","","","","0","0","2.68993","2.689926","1","0","0","0","0","2.689926","10.4558","10.455849959","2.61396","2.6139624898","1","1","0"
"16468","18","Sonar","T0816","Inhibit Response Function","OOI","","","","0","0","1.01206","1.0120572","1","0","0","0","0","1.0120572","3.93391","3.9339068187","3.93391","3.9339068187","1","1","0"
"16469","19","Infrared Camera System","T0816","Inhibit Response Function","OOI","","","","0","0","1.01206","1.0120572","1","0","0","0","0","1.0120572","3.93391","3.9339068187","3.93391","3.9339068187","1","1","0"
"16470","21","Echo Sounder","T0816","Inhibit Response Function","OOI","","","","0","0","0.985","0.985","1","0","0","0","0","0.985","3.82873","3.8287344","3.82873","3.8287344","1","1","0"
"16471","20","Weather Transmission System","T0816","Inhibit Response Function","OOI","","","","0","0","0.762057","0.7620572","1","0","0","0","0","0.7620572","2.96215","2.9621468187","2.96215","2.9621468187","1","1","0"
"16472","22","Gyroscope Compass","T0816","Inhibit Response Function","OOI","","","","0","0","1.0447","1.0447048","1","0","0","0","0","1.0447048","4.06081","4.0608093458","4.06081","4.0608093458","1","1","0"
"16473","25","Feedback Control Module","T0816","Inhibit Response Function","OOI","","","","0","0","1.58277","1.5827703","1","0","0","0","0","1.5827703","6.15229","6.1522914669","6.15229","6.1522914669","1","1","0"
"16474","23","Heading and Speed Sensor","T0816","Inhibit Response Function","OOI","","","","0","0","0.999005","0.9990051","1","0","0","0","0","0.9990051","3.88317","3.8831727839","3.88317","3.8831727839","1","1","0"
"16475","26","Vessel Traffic Services Decision Integration","T0816","Inhibit Response Function","OOI","","","","0","0","1.21043","1.210429","1","0","0","0","0","1.210429","4.70499","4.7049859402","1.17625","1.176246485","1","1","0"
"16476","3","AIS Interface","T0860","Initial Access","","","InC","","0","0","0.0484849","0.04848488","1","0","1","0","1","1.04848488","0.188463","4.075502668","0.0942313","2.037751334","1","1","0"
"16477","28","Human Override Control Interface","T0863","Execution","OOI","","InC","","0","0","1.20962","1.2096184","1","0","0.56","0","0.56","1.7696184","2.21914","3.2465065243","2.21914","3.2465065243","1","1","0"
"16478","2","GNSS / GPS Receiver","T0860","Initial Access","","","InC","","0","0","0.0242424","0.0242424","1","0","1","0","1","1.0242424","0.0942312","3.9812711785","0.0942312","3.9812711785","1","1","0"
"16479","13","Rudder Angle Indicator","T0860","Initial Access","","","InC","","0","0","0.0242424","0.0242424","1","0","0.56","0","0.56","0.5842424","0.0942312","2.2709735785","0.0942312","2.2709735785","1","1","0"
"16480","5","RADAR / ARPA System","T0860","Initial Access","","","InC","","0","0","0.0484849","0.04848488","1","0","1","0","1","1.04848488","0.188463","4.075502668","0.188463","4.075502668","1","1","0"
"16481","35","Navigation Support and Situational Awareness Module","T0816","Inhibit Response Function","OOI","","","","0","0","2.1134","2.113399","1","0","0","0","0","2.113399","8.21487","8.214866449","8.21487","8.214866449","0","0","0"
"16482","17","LiDAR","T0860","Initial Access","","","InC","","0","0","0.0242424","0.0242424","1","0","0.56","0","0.56","0.5842424","0.0942312","2.2709735785","0.0942312","2.2709735785","1","1","0"
"16483","34","Collision Avoidance System","T0816","Inhibit Response Function","OOI","","","","0","0","2.97833","2.978329","1","0","0","0","0","2.978329","11.5769","11.5768839562","11.5769","11.5768839562","0","0","0"
"16484","18","Sonar","T0860","Initial Access","","","InC","","0","0","0.0242424","0.0242424","1","0","0.56","0","0.56","0.5842424","0.0942312","2.2709735785","0.0942312","2.2709735785","1","1","0"
"16485","29","Internal Data Pipeline / Integration Module","T0816","Inhibit Response Function","OOI","","","","0","0","1.91484","1.914843","1","0","0","0","0","1.914843","7.44307","7.4430713347","3.72154","3.7215356674","1","1","0"
"16486","28","Human Override Control Interface","T0816","Inhibit Response Function","OOI","","","","0","0","2.18538","2.185376","1","0","0","0","0","2.185376","8.49464","8.494643927","2.12366","2.1236609818","1","1","0"
"16487","19","Infrared Camera System","T0860","Initial Access","","","InC","","0","0","0.0242424","0.0242424","1","0","0.56","0","0.56","0.5842424","0.0942312","2.2709735785","0.0942312","2.2709735785","1","1","0"
"16488","20","Weather Transmission System","T0860","Initial Access","","","InC","","0","0","0.0242424","0.0242424","1","0","0.56","0","0.56","0.5842424","0.0942312","2.2709735785","0.0942312","2.2709735785","1","1","0"
"16489","22","Gyroscope Compass","T0860","Initial Access","","","InC","","0","0","0.0484849","0.04848488","1","0","0.56","0","0.56","0.60848488","0.188463","2.365205068","0.188463","2.365205068","1","1","0"
"16490","21","Echo Sounder","T0860","Initial Access","","","InC","","0","0","0.024","0.024","1","0","0.56","0","0.56","0.584","0.093289","2.27003136","0.093289","2.27003136","1","1","0"
"16491","23","Heading and Speed Sensor","T0860","Initial Access","","","InC","","0","0","0.0242424","0.0242424","1","0","0.56","0","0.56","0.5842424","0.0942312","2.2709735785","0.0942312","2.2709735785","1","1","0"
"16492","10","Remote Control Center Communication Interface","T0878","Inhibit Response Function","OOI","","","","0","0","1.95439","1.954389","1","0","0","0","0","1.954389","2.80891","2.8089065025","1.40445","1.4044532512","1","1","0"
"16493","11","GMDSS","T0878","Inhibit Response Function","OOI","","","","0","0","2.07883","2.0788334","1","0","0","0","0","2.0788334","2.98776","2.9877617275","0.74694","0.7469404319","1","1","0"
"16494","14","Electric / Hybrid Propulsion System","T0878","Inhibit Response Function","OOI","","","","0","0","2.6151","2.615096","1","0","0","0","0","2.615096","3.75849","3.7584944241","3.75849","3.7584944241","1","1","0"
"16495","16","Engine Control Mechanism","T0878","Inhibit Response Function","OOI","","","","0","0","2.81234","2.812336","1","0","0","0","0","2.812336","4.04197","4.0419736693","4.04197","4.0419736693","1","1","0"
"16496","15","Steering Gear System","T0878","Inhibit Response Function","OOI","","","","0","0","2.68993","2.689926","1","0","0","0","0","2.689926","3.86604","3.866042345","3.86604","3.866042345","1","1","0"
"16497","28","Human Override Control Interface","T0878","Inhibit Response Function","OOI","","","","0","0","2.18538","2.185376","1","0","0","0","0","2.185376","3.14089","3.1408879485","1.57044","1.5704439742","1","1","0"
"16498","25","Feedback Control Module","T0878","Inhibit Response Function","OOI","","","","0","0","1.58277","1.5827703","1","0","0","0","0","1.5827703","2.27481","2.2748049583","2.27481","2.2748049583","1","1","0"
"16499","12","Controllable Pitch Propeller","T0858","Execution","OOI","","InC","","0","0","1.6151","1.615096","1","0","1","0","1","2.615096","3.5874","5.8085727823","0.896851","1.4521431956","1","1","0"
"16500","12","Controllable Pitch Propeller","T0858","Evasion","","","","","0","0","0.44","0.44","1","0","0","0","0","0.44","0.977315","0.9773148","0.244329","0.2443287","1","1","0"
"16501","34","Collision Avoidance System","T0878","Inhibit Response Function","OOI","","","","0","0","2.97833","2.978329","1","0","0","0","0","2.978329","4.28054","4.2805437887","4.28054","4.2805437887","1","1","0"
"16502","15","Steering Gear System","T0858","Execution","OOI","","InC","","0","0","1.68993","1.689926","1","0","1","0","1","2.689926","3.75361","5.9747829334","0.938403","1.4936957334","1","1","0"
"16503","15","Steering Gear System","T0858","Evasion","","","","","0","0","0.528","0.528","1","0","0","0","0","0.528","1.17278","1.17277776","0.293194","0.29319444","1","1","0"
"16504","34","Collision Avoidance System","T0868","Collection","","CoC","","","0","0","0.664485","0.66448488","1","0.154","0","0","0.154","0.81848488","1.47593","1.8179940609","1.47593","1.8179940609","1","1","0"
"16505","15","Steering Gear System","T0868","Collection","","CoC","","","0","0","0.096","0.096","1","0.154","0","0","0.154","0.25","0.213232","0.5552925","0.0533081","0.138823125","1","1","0"
"16506","34","Collision Avoidance System","T0858","Execution","OOI","","InC","","0","0","2.02681","2.02681388","1","0","1","0","1","3.02681388","4.5019","6.7230681858","4.5019","6.7230681858","1","0","1"
"16507","34","Collision Avoidance System","T0858","Evasion","","","","","0","0","0.712","0.712","1","0","0","0","0","0.712","1.58147","1.58147304","1.58147","1.58147304","1","1","0"
"16508","16","Engine Control Mechanism","T0858","Execution","OOI","","InC","","0","0","1.86082","1.86082088","1","0","1","0","1","2.86082088","4.1332","6.354369514","1.0333","1.5885923785","1","1","0"
"16509","16","Engine Control Mechanism","T0858","Evasion","","","","","0","0","0.576","0.576","1","0","0","0","0","0.576","1.27939","1.27939392","0.319848","0.31984848","1","1","0"
"16510","9","Vessel Traffic Services Interface","T0801","Collection","","CoC","","","0","0","0.288","0.288","1","0.154","0","0","0.154","0.442","1.11947","1.71807168","1.11947","1.71807168","1","1","0"
"16511","16","Engine Control Mechanism","T0868","Collection","","CoC","","","0","0","0.224485","0.22448488","1","0.154","0","0","0.154","0.37848488","0.498619","0.8406792609","0.124655","0.2101698152","1","1","0"
"16512","12","Controllable Pitch Propeller","T0801","Collection","","CoC","","","0","0","0.008","0.008","1","0.007","0","0","0.007","0.015","0.0310963","0.0583056","0.0310963","0.0583056","1","1","0"
"16513","6","Navigation Data Integration Tool","T0801","Collection","","CoC","","","0","0","0.640242","0.6402424","1","0.392","0","0","0.392","1.0322424","2.48865","4.0123674985","2.48865","4.0123674985","1","1","0"
"16514","12","Controllable Pitch Propeller","T0868","Collection","","CoC","","","0","0","0.008","0.008","1","0.007","0","0","0.007","0.015","0.0177694","0.03331755","0.00444234","0.0083293875","1","1","0"
"16515","14","Electric / Hybrid Propulsion System","T0801","Collection","","CoC","","","0","0","0.176","0.176","1","0.154","0","0","0.154","0.33","0.684119","1.2827232","0.684119","1.2827232","1","1","0"
"16516","13","Rudder Angle Indicator","T0801","Collection","","CoC","","","0","0","0.0322424","0.0322424","1","0.007","0","0","0.007","0.0392424","0.125327","0.1525367785","0.125327","0.1525367785","1","1","0"
"16517","15","Steering Gear System","T0801","Collection","","CoC","","","0","0","0.096","0.096","1","0.154","0","0","0.154","0.25","0.373156","0.97176","0.373156","0.97176","1","1","0"
"16518","10","Remote Control Center Communication Interface","T0801","Collection","","CoC","","","0","0","0.376242","0.3762424","1","0.392","0","0","0.392","0.7682424","1.46247","2.9861889385","1.46247","2.9861889385","1","1","0"
"16519","16","Engine Control Mechanism","T0801","Collection","","CoC","","","0","0","0.224485","0.22448488","1","0.154","0","0","0.154","0.37848488","0.872582","1.471185868","0.872582","1.471185868","1","1","0"
"16520","18","Sonar","T0801","Collection","","CoC","","","0","0","0.200242","0.2002424","1","0.007","0","0","0.007","0.2072424","0.77835","0.8055594985","0.77835","0.8055594985","1","1","0"
"16521","17","LiDAR","T0801","Collection","","CoC","","","0","0","0.0322424","0.0322424","1","0.007","0","0","0.007","0.0392424","0.125327","0.1525367785","0.125327","0.1525367785","1","1","0"
"16522","19","Infrared Camera System","T0801","Collection","","CoC","","","0","0","0.200242","0.2002424","1","0.154","0","0","0.154","0.3542424","0.77835","1.3769543785","0.77835","1.3769543785","1","1","0"
"16523","20","Weather Transmission System","T0801","Collection","","CoC","","","0","0","0.0322424","0.0322424","1","0.007","0","0","0.007","0.0392424","0.125327","0.1525367785","0.125327","0.1525367785","1","1","0"
"16524","25","Feedback Control Module","T0801","Collection","","CoC","","","0","0","0.200242","0.2002424","1","0.154","0","0","0.154","0.3542424","0.77835","1.3769543785","0.77835","1.3769543785","1","1","0"
"16525","21","Echo Sounder","T0801","Collection","","CoC","","","0","0","0.2","0.2","1","0.007","0","0","0.007","0.207","0.777408","0.80461728","0.777408","0.80461728","1","1","0"
"16526","22","Gyroscope Compass","T0801","Collection","","CoC","","","0","0","0.0564849","0.05648488","1","0.007","0","0","0.007","0.06348488","0.219559","0.246768268","0.219559","0.246768268","1","1","0"
"16527","26","Vessel Traffic Services Decision Integration","T0801","Collection","","CoC","","","0","0","0.288242","0.2882424","1","0.154","0","0","0.154","0.4422424","1.12041","1.7190138985","1.12041","1.7190138985","1","1","0"
"16528","23","Heading and Speed Sensor","T0801","Collection","","CoC","","","0","0","0.0322424","0.0322424","1","0.007","0","0","0.007","0.0392424","0.125327","0.1525367785","0.125327","0.1525367785","1","1","0"
"16529","29","Internal Data Pipeline / Integration Module","T0801","Collection","","CoC","","","0","0","0.488485","0.48848488","1","0.392","0","0","0.392","0.88048488","1.89876","3.422479948","1.89876","3.422479948","1","1","0"
"16530","28","Human Override Control Interface","T0801","Collection","","CoC","","","0","0","0.200242","0.2002424","1","0.154","0","0","0.154","0.3542424","0.77835","1.3769543785","0.77835","1.3769543785","1","1","0"
"16531","6","Navigation Data Integration Tool","T0853","Execution","OOI","","InC","","0","0","1.38345","1.3834464","1","0","1","0","1","2.3834464","3.47958","5.994725213","3.47958","5.994725213","1","1","0"
"16532","34","Collision Avoidance System","T0801","Collection","","CoC","","","0","0","0.664485","0.66448488","1","0.154","0","0","0.154","0.81848488","2.58288","3.181483468","2.58288","3.181483468","1","1","0"
"16533","7","Satellite Communication System","T0853","Execution","OOI","","InC","","0","0","1.10308","1.1030758","1","0","0.56","0","0.56","1.6630758","2.7744","4.1828850984","2.7744","4.1828850984","1","1","0"
"16534","11","GMDSS","T0853","Execution","OOI","","InC","","0","0","1.10308","1.1030758","1","0","0.56","0","0.56","1.6630758","2.7744","4.1828850984","2.7744","4.1828850984","1","1","0"
"16535","9","Vessel Traffic Services Interface","T0853","Execution","OOI","","InC","","0","0","0.684","0.684","1","0","0.56","0","0.56","1.244","1.72036","3.1288466","1.72036","3.1288466","1","1","0"
"16536","35","Navigation Support and Situational Awareness Module","T0801","Collection","","CoC","","","0","0","0.552242","0.5522424","1","0.392","0","0","0.392","0.9442424","2.14659","3.6703079785","2.14659","3.6703079785","1","1","0"
"16537","4","ENC Data Service","T0853","Execution","OOI","","InC","","0","0","0.976714","0.97671383","1","0","1","0","1","1.97671383","2.45658","4.9717317895","2.45658","4.9717317895","1","1","0"
"16538","8","RF / VHF / UHF Communication Module","T0853","Execution","OOI","","InC","","0","0","0.624242","0.6242424","1","0","0.56","0","0.56","1.1842424","1.57006","2.9785472724","1.57006","2.9785472724","1","1","0"
"16539","14","Electric / Hybrid Propulsion System","T0853","Execution","OOI","","InC","","0","0","1.6151","1.615096","1","0","1","0","1","2.615096","4.06221","6.5773587044","4.06221","6.5773587044","1","0","1"
"16540","25","Feedback Control Module","T0853","Execution","OOI","","InC","","0","0","0.857013","0.8570127","1","0","0.56","0","0.56","1.4170127","2.15552","3.5639994924","2.15552","3.5639994924","1","1","0"
"16541","10","Remote Control Center Communication Interface","T0853","Execution","OOI","","InC","","0","0","1.22863","1.2286314","1","0","1","0","1","2.2286314","3.09019","5.6053422657","3.09019","5.6053422657","1","1","0"
"16542","16","Engine Control Mechanism","T0853","Execution","OOI","","InC","","0","0","1.86082","1.86082088","1","0","1","0","1","2.86082088","4.68024","7.1953936363","4.68024","7.1953936363","1","0","1"
"16543","26","Vessel Traffic Services Decision Integration","T0853","Execution","OOI","","InC","","0","0","0.734671","0.7346714","1","0","0.56","0","0.56","1.2946714","1.84781","3.2562927717","1.84781","3.2562927717","1","1","0"
"16544","29","Internal Data Pipeline / Integration Module","T0853","Execution","OOI","","InC","","0","0","1.21333","1.21332788","1","0","1","0","1","2.21332788","3.0517","5.5668516174","3.0517","5.5668516174","1","1","0"
"16545","2","GNSS / GPS Receiver","T0888","Discovery","","CoC","","","0","0","0.0242424","0.0242424","1","0.392","0","0","0.392","0.4162424","0.0609733","1.0469120724","0.0609733","1.0469120724","1","1","0"
"16546","7","Satellite Communication System","T0888","Discovery","","CoC","","","0","0","0.0242424","0.0242424","1","0.392","0","0","0.392","0.4162424","0.0609733","1.0469120724","0.0609733","1.0469120724","1","1","0"
"16547","6","Navigation Data Integration Tool","T0888","Discovery","","CoC","","","0","0","0.0242424","0.0242424","1","0.392","0","0","0.392","0.4162424","0.0609733","1.0469120724","0.0609733","1.0469120724","1","1","0"
"16548","28","Human Override Control Interface","T0853","Execution","OOI","","InC","","0","0","1.20962","1.2096184","1","0","0.56","0","0.56","1.7696184","3.04237","4.4508557188","3.04237","4.4508557188","1","1","0"
"16549","9","Vessel Traffic Services Interface","T0888","Discovery","","CoC","","","0","0","0.024","0.024","1","0.154","0","0","0.154","0.178","0.0603636","0.4476967","0.0603636","0.4476967","1","1","0"
"16550","8","RF / VHF / UHF Communication Module","T0888","Discovery","","CoC","","","0","0","0.0242424","0.0242424","1","0.154","0","0","0.154","0.1782424","0.0609733","0.4483063724","0.0609733","0.4483063724","1","1","0"
"16551","11","GMDSS","T0888","Discovery","","CoC","","","0","0","0.0242424","0.0242424","1","0.154","0","0","0.154","0.1782424","0.0609733","0.4483063724","0.0609733","0.4483063724","1","1","0"
"16552","4","ENC Data Service","T0888","Discovery","","CoC","","","0","0","0.0242424","0.0242424","1","0.154","0","0","0.154","0.1782424","0.0609733","0.4483063724","0.0609733","0.4483063724","1","1","0"
"16553","35","Navigation Support and Situational Awareness Module","T0853","Execution","OOI","","InC","","0","0","1.38764","1.3876414","1","0","1","0","1","2.3876414","3.49013","6.0052762672","3.49013","6.0052762672","1","1","0"
"16554","12","Controllable Pitch Propeller","T0888","Discovery","","CoC","","","0","0","0","0","1","0.007","0","0","0.007","0.007","0","0.01760605","0","0.01760605","1","1","0"
"16555","10","Remote Control Center Communication Interface","T0888","Discovery","","CoC","","","0","0","0.0242424","0.0242424","1","0.392","0","0","0.392","0.4162424","0.0609733","1.0469120724","0.0609733","1.0469120724","1","1","0"
"16556","14","Electric / Hybrid Propulsion System","T0888","Discovery","","CoC","","","0","0","0","0","1","0.154","0","0","0.154","0.154","0","0.3873331","0","0.3873331","1","1","0"
"16557","15","Steering Gear System","T0888","Discovery","","CoC","","","0","0","0","0","1","0.154","0","0","0.154","0.154","0","0.3873331","0","0.3873331","1","1","0"
"16558","20","Weather Transmission System","T0888","Discovery","","CoC","","","0","0","0.0242424","0.0242424","1","0.007","0","0","0.007","0.0312424","0.0609733","0.0785793224","0.0609733","0.0785793224","1","1","0"
"16559","25","Feedback Control Module","T0888","Discovery","","CoC","","","0","0","0.0242424","0.0242424","1","0.154","0","0","0.154","0.1782424","0.0609733","0.4483063724","0.0609733","0.4483063724","1","1","0"
"16560","26","Vessel Traffic Services Decision Integration","T0888","Discovery","","CoC","","","0","0","0.0242424","0.0242424","1","0.154","0","0","0.154","0.1782424","0.0609733","0.4483063724","0.0609733","0.4483063724","1","1","0"
"16561","16","Engine Control Mechanism","T0888","Discovery","","CoC","","","0","0","0.0484849","0.04848488","1","0.154","0","0","0.154","0.20248488","0.121947","0.5092798459","0.121947","0.5092798459","1","1","0"
"16562","34","Collision Avoidance System","T0888","Discovery","","CoC","","","0","0","0.0484849","0.04848488","1","0.154","0","0","0.154","0.20248488","0.121947","0.5092798459","0.121947","0.5092798459","1","1","0"
"16563","28","Human Override Control Interface","T0888","Discovery","","CoC","","","0","0","0.0242424","0.0242424","1","0.154","0","0","0.154","0.1782424","0.0609733","0.4483063724","0.0609733","0.4483063724","1","1","0"
"16564","29","Internal Data Pipeline / Integration Module","T0888","Discovery","","CoC","","","0","0","0.0484849","0.04848488","1","0.392","0","0","0.392","0.44048488","0.121947","1.1078855459","0.121947","1.1078855459","1","1","0"
"16565","35","Navigation Support and Situational Awareness Module","T0888","Discovery","","CoC","","","0","0","0.0242424","0.0242424","1","0.392","0","0","0.392","0.4162424","0.0609733","1.0469120724","0.0609733","1.0469120724","1","1","0"
"16566","12","Controllable Pitch Propeller","T0845","Collection","","CoC","","","0","0","0.008","0.008","1","0.007","0","0","0.007","0.015","0.0177694","0.03331755","0.00444234","0.0083293875","1","1","0"
"16567","15","Steering Gear System","T0845","Collection","","CoC","","","0","0","0.096","0.096","1","0.154","0","0","0.154","0.25","0.213232","0.5552925","0.0533081","0.138823125","1","1","0"
"16568","34","Collision Avoidance System","T0845","Collection","","CoC","","","0","0","0.664485","0.66448488","1","0.154","0","0","0.154","0.81848488","1.47593","1.8179940609","1.47593","1.8179940609","1","1","0"
"16569","12","Controllable Pitch Propeller","T0835","Inhibit Response Function","OOI","","","","0","0","2.6151","2.615096","1","0","0","0","0","2.615096","3.75849","3.7584944241","3.75849","3.7584944241","1","1","0"
"16570","16","Engine Control Mechanism","T0845","Collection","","CoC","","","0","0","0.224485","0.22448488","1","0.154","0","0","0.154","0.37848488","0.498619","0.8406792609","0.124655","0.2101698152","1","1","0"
"16571","25","Feedback Control Module","T0811","Collection","","CoC","","","0","0","0.200242","0.2002424","1","0.154","0","0","0.154","0.3542424","0.77835","1.3769543785","0.77835","1.3769543785","1","1","0"
"16572","15","Steering Gear System","T0835","Inhibit Response Function","OOI","","","","0","0","2.68993","2.689926","1","0","0","0","0","2.689926","3.86604","3.866042345","3.86604","3.866042345","1","1","0"
"16573","14","Electric / Hybrid Propulsion System","T0811","Collection","","CoC","","","0","0","0.176","0.176","1","0.154","0","0","0.154","0.33","0.684119","1.2827232","0.684119","1.2827232","1","1","0"
"16574","16","Engine Control Mechanism","T0835","Inhibit Response Function","OOI","","","","0","0","2.81234","2.812336","1","0","0","0","0","2.812336","4.04197","4.0419736693","4.04197","4.0419736693","1","1","0"
"16575","34","Collision Avoidance System","T0835","Inhibit Response Function","OOI","","","","0","0","2.97833","2.978329","1","0","0","0","0","2.978329","4.28054","4.2805437887","4.28054","4.2805437887","1","1","0"
"16576","16","Engine Control Mechanism","T0811","Collection","","CoC","","","0","0","0.224485","0.22448488","1","0.154","0","0","0.154","0.37848488","0.872582","1.471185868","0.436291","0.735592934","1","1","0"
"16577","4","ENC Data Service","T0842","Discovery","","CoC","","","0","0","0.0242424","0.0242424","1","0.154","0","0","0.154","0.1782424","0.0609733","0.4483063724","0.0609733","0.4483063724","1","1","0"
"16578","6","Navigation Data Integration Tool","T0842","Discovery","","CoC","","","0","0","0.0242424","0.0242424","1","0.392","0","0","0.392","0.4162424","0.0609733","1.0469120724","0.0304866","0.5234560362","1","1","0"
"16579","7","Satellite Communication System","T0842","Discovery","","CoC","","","0","0","0.0242424","0.0242424","1","0.392","0","0","0.392","0.4162424","0.0609733","1.0469120724","0.0152433","0.2617280181","1","1","0"
"16580","9","Vessel Traffic Services Interface","T0842","Discovery","","CoC","","","0","0","0.024","0.024","1","0.154","0","0","0.154","0.178","0.0603636","0.4476967","0.0301818","0.22384835","1","1","0"
"16581","8","RF / VHF / UHF Communication Module","T0842","Discovery","","CoC","","","0","0","0.0242424","0.0242424","1","0.154","0","0","0.154","0.1782424","0.0609733","0.4483063724","0.0304866","0.2241531862","1","1","0"
"16582","12","Controllable Pitch Propeller","T0842","Discovery","","CoC","","","0","0","0","0","1","0.007","0","0","0.007","0.007","0","0.01760605","0","0.01760605","1","1","0"
"16583","10","Remote Control Center Communication Interface","T0842","Discovery","","CoC","","","0","0","0.0242424","0.0242424","1","0.392","0","0","0.392","0.4162424","0.0609733","1.0469120724","0.0152433","0.2617280181","1","1","0"
"16584","15","Steering Gear System","T0842","Discovery","","CoC","","","0","0","0","0","1","0.154","0","0","0.154","0.154","0","0.3873331","0","0.3873331","1","1","0"
"16585","14","Electric / Hybrid Propulsion System","T0842","Discovery","","CoC","","","0","0","0","0","1","0.154","0","0","0.154","0.154","0","0.3873331","0","0.3873331","1","1","0"
"16586","11","GMDSS","T0842","Discovery","","CoC","","","0","0","0.0242424","0.0242424","1","0.154","0","0","0.154","0.1782424","0.0609733","0.4483063724","0.0304866","0.2241531862","1","1","0"
"16587","26","Vessel Traffic Services Decision Integration","T0842","Discovery","","CoC","","","0","0","0.0242424","0.0242424","1","0.154","0","0","0.154","0.1782424","0.0609733","0.4483063724","0.0304866","0.2241531862","1","1","0"
"16588","16","Engine Control Mechanism","T0842","Discovery","","CoC","","","0","0","0.0484849","0.04848488","1","0.154","0","0","0.154","0.20248488","0.121947","0.5092798459","0.0609734","0.254639923","1","1","0"
"16589","25","Feedback Control Module","T0842","Discovery","","CoC","","","0","0","0.0242424","0.0242424","1","0.154","0","0","0.154","0.1782424","0.0609733","0.4483063724","0.0609733","0.4483063724","1","1","0"
"16590","28","Human Override Control Interface","T0842","Discovery","","CoC","","","0","0","0.0242424","0.0242424","1","0.154","0","0","0.154","0.1782424","0.0609733","0.4483063724","0.0152433","0.1120765931","1","1","0"
"16591","25","Feedback Control Module","T0802","Collection","","CoC","","","0","0","0.200242","0.2002424","1","0.154","0","0","0.154","0.3542424","0.50364","0.8909727724","0.50364","0.8909727724","1","1","0"
"16592","16","Engine Control Mechanism","T0802","Collection","","CoC","","","0","0","0.224485","0.22448488","1","0.154","0","0","0.154","0.37848488","0.564613","0.9519462459","0.564613","0.9519462459","1","1","0"
"16593","29","Internal Data Pipeline / Integration Module","T0842","Discovery","","CoC","","","0","0","0.0484849","0.04848488","1","0.392","0","0","0.392","0.44048488","0.121947","1.1078855459","0.0609734","0.553942773","1","1","0"
"16594","34","Collision Avoidance System","T0842","Discovery","","CoC","","","0","0","0.0484849","0.04848488","1","0.154","0","0","0.154","0.20248488","0.121947","0.5092798459","0.121947","0.5092798459","1","1","0"
"16595","14","Electric / Hybrid Propulsion System","T0802","Collection","","CoC","","","0","0","0.176","0.176","1","0.154","0","0","0.154","0.33","0.442666","0.8299995","0.442666","0.8299995","1","1","0"
"16596","35","Navigation Support and Situational Awareness Module","T0842","Discovery","","CoC","","","0","0","0.0242424","0.0242424","1","0.392","0","0","0.392","0.4162424","0.0609733","1.0469120724","0.0609733","1.0469120724","1","1","0"
"16597","2","GNSS / GPS Receiver","T0804","Inhibit Response Function","OOI","","","","0","0","1.82747","1.82747143","1","0","0","0","0","1.82747143","2.6265","2.6264967633","2.6265","2.6264967633","1","1","0"
"16598","3","AIS Interface","T0804","Inhibit Response Function","OOI","","","","0","0","1.87932","1.8793177","1","0","0","0","0","1.8793177","2.70101","2.701011778","2.70101","2.701011778","1","1","0"
"16599","4","ENC Data Service","T0804","Inhibit Response Function","OOI","","","","0","0","1.45247","1.45247143","1","0","0","0","0","1.45247143","2.08754","2.0875355133","2.08754","2.0875355133","1","1","0"
"16600","5","RADAR / ARPA System","T0804","Inhibit Response Function","OOI","","","","0","0","1.87932","1.8793177","1","0","0","0","0","1.8793177","2.70101","2.701011778","2.70101","2.701011778","1","1","0"
"16601","6","Navigation Data Integration Tool","T0804","Inhibit Response Function","OOI","","","","0","0","2.1092","2.109204","1","0","0","0","0","2.109204","3.03141","3.0314112649","3.03141","3.0314112649","1","1","0"
"16602","7","Satellite Communication System","T0804","Inhibit Response Function","OOI","","","","0","0","1.82883","1.8288334","1","0","0","0","0","1.8288334","2.62845","2.6284542275","2.62845","2.6284542275","1","1","0"
"16603","9","Vessel Traffic Services Interface","T0804","Inhibit Response Function","OOI","","","","0","0","1.16","1.16","1","0","0","0","0","1.16","1.66719","1.6671868","1.66719","1.6671868","1","1","0"
"16604","11","GMDSS","T0804","Inhibit Response Function","OOI","","","","0","0","2.07883","2.0788334","1","0","0","0","0","2.0788334","2.98776","2.9877617275","0.74694","0.7469404319","1","1","0"
"16605","8","RF / VHF / UHF Communication Module","T0804","Inhibit Response Function","OOI","","","","0","0","1.1","1.1","1","0","0","0","0","1.1","1.58095","1.580953","0.395238","0.39523825","1","1","0"
"16606","12","Controllable Pitch Propeller","T0804","Inhibit Response Function","OOI","","","","0","0","2.6151","2.615096","1","0","0","0","0","2.615096","3.75849","3.7584944241","3.75849","3.7584944241","1","1","0"
"16607","10","Remote Control Center Communication Interface","T0804","Inhibit Response Function","OOI","","","","0","0","1.95439","1.954389","1","0","0","0","0","1.954389","2.80891","2.8089065025","1.40445","1.4044532512","1","1","0"
"16608","13","Rudder Angle Indicator","T0804","Inhibit Response Function","OOI","","","","0","0","0.980264","0.98026446","1","0","0","0","0","0.98026446","1.40887","1.4088654898","1.40887","1.4088654898","1","1","0"
"16609","15","Steering Gear System","T0804","Inhibit Response Function","OOI","","","","0","0","2.68993","2.689926","1","0","0","0","0","2.689926","3.86604","3.866042345","3.86604","3.866042345","1","1","0"
"16610","14","Electric / Hybrid Propulsion System","T0804","Inhibit Response Function","OOI","","","","0","0","2.6151","2.615096","1","0","0","0","0","2.615096","3.75849","3.7584944241","3.75849","3.7584944241","1","1","0"
"16611","16","Engine Control Mechanism","T0804","Inhibit Response Function","OOI","","","","0","0","2.81234","2.812336","1","0","0","0","0","2.812336","4.04197","4.0419736693","4.04197","4.0419736693","1","1","0"
"16612","17","LiDAR","T0804","Inhibit Response Function","OOI","","","","0","0","1.01206","1.0120572","1","0","0","0","0","1.0120572","1.45456","1.4545589696","1.45456","1.4545589696","1","1","0"
"16613","18","Sonar","T0804","Inhibit Response Function","OOI","","","","0","0","1.01206","1.0120572","1","0","0","0","0","1.0120572","1.45456","1.4545589696","1.45456","1.4545589696","1","1","0"
"16614","19","Infrared Camera System","T0804","Inhibit Response Function","OOI","","","","0","0","1.01206","1.0120572","1","0","0","0","0","1.0120572","1.45456","1.4545589696","1.45456","1.4545589696","1","1","0"
"16615","23","Heading and Speed Sensor","T0804","Inhibit Response Function","OOI","","","","0","0","0.999005","0.9990051","1","0","0","0","0","0.9990051","1.4358","1.4358000999","1.4358","1.4358000999","1","1","0"
"16616","20","Weather Transmission System","T0804","Inhibit Response Function","OOI","","","","0","0","0.762057","0.7620572","1","0","0","0","0","0.7620572","1.09525","1.0952514696","1.09525","1.0952514696","1","1","0"
"16617","25","Feedback Control Module","T0804","Inhibit Response Function","OOI","","","","0","0","1.58277","1.5827703","1","0","0","0","0","1.5827703","2.27481","2.2748049583","2.27481","2.2748049583","1","1","0"
"16618","21","Echo Sounder","T0804","Inhibit Response Function","OOI","","","","0","0","0.985","0.985","1","0","0","0","0","0.985","1.41567","1.41567155","1.41567","1.41567155","1","1","0"
"16619","22","Gyroscope Compass","T0804","Inhibit Response Function","OOI","","","","0","0","1.0447","1.0447048","1","0","0","0","0","1.0447048","1.50148","1.5014810797","1.50148","1.5014810797","1","1","0"
"16620","26","Vessel Traffic Services Decision Integration","T0804","Inhibit Response Function","OOI","","","","0","0","1.21043","1.210429","1","0","0","0","0","1.210429","1.73966","1.7396648717","1.73966","1.7396648717","1","1","0"
"16621","28","Human Override Control Interface","T0804","Inhibit Response Function","OOI","","","","0","0","2.18538","2.185376","1","0","0","0","0","2.185376","3.14089","3.1408879485","3.14089","3.1408879485","1","1","0"
"16622","29","Internal Data Pipeline / Integration Module","T0804","Inhibit Response Function","OOI","","","","0","0","1.91484","1.914843","1","0","0","0","0","1.914843","2.75207","2.7520698049","2.75207","2.7520698049","1","1","0"
"16623","34","Collision Avoidance System","T0804","Inhibit Response Function","OOI","","","","0","0","2.97833","2.978329","1","0","0","0","0","2.978329","4.28054","4.2805437887","4.28054","4.2805437887","1","1","0"
"16624","12","Controllable Pitch Propeller","T0855","Impair Process Control","I2CF","","","","1","0","2.6151","2.615096","1","0","0","0","0","2.615096","3.75849","3.7584944241","0.939624","0.939623606","1","1","0"
"16625","35","Navigation Support and Situational Awareness Module","T0804","Inhibit Response Function","OOI","","","","0","0","2.1134","2.113399","1","0","0","0","0","2.113399","3.03744","3.0374404448","3.03744","3.0374404448","1","1","0"
"16626","14","Electric / Hybrid Propulsion System","T0855","Impair Process Control","I2CF","","","","1","0","2.6151","2.615096","1","0","0","0","0","2.615096","3.75849","3.7584944241","0.939624","0.939623606","1","1","0"
"16627","15","Steering Gear System","T0855","Impair Process Control","I2CF","","","","1","0","2.68993","2.689926","1","0","0","0","0","2.689926","3.86604","3.866042345","0.966511","0.9665105862","1","1","0"
"16628","2","GNSS / GPS Receiver","T0809","Inhibit Response Function","OOI","","","","0","0","1.82747","1.82747143","1","0","0","0","0","1.82747143","4.59636","4.5963647672","4.59636","4.5963647672","1","1","0"
"16629","28","Human Override Control Interface","T0855","Impair Process Control","I2CF","","","","1","0","2.18538","2.185376","1","0","0","0","0","2.185376","3.14089","3.1408879485","1.57044","1.5704439742","1","1","0"
"16630","25","Feedback Control Module","T0855","Impair Process Control","I2CF","","","","1","0","1.58277","1.5827703","1","0","0","0","0","1.5827703","2.27481","2.2748049583","1.1374","1.1374024791","1","1","0"
"16631","16","Engine Control Mechanism","T0855","Impair Process Control","I2CF","","","","1","0","2.81234","2.812336","1","0","0","0","0","2.812336","4.04197","4.0419736693","1.01049","1.0104934173","1","1","0"
"16632","34","Collision Avoidance System","T0855","Impair Process Control","I2CF","","","","1","0","2.97833","2.978329","1","0","0","0","0","2.978329","4.28054","4.2805437887","2.14027","2.1402718943","1","1","0"
"16633","3","AIS Interface","T0809","Inhibit Response Function","OOI","","","","0","0","1.87932","1.8793177","1","0","0","0","0","1.8793177","4.72677","4.7267659132","4.72677","4.7267659132","1","1","0"
"16634","4","ENC Data Service","T0809","Inhibit Response Function","OOI","","","","0","0","1.45247","1.45247143","1","0","0","0","0","1.45247143","3.65318","3.6531835172","1.82659","1.8265917586","1","1","0"
"16635","5","RADAR / ARPA System","T0809","Inhibit Response Function","OOI","","","","0","0","1.87932","1.8793177","1","0","0","0","0","1.8793177","4.72677","4.7267659132","4.72677","4.7267659132","1","1","0"
"16636","7","Satellite Communication System","T0809","Inhibit Response Function","OOI","","","","0","0","1.82883","1.8288334","1","0","0","0","0","1.8288334","4.59979","4.599790326","4.59979","4.599790326","1","1","0"
"16637","6","Navigation Data Integration Tool","T0809","Inhibit Response Function","OOI","","","","0","0","2.1092","2.109204","1","0","0","0","0","2.109204","5.30496","5.3049644406","5.30496","5.3049644406","1","1","0"
"16638","8","RF / VHF / UHF Communication Module","T0809","Inhibit Response Function","OOI","","","","0","0","1.1","1.1","1","0","0","0","0","1.1","2.76666","2.766665","2.76666","2.766665","1","1","0"
"16639","9","Vessel Traffic Services Interface","T0809","Inhibit Response Function","OOI","","","","0","0","1.16","1.16","1","0","0","0","0","1.16","2.91757","2.917574","2.91757","2.917574","1","1","0"
"16640","10","Remote Control Center Communication Interface","T0809","Inhibit Response Function","OOI","","","","0","0","1.95439","1.954389","1","0","0","0","0","1.954389","4.91558","4.9155814934","4.91558","4.9155814934","1","1","0"
"16641","12","Controllable Pitch Propeller","T0809","Inhibit Response Function","OOI","","","","0","0","2.6151","2.615096","1","0","0","0","0","2.615096","6.57736","6.5773587044","6.57736","6.5773587044","0","0","0"
"16642","11","GMDSS","T0809","Inhibit Response Function","OOI","","","","0","0","2.07883","2.0788334","1","0","0","0","0","2.0788334","5.22858","5.228577826","5.22858","5.228577826","1","1","0"
"16643","13","Rudder Angle Indicator","T0809","Inhibit Response Function","OOI","","","","0","0","0.980264","0.98026446","1","0","0","0","0","0.98026446","2.46551","2.4655121566","2.46551","2.4655121566","1","1","0"
"16644","15","Steering Gear System","T0809","Inhibit Response Function","OOI","","","","0","0","2.68993","2.689926","1","0","0","0","0","2.689926","6.76557","6.7655673789","6.76557","6.7655673789","0","0","0"
"16645","17","LiDAR","T0809","Inhibit Response Function","OOI","","","","0","0","1.01206","1.0120572","1","0","0","0","0","1.0120572","2.54548","2.5454756666","2.54548","2.5454756666","1","1","0"
"16646","14","Electric / Hybrid Propulsion System","T0809","Inhibit Response Function","OOI","","","","0","0","2.6151","2.615096","1","0","0","0","0","2.615096","6.57736","6.5773587044","6.57736","6.5773587044","0","0","0"
"16647","18","Sonar","T0809","Inhibit Response Function","OOI","","","","0","0","1.01206","1.0120572","1","0","0","0","0","1.0120572","2.54548","2.5454756666","2.54548","2.5454756666","1","1","0"
"16648","16","Engine Control Mechanism","T0809","Inhibit Response Function","OOI","","","","0","0","2.81234","2.812336","1","0","0","0","0","2.812336","7.07345","7.0734468904","3.53672","3.5367234452","1","1","0"
"16649","19","Infrared Camera System","T0809","Inhibit Response Function","OOI","","","","0","0","1.01206","1.0120572","1","0","0","0","0","1.0120572","2.54548","2.5454756666","2.54548","2.5454756666","1","1","0"
"16650","20","Weather Transmission System","T0809","Inhibit Response Function","OOI","","","","0","0","0.762057","0.7620572","1","0","0","0","0","0.7620572","1.91669","1.9166881666","1.91669","1.9166881666","1","1","0"
"16651","26","Vessel Traffic Services Decision Integration","T0809","Inhibit Response Function","OOI","","","","0","0","1.21043","1.210429","1","0","0","0","0","1.210429","3.04441","3.0444104994","3.04441","3.0444104994","1","1","0"
"16652","22","Gyroscope Compass","T0809","Inhibit Response Function","OOI","","","","0","0","1.0447","1.0447048","1","0","0","0","0","1.0447048","2.62759","2.6275892777","2.62759","2.6275892777","1","1","0"
"16653","21","Echo Sounder","T0809","Inhibit Response Function","OOI","","","","0","0","0.985","0.985","1","0","0","0","0","0.985","2.47742","2.47742275","2.47742","2.47742275","1","1","0"
"16654","29","Internal Data Pipeline / Integration Module","T0809","Inhibit Response Function","OOI","","","","0","0","1.91484","1.914843","1","0","0","0","0","1.914843","4.81612","4.8161173714","4.81612","4.8161173714","1","1","0"
"16655","23","Heading and Speed Sensor","T0809","Inhibit Response Function","OOI","","","","0","0","0.999005","0.9990051","1","0","0","0","0","0.9990051","2.51265","2.5126476773","2.51265","2.5126476773","1","1","0"
"16656","25","Feedback Control Module","T0809","Inhibit Response Function","OOI","","","","0","0","1.58277","1.5827703","1","0","0","0","0","1.5827703","3.9809","3.98090472","3.9809","3.98090472","1","1","0"
"16657","28","Human Override Control Interface","T0809","Inhibit Response Function","OOI","","","","0","0","2.18538","2.185376","1","0","0","0","0","2.185376","5.49655","5.4965484464","5.49655","5.4965484464","1","1","0"
"16658","34","Collision Avoidance System","T0809","Inhibit Response Function","OOI","","","","0","0","2.97833","2.978329","1","0","0","0","0","2.978329","7.49094","7.4909441844","7.49094","7.4909441844","0","0","0"
"16659","4","ENC Data Service","T0872","Evasion","","","","","0","0","0.336","0.336","1","0","0","0","0","0.336","0.84509","0.8450904","0.422545","0.4225452","1","1","0"
"16660","35","Navigation Support and Situational Awareness Module","T0809","Inhibit Response Function","OOI","","","","0","0","2.1134","2.113399","1","0","0","0","0","2.113399","5.31552","5.3155154949","5.31552","5.3155154949","1","1","0"
"16661","7","Satellite Communication System","T0872","Evasion","","","","","0","0","0.392","0.392","1","0","0","0","0","0.392","0.985939","0.9859388","0.985939","0.9859388","1","1","0"
"16662","9","Vessel Traffic Services Interface","T0872","Evasion","","","","","0","0","0.232","0.232","1","0","0","0","0","0.232","0.583515","0.5835148","0.583515","0.5835148","1","1","0"
"16663","8","RF / VHF / UHF Communication Module","T0872","Evasion","","","","","0","0","0.328","0.328","1","0","0","0","0","0.328","0.824969","0.8249692","0.824969","0.8249692","1","1","0"
"16664","6","Navigation Data Integration Tool","T0872","Evasion","","","","","0","0","0.512","0.512","1","0","0","0","0","0.512","1.28776","1.2877568","1.28776","1.2877568","1","1","0"
"16665","10","Remote Control Center Communication Interface","T0872","Evasion","","","","","0","0","0.416","0.416","1","0","0","0","0","0.416","1.0463","1.0463024","1.0463","1.0463024","1","1","0"
"16666","12","Controllable Pitch Propeller","T0872","Evasion","","","","","0","0","0.44","0.44","1","0","0","0","0","0.44","1.10667","1.106666","1.10667","1.106666","1","1","0"
"16667","14","Electric / Hybrid Propulsion System","T0872","Evasion","","","","","0","0","0.536","0.536","1","0","0","0","0","0.536","1.34812","1.3481204","1.34812","1.3481204","1","1","0"
"16668","11","GMDSS","T0872","Evasion","","","","","0","0","0.392","0.392","1","0","0","0","0","0.392","0.985939","0.9859388","0.985939","0.9859388","1","1","0"
"16669","15","Steering Gear System","T0872","Evasion","","","","","0","0","0.528","0.528","1","0","0","0","0","0.528","1.328","1.3279992","1.328","1.3279992","1","1","0"
"16670","25","Feedback Control Module","T0872","Evasion","","","","","0","0","0.36","0.36","1","0","0","0","0","0.36","0.905454","0.905454","0.905454","0.905454","1","1","0"
"16671","26","Vessel Traffic Services Decision Integration","T0872","Evasion","","","","","0","0","0.288","0.288","1","0","0","0","0","0.288","0.724363","0.7243632","0.724363","0.7243632","1","1","0"
"16672","16","Engine Control Mechanism","T0872","Evasion","","","","","0","0","0.576","0.576","1","0","0","0","0","0.576","1.44873","1.4487264","0.724363","0.7243632","1","1","0"
"16673","28","Human Override Control Interface","T0872","Evasion","","","","","0","0","0.416","0.416","1","0","0","0","0","0.416","1.0463","1.0463024","1.0463","1.0463024","1","1","0"
"16674","29","Internal Data Pipeline / Integration Module","T0872","Evasion","","","","","0","0","0.424","0.424","1","0","0","0","0","0.424","1.06642","1.0664236","1.06642","1.0664236","1","1","0"
"16675","34","Collision Avoidance System","T0872","Evasion","","","","","0","0","0.712","0.712","1","0","0","0","0","0.712","1.79079","1.7907868","1.79079","1.7907868","1","1","0"
"16676","34","Collision Avoidance System","T0877","Collection","","CoC","","","0","0","0.664485","0.66448488","1","0.154","0","0","0.154","0.81848488","1.67128","2.0586122459","1.67128","2.0586122459","1","1","0"
"16677","12","Controllable Pitch Propeller","T0877","Collection","","CoC","","","0","0","0.008","0.008","1","0.007","0","0","0.007","0.015","0.0201212","0.03772725","0.0201212","0.03772725","1","1","0"
"16678","15","Steering Gear System","T0877","Collection","","CoC","","","0","0","0.096","0.096","1","0.154","0","0","0.154","0.25","0.241454","0.6287875","0.241454","0.6287875","1","1","0"
"16679","16","Engine Control Mechanism","T0877","Collection","","CoC","","","0","0","0.224485","0.22448488","1","0.154","0","0","0.154","0.37848488","0.564613","0.9519462459","0.564613","0.9519462459","1","1","0"
"16680","6","Navigation Data Integration Tool","T0871","Execution","OOI","","InC","","0","0","1.38345","1.3834464","1","0","1","0","1","2.3834464","1.98833","3.4255606695","1.98833","3.4255606695","1","1","0"
"16681","35","Navigation Support and Situational Awareness Module","T0872","Evasion","","","","","0","0","0.536","0.536","1","0","0","0","0","0.536","1.34812","1.3481204","1.34812","1.3481204","1","1","0"
"16682","7","Satellite Communication System","T0871","Execution","OOI","","InC","","0","0","1.10308","1.1030758","1","0","0.56","0","0.56","1.6630758","1.58537","2.390222432","1.58537","2.390222432","1","1","0"
"16683","4","ENC Data Service","T0871","Execution","OOI","","InC","","0","0","0.976714","0.97671383","1","0","1","0","1","1.97671383","1.40376","2.8409924179","1.40376","2.8409924179","1","1","0"
"16684","8","RF / VHF / UHF Communication Module","T0871","Execution","OOI","","InC","","0","0","0.624242","0.6242424","1","0","0.56","0","0.56","1.1842424","0.89718","1.7020287046","0.89718","1.7020287046","1","1","0"
"16685","11","GMDSS","T0871","Execution","OOI","","InC","","0","0","1.10308","1.1030758","1","0","0.56","0","0.56","1.6630758","1.58537","2.390222432","1.58537","2.390222432","1","1","0"
"16686","9","Vessel Traffic Services Interface","T0871","Execution","OOI","","InC","","0","0","0.684","0.684","1","0","0.56","0","0.56","1.244","0.983065","1.78791412","0.983065","1.78791412","1","1","0"
"16687","12","Controllable Pitch Propeller","T0871","Execution","OOI","","InC","","0","0","1.6151","1.615096","1","0","1","0","1","2.615096","2.32126","3.7584944241","0.580316","0.939623606","1","1","0"
"16688","15","Steering Gear System","T0871","Execution","OOI","","InC","","0","0","1.68993","1.689926","1","0","1","0","1","2.689926","2.42881","3.866042345","0.607203","0.9665105862","1","1","0"
"16689","10","Remote Control Center Communication Interface","T0871","Execution","OOI","","InC","","0","0","1.22863","1.2286314","1","0","1","0","1","2.2286314","1.76583","3.203055907","1.76583","3.203055907","1","1","0"
"16690","16","Engine Control Mechanism","T0871","Execution","OOI","","InC","","0","0","1.86082","1.86082088","1","0","1","0","1","2.86082088","2.67443","4.1116575934","0.668607","1.0279143983","1","1","0"
"16691","20","Weather Transmission System","T0871","Execution","OOI","","InC","","0","0","0.5363","0.5362996","1","0","0.56","0","0.56","1.0962996","0.770786","1.5756346741","0.770786","1.5756346741","1","1","0"
"16692","26","Vessel Traffic Services Decision Integration","T0871","Execution","OOI","","InC","","0","0","0.734671","0.7346714","1","0","0.56","0","0.56","1.2946714","1.05589","1.8607405762","1.05589","1.8607405762","1","1","0"
"16693","29","Internal Data Pipeline / Integration Module","T0871","Execution","OOI","","InC","","0","0","1.21333","1.21332788","1","0","1","0","1","2.21332788","1.74383","3.181061229","1.74383","3.181061229","1","1","0"
"16694","28","Human Override Control Interface","T0871","Execution","OOI","","InC","","0","0","1.20962","1.2096184","1","0","0.56","0","0.56","1.7696184","1.7385","2.543348653","0.434625","0.6358371633","1","1","0"
"16695","2","GNSS / GPS Receiver","T0862","Initial Access","","","InC","","0","0","0.0242424","0.0242424","1","0","1","0","1","1.0242424","0.0348419","1.4720719046","0.0348419","1.4720719046","1","1","0"
"16696","34","Collision Avoidance System","T0871","Execution","OOI","","InC","","0","0","2.02681","2.02681388","1","0","1","0","1","3.02681388","2.913","4.3502277128","2.913","4.3502277128","1","1","0"
"16697","35","Navigation Support and Situational Awareness Module","T0871","Execution","OOI","","InC","","0","0","1.38764","1.3876414","1","0","1","0","1","2.3876414","1.99436","3.4315898493","1.99436","3.4315898493","1","1","0"
"16698","3","AIS Interface","T0862","Initial Access","","","InC","","0","0","0.0484849","0.04848488","1","0","1","0","1","1.04848488","0.0696839","1.5069139241","0.0696839","1.5069139241","1","1","0"
"16699","5","RADAR / ARPA System","T0862","Initial Access","","","InC","","0","0","0.0484849","0.04848488","1","0","1","0","1","1.04848488","0.0696839","1.5069139241","0.0696839","1.5069139241","1","1","0"
"16700","4","ENC Data Service","T0862","Initial Access","","","InC","","0","0","0.0242424","0.0242424","1","0","1","0","1","1.0242424","0.0348419","1.4720719046","0.0348419","1.4720719046","1","1","0"
"16701","7","Satellite Communication System","T0862","Initial Access","","","InC","","0","0","0.0242424","0.0242424","1","0","0.56","0","0.56","0.5842424","0.0348419","0.8396907046","0.0348419","0.8396907046","1","1","0"
"16702","6","Navigation Data Integration Tool","T0862","Initial Access","","","InC","","0","0","0.0242424","0.0242424","1","0","1","0","1","1.0242424","0.0348419","1.4720719046","0.0348419","1.4720719046","1","1","0"
"16703","8","RF / VHF / UHF Communication Module","T0862","Initial Access","","","InC","","0","0","0.0242424","0.0242424","1","0","0.56","0","0.56","0.5842424","0.0348419","0.8396907046","0.0348419","0.8396907046","1","1","0"
"16704","9","Vessel Traffic Services Interface","T0862","Initial Access","","","InC","","0","0","0.024","0.024","1","0","0.56","0","0.56","0.584","0.0344935","0.83934232","0.0344935","0.83934232","1","1","0"
"16705","10","Remote Control Center Communication Interface","T0862","Initial Access","","","InC","","0","0","0.0242424","0.0242424","1","0","1","0","1","1.0242424","0.0348419","1.4720719046","0.0348419","1.4720719046","1","1","0"
"16706","11","GMDSS","T0862","Initial Access","","","InC","","0","0","0.0242424","0.0242424","1","0","0.56","0","0.56","0.5842424","0.0348419","0.8396907046","0.0348419","0.8396907046","1","1","0"
"16707","13","Rudder Angle Indicator","T0862","Initial Access","","","InC","","0","0","0.0242424","0.0242424","1","0","0.56","0","0.56","0.5842424","0.0348419","0.8396907046","0.0348419","0.8396907046","1","1","0"
"16708","12","Controllable Pitch Propeller","T0862","Initial Access","","","InC","","0","0","0","0","1","0","1","0","1","1","0","1.43723","0","1.43723","1","1","0"
"16709","18","Sonar","T0862","Initial Access","","","InC","","0","0","0.0242424","0.0242424","1","0","0.56","0","0.56","0.5842424","0.0348419","0.8396907046","0.0348419","0.8396907046","1","1","0"
"16710","17","LiDAR","T0862","Initial Access","","","InC","","0","0","0.0242424","0.0242424","1","0","0.56","0","0.56","0.5842424","0.0348419","0.8396907046","0.0348419","0.8396907046","1","1","0"
"16711","16","Engine Control Mechanism","T0862","Initial Access","","","InC","","0","0","0.0484849","0.04848488","1","0","1","0","1","1.04848488","0.0696839","1.5069139241","0.0696839","1.5069139241","1","1","0"
"16712","15","Steering Gear System","T0862","Initial Access","","","InC","","0","0","0","0","1","0","1","0","1","1","0","1.43723","0","1.43723","1","1","0"
"16713","14","Electric / Hybrid Propulsion System","T0862","Initial Access","","","InC","","0","0","0","0","1","0","1","0","1","1","0","1.43723","0","1.43723","1","1","0"
"16714","21","Echo Sounder","T0862","Initial Access","","","InC","","0","0","0.024","0.024","1","0","0.56","0","0.56","0.584","0.0344935","0.83934232","0.0344935","0.83934232","1","1","0"
"16715","19","Infrared Camera System","T0862","Initial Access","","","InC","","0","0","0.0242424","0.0242424","1","0","0.56","0","0.56","0.5842424","0.0348419","0.8396907046","0.0348419","0.8396907046","1","1","0"
"16716","20","Weather Transmission System","T0862","Initial Access","","","InC","","0","0","0.0242424","0.0242424","1","0","0.56","0","0.56","0.5842424","0.0348419","0.8396907046","0.0348419","0.8396907046","1","1","0"
"16717","23","Heading and Speed Sensor","T0862","Initial Access","","","InC","","0","0","0.0242424","0.0242424","1","0","0.56","0","0.56","0.5842424","0.0348419","0.8396907046","0.0348419","0.8396907046","1","1","0"
"16718","25","Feedback Control Module","T0862","Initial Access","","","InC","","0","0","0.0242424","0.0242424","1","0","0.56","0","0.56","0.5842424","0.0348419","0.8396907046","0.0348419","0.8396907046","1","1","0"
"16719","28","Human Override Control Interface","T0862","Initial Access","","","InC","","0","0","0.0242424","0.0242424","1","0","0.56","0","0.56","0.5842424","0.0348419","0.8396907046","0.0348419","0.8396907046","1","1","0"
"16720","22","Gyroscope Compass","T0862","Initial Access","","","InC","","0","0","0.0484849","0.04848488","1","0","0.56","0","0.56","0.60848488","0.0696839","0.8745327241","0.0696839","0.8745327241","1","1","0"
"16721","26","Vessel Traffic Services Decision Integration","T0862","Initial Access","","","InC","","0","0","0.0242424","0.0242424","1","0","0.56","0","0.56","0.5842424","0.0348419","0.8396907046","0.0348419","0.8396907046","1","1","0"
"16722","34","Collision Avoidance System","T0862","Initial Access","","","InC","","0","0","0.0484849","0.04848488","1","0","1","0","1","1.04848488","0.0696839","1.5069139241","0.0696839","1.5069139241","1","1","0"
"16723","29","Internal Data Pipeline / Integration Module","T0862","Initial Access","","","InC","","0","0","0.0484849","0.04848488","1","0","1","0","1","1.04848488","0.0696839","1.5069139241","0.0696839","1.5069139241","1","1","0"
"16724","14","Electric / Hybrid Propulsion System","T0895","Execution","OOI","","InC","","0","0","1.6151","1.615096","1","0","1","0","1","2.615096","3.5874","5.8085727823","3.5874","5.8085727823","1","1","0"
"16725","16","Engine Control Mechanism","T0895","Execution","OOI","","InC","","0","0","1.86082","1.86082088","1","0","1","0","1","2.86082088","4.1332","6.354369514","4.1332","6.354369514","1","1","0"
"16726","35","Navigation Support and Situational Awareness Module","T0862","Initial Access","","","InC","","0","0","0.0242424","0.0242424","1","0","1","0","1","1.0242424","0.0348419","1.4720719046","0.0348419","1.4720719046","1","1","0"
"16727","25","Feedback Control Module","T0895","Execution","OOI","","InC","","0","0","0.857013","0.8570127","1","0","0.56","0","0.56","1.4170127","1.90357","3.1474260989","1.90357","3.1474260989","1","1","0"
"16728","28","Human Override Control Interface","T0895","Execution","OOI","","InC","","0","0","1.20962","1.2096184","1","0","0.56","0","0.56","1.7696184","2.68677","3.9306233015","2.68677","3.9306233015","1","1","0"
"16729","4","ENC Data Service","T0856","Evasion","","","","","0","0","0.336","0.336","1","0","0","0","0","0.336","0.84509","0.8450904","0.84509","0.8450904","1","1","0"
"16730","4","ENC Data Service","T0856","Impair Process Control","I2CF","","","","1","0","1.45247","1.45247143","1","0","0","0","0","1.45247143","3.65318","3.6531835172","3.65318","3.6531835172","1","1","0"
"16731","6","Navigation Data Integration Tool","T0856","Evasion","","","","","0","0","0.512","0.512","1","0","0","0","0","0.512","1.28776","1.2877568","0.643878","0.6438784","1","1","0"
"16732","6","Navigation Data Integration Tool","T0856","Impair Process Control","I2CF","","","","1","0","2.1092","2.109204","1","0","0","0","0","2.109204","5.30496","5.3049644406","2.65248","2.6524822203","1","1","0"
"16733","7","Satellite Communication System","T0856","Evasion","","","","","0","0","0.392","0.392","1","0","0","0","0","0.392","0.985939","0.9859388","0.246485","0.2464847","1","1","0"
"16734","7","Satellite Communication System","T0856","Impair Process Control","I2CF","","","","1","0","1.82883","1.8288334","1","0","0","0","0","1.8288334","4.59979","4.599790326","1.14995","1.1499475815","1","1","0"
"16735","8","RF / VHF / UHF Communication Module","T0856","Evasion","","","","","0","0","0.328","0.328","1","0","0","0","0","0.328","0.824969","0.8249692","0.412485","0.4124846","1","1","0"
"16736","8","RF / VHF / UHF Communication Module","T0856","Impair Process Control","I2CF","","","","1","0","1.1","1.1","1","0","0","0","0","1.1","2.76666","2.766665","1.38333","1.3833325","1","1","0"
"16737","12","Controllable Pitch Propeller","T0856","Evasion","","","","","0","0","0.44","0.44","1","0","0","0","0","0.44","1.10667","1.106666","0.276666","0.2766665","1","1","0"
"16738","12","Controllable Pitch Propeller","T0856","Impair Process Control","I2CF","","","","1","0","2.6151","2.615096","1","0","0","0","0","2.615096","6.57736","6.5773587044","1.64434","1.6443396761","1","1","0"
"16739","11","GMDSS","T0856","Evasion","","","","","0","0","0.392","0.392","1","0","0","0","0","0.392","0.985939","0.9859388","0.492969","0.4929694","1","1","0"
"16740","11","GMDSS","T0856","Impair Process Control","I2CF","","","","1","0","2.07883","2.0788334","1","0","0","0","0","2.0788334","5.22858","5.228577826","2.61429","2.614288913","1","1","0"
"16741","15","Steering Gear System","T0856","Evasion","","","","","0","0","0.528","0.528","1","0","0","0","0","0.528","1.328","1.3279992","0.332","0.3319998","1","1","0"
"16742","15","Steering Gear System","T0856","Impair Process Control","I2CF","","","","1","0","2.68993","2.689926","1","0","0","0","0","2.689926","6.76557","6.7655673789","1.69139","1.6913918447","1","1","0"
"16743","9","Vessel Traffic Services Interface","T0856","Evasion","","","","","0","0","0.232","0.232","1","0","0","0","0","0.232","0.583515","0.5835148","0.145879","0.1458787","1","1","0"
"16744","9","Vessel Traffic Services Interface","T0856","Impair Process Control","I2CF","","","","1","0","1.16","1.16","1","0","0","0","0","1.16","2.91757","2.917574","0.729393","0.7293935","1","1","0"
"16745","25","Feedback Control Module","T0856","Evasion","","","","","0","0","0.36","0.36","1","0","0","0","0","0.36","0.905454","0.905454","0.905454","0.905454","1","1","0"
"16746","25","Feedback Control Module","T0856","Impair Process Control","I2CF","","","","1","0","1.58277","1.5827703","1","0","0","0","0","1.5827703","3.9809","3.98090472","3.9809","3.98090472","1","1","0"
"16747","10","Remote Control Center Communication Interface","T0856","Evasion","","","","","0","0","0.416","0.416","1","0","0","0","0","0.416","1.0463","1.0463024","0.261576","0.2615756","1","1","0"
"16748","10","Remote Control Center Communication Interface","T0856","Impair Process Control","I2CF","","","","1","0","1.95439","1.954389","1","0","0","0","0","1.954389","4.91558","4.9155814934","1.2289","1.2288953733","1","1","0"
"16749","14","Electric / Hybrid Propulsion System","T0856","Evasion","","","","","0","0","0.536","0.536","1","0","0","0","0","0.536","1.34812","1.3481204","0.33703","0.3370301","1","1","0"
"16750","14","Electric / Hybrid Propulsion System","T0856","Impair Process Control","I2CF","","","","1","0","2.6151","2.615096","1","0","0","0","0","2.615096","6.57736","6.5773587044","1.64434","1.6443396761","1","1","0"
"16751","16","Engine Control Mechanism","T0856","Evasion","","","","","0","0","0.576","0.576","1","0","0","0","0","0.576","1.44873","1.4487264","0.362182","0.3621816","1","1","0"
"16752","16","Engine Control Mechanism","T0856","Impair Process Control","I2CF","","","","1","0","2.81234","2.812336","1","0","0","0","0","2.812336","7.07345","7.0734468904","1.76836","1.7683617226","1","1","0"
"16753","29","Internal Data Pipeline / Integration Module","T0856","Evasion","","","","","0","0","0.424","0.424","1","0","0","0","0","0.424","1.06642","1.0664236","0.533212","0.5332118","1","1","0"
"16754","29","Internal Data Pipeline / Integration Module","T0856","Impair Process Control","I2CF","","","","1","0","1.91484","1.914843","1","0","0","0","0","1.914843","4.81612","4.8161173714","2.40806","2.4080586857","1","1","0"
"16755","26","Vessel Traffic Services Decision Integration","T0856","Evasion","","","","","0","0","0.288","0.288","1","0","0","0","0","0.288","0.724363","0.7243632","0.181091","0.1810908","1","1","0"
"16756","26","Vessel Traffic Services Decision Integration","T0856","Impair Process Control","I2CF","","","","1","0","1.21043","1.210429","1","0","0","0","0","1.210429","3.04441","3.0444104994","0.761103","0.7611026248","1","1","0"
"16757","28","Human Override Control Interface","T0856","Evasion","","","","","0","0","0.416","0.416","1","0","0","0","0","0.416","1.0463","1.0463024","0.523151","0.5231512","1","1","0"
"16758","28","Human Override Control Interface","T0856","Impair Process Control","I2CF","","","","1","0","2.18538","2.185376","1","0","0","0","0","2.185376","5.49655","5.4965484464","2.74827","2.7482742232","1","1","0"
"16759","34","Collision Avoidance System","T0856","Evasion","","","","","0","0","0.712","0.712","1","0","0","0","0","0.712","1.79079","1.7907868","1.79079","1.7907868","1","1","0"
"16760","34","Collision Avoidance System","T0856","Impair Process Control","I2CF","","","","1","0","2.97833","2.978329","1","0","0","0","0","2.978329","7.49094","7.4909441844","7.49094","7.4909441844","0","0","0"
"16761","35","Navigation Support and Situational Awareness Module","T0856","Evasion","","","","","0","0","0.536","0.536","1","0","0","0","0","0.536","1.34812","1.3481204","1.34812","1.3481204","1","1","0"
"16762","35","Navigation Support and Situational Awareness Module","T0856","Impair Process Control","I2CF","","","","1","0","2.1134","2.113399","1","0","0","0","0","2.113399","5.31552","5.3155154949","5.31552","5.3155154949","1","1","0"
"16763","6","Navigation Data Integration Tool","T0866","Lateral Movement","","","InC","","0","0","0.0242424","0.0242424","1","0","1","0","1","1.0242424","0.0942312","3.9812711785","0.0471156","1.9906355892","1","1","0"
"16764","6","Navigation Data Integration Tool","T0866","Initial Access","","","InC","","0","0","0.0242424","0.0242424","1","0","1","0","1","1.0242424","0.0942312","3.9812711785","0.0471156","1.9906355892","1","1","0"
"16765","4","ENC Data Service","T0866","Lateral Movement","","","InC","","0","0","0.0242424","0.0242424","1","0","1","0","1","1.0242424","0.0942312","3.9812711785","0.0942312","3.9812711785","1","1","0"
"16766","4","ENC Data Service","T0866","Initial Access","","","InC","","0","0","0.0242424","0.0242424","1","0","1","0","1","1.0242424","0.0942312","3.9812711785","0.0942312","3.9812711785","1","1","0"
"16767","7","Satellite Communication System","T0866","Lateral Movement","","","InC","","0","0","0.0242424","0.0242424","1","0","0.56","0","0.56","0.5842424","0.0942312","2.2709735785","0.0471156","1.1354867892","1","1","0"
"16768","7","Satellite Communication System","T0866","Initial Access","","","InC","","0","0","0.0242424","0.0242424","1","0","0.56","0","0.56","0.5842424","0.0942312","2.2709735785","0.0471156","1.1354867892","1","1","0"
"16769","10","Remote Control Center Communication Interface","T0866","Lateral Movement","","","InC","","0","0","0.0242424","0.0242424","1","0","1","0","1","1.0242424","0.0942312","3.9812711785","0.0471156","1.9906355892","1","1","0"
"16770","10","Remote Control Center Communication Interface","T0866","Initial Access","","","InC","","0","0","0.0242424","0.0242424","1","0","1","0","1","1.0242424","0.0942312","3.9812711785","0.0471156","1.9906355892","1","1","0"
"16771","9","Vessel Traffic Services Interface","T0866","Lateral Movement","","","InC","","0","0","0.024","0.024","1","0","0.56","0","0.56","0.584","0.093289","2.27003136","0.0466445","1.13501568","1","1","0"
"16772","9","Vessel Traffic Services Interface","T0866","Initial Access","","","InC","","0","0","0.024","0.024","1","0","0.56","0","0.56","0.584","0.093289","2.27003136","0.0466445","1.13501568","1","1","0"
"16773","8","RF / VHF / UHF Communication Module","T0866","Lateral Movement","","","InC","","0","0","0.0242424","0.0242424","1","0","0.56","0","0.56","0.5842424","0.0942312","2.2709735785","0.0471156","1.1354867892","1","1","0"
"16774","8","RF / VHF / UHF Communication Module","T0866","Initial Access","","","InC","","0","0","0.0242424","0.0242424","1","0","0.56","0","0.56","0.5842424","0.0942312","2.2709735785","0.0471156","1.1354867892","1","1","0"
"16775","11","GMDSS","T0866","Lateral Movement","","","InC","","0","0","0.0242424","0.0242424","1","0","0.56","0","0.56","0.5842424","0.0942312","2.2709735785","0.0471156","1.1354867892","1","1","0"
"16776","11","GMDSS","T0866","Initial Access","","","InC","","0","0","0.0242424","0.0242424","1","0","0.56","0","0.56","0.5842424","0.0942312","2.2709735785","0.0471156","1.1354867892","1","1","0"
"16777","3","AIS Interface","T0812","Lateral Movement","","","InC","","0","0","0.0484849","0.04848488","1","0","1","0","1","1.04848488","0.188463","4.075502668","0.188463","4.075502668","1","1","0"
"16778","12","Controllable Pitch Propeller","T0866","Lateral Movement","","","InC","","0","0","0","0","1","0","1","0","1","1","0","3.88704","0","3.88704","1","1","0"
"16779","12","Controllable Pitch Propeller","T0866","Initial Access","","","InC","","0","0","0","0","1","0","1","0","1","1","0","3.88704","0","3.88704","1","1","0"
"16780","2","GNSS / GPS Receiver","T0812","Lateral Movement","","","InC","","0","0","0.0242424","0.0242424","1","0","1","0","1","1.0242424","0.0942312","3.9812711785","0.0942312","3.9812711785","1","1","0"
"16781","4","ENC Data Service","T0812","Lateral Movement","","","InC","","0","0","0.0242424","0.0242424","1","0","1","0","1","1.0242424","0.0942312","3.9812711785","0.0942312","3.9812711785","1","1","0"
"16782","5","RADAR / ARPA System","T0812","Lateral Movement","","","InC","","0","0","0.0484849","0.04848488","1","0","1","0","1","1.04848488","0.188463","4.075502668","0.188463","4.075502668","1","1","0"
"16783","6","Navigation Data Integration Tool","T0812","Lateral Movement","","","InC","","0","0","0.0242424","0.0242424","1","0","1","0","1","1.0242424","0.0942312","3.9812711785","0.0942312","3.9812711785","1","1","0"
"16784","14","Electric / Hybrid Propulsion System","T0866","Lateral Movement","","","InC","","0","0","0","0","1","0","1","0","1","1","0","3.88704","0","3.88704","1","1","0"
"16785","14","Electric / Hybrid Propulsion System","T0866","Initial Access","","","InC","","0","0","0","0","1","0","1","0","1","1","0","3.88704","0","3.88704","1","1","0"
"16786","7","Satellite Communication System","T0812","Lateral Movement","","","InC","","0","0","0.0242424","0.0242424","1","0","0.56","0","0.56","0.5842424","0.0942312","2.2709735785","0.0942312","2.2709735785","1","1","0"
"16787","8","RF / VHF / UHF Communication Module","T0812","Lateral Movement","","","InC","","0","0","0.0242424","0.0242424","1","0","0.56","0","0.56","0.5842424","0.0942312","2.2709735785","0.0942312","2.2709735785","1","1","0"
"16788","25","Feedback Control Module","T0866","Lateral Movement","","","InC","","0","0","0.0242424","0.0242424","1","0","0.56","0","0.56","0.5842424","0.0942312","2.2709735785","0.0942312","2.2709735785","1","1","0"
"16789","25","Feedback Control Module","T0866","Initial Access","","","InC","","0","0","0.0242424","0.0242424","1","0","0.56","0","0.56","0.5842424","0.0942312","2.2709735785","0.0942312","2.2709735785","1","1","0"
"16790","26","Vessel Traffic Services Decision Integration","T0866","Lateral Movement","","","InC","","0","0","0.0242424","0.0242424","1","0","0.56","0","0.56","0.5842424","0.0942312","2.2709735785","0.0471156","1.1354867892","1","1","0"
"16791","26","Vessel Traffic Services Decision Integration","T0866","Initial Access","","","InC","","0","0","0.0242424","0.0242424","1","0","0.56","0","0.56","0.5842424","0.0942312","2.2709735785","0.0471156","1.1354867892","1","1","0"
"16792","16","Engine Control Mechanism","T0866","Lateral Movement","","","InC","","0","0","0.0484849","0.04848488","1","0","1","0","1","1.04848488","0.188463","4.075502668","0.0942313","2.037751334","1","1","0"
"16793","16","Engine Control Mechanism","T0866","Initial Access","","","InC","","0","0","0.0484849","0.04848488","1","0","1","0","1","1.04848488","0.188463","4.075502668","0.0942313","2.037751334","1","1","0"
"16794","15","Steering Gear System","T0866","Lateral Movement","","","InC","","0","0","0","0","1","0","1","0","1","1","0","3.88704","0","3.88704","1","1","0"
"16795","15","Steering Gear System","T0866","Initial Access","","","InC","","0","0","0","0","1","0","1","0","1","1","0","3.88704","0","3.88704","1","1","0"
"16796","9","Vessel Traffic Services Interface","T0812","Lateral Movement","","","InC","","0","0","0.024","0.024","1","0","0.56","0","0.56","0.584","0.093289","2.27003136","0.093289","2.27003136","1","1","0"
"16797","10","Remote Control Center Communication Interface","T0812","Lateral Movement","","","InC","","0","0","0.0242424","0.0242424","1","0","1","0","1","1.0242424","0.0942312","3.9812711785","0.0942312","3.9812711785","1","1","0"
"16798","28","Human Override Control Interface","T0866","Lateral Movement","","","InC","","0","0","0.0242424","0.0242424","1","0","0.56","0","0.56","0.5842424","0.0942312","2.2709735785","0.0471156","1.1354867892","1","1","0"
"16799","28","Human Override Control Interface","T0866","Initial Access","","","InC","","0","0","0.0242424","0.0242424","1","0","0.56","0","0.56","0.5842424","0.0942312","2.2709735785","0.0471156","1.1354867892","1","1","0"
"16800","13","Rudder Angle Indicator","T0812","Lateral Movement","","","InC","","0","0","0.0242424","0.0242424","1","0","0.56","0","0.56","0.5842424","0.0942312","2.2709735785","0.0942312","2.2709735785","1","1","0"
"16801","29","Internal Data Pipeline / Integration Module","T0866","Lateral Movement","","","InC","","0","0","0.0484849","0.04848488","1","0","1","0","1","1.04848488","0.188463","4.075502668","0.0942313","2.037751334","1","1","0"
"16802","29","Internal Data Pipeline / Integration Module","T0866","Initial Access","","","InC","","0","0","0.0484849","0.04848488","1","0","1","0","1","1.04848488","0.188463","4.075502668","0.0942313","2.037751334","1","1","0"
"16803","35","Navigation Support and Situational Awareness Module","T0866","Lateral Movement","","","InC","","0","0","0.0242424","0.0242424","1","0","1","0","1","1.0242424","0.0942312","3.9812711785","0.0942312","3.9812711785","1","1","0"
"16804","35","Navigation Support and Situational Awareness Module","T0866","Initial Access","","","InC","","0","0","0.0242424","0.0242424","1","0","1","0","1","1.0242424","0.0942312","3.9812711785","0.0942312","3.9812711785","1","1","0"
"16805","11","GMDSS","T0812","Lateral Movement","","","InC","","0","0","0.0242424","0.0242424","1","0","0.56","0","0.56","0.5842424","0.0942312","2.2709735785","0.0942312","2.2709735785","1","1","0"
"16806","12","Controllable Pitch Propeller","T0812","Lateral Movement","","","InC","","0","0","0","0","1","0","1","0","1","1","0","3.88704","0","3.88704","1","1","0"
"16807","34","Collision Avoidance System","T0866","Lateral Movement","","","InC","","0","0","0.0484849","0.04848488","1","0","1","0","1","1.04848488","0.188463","4.075502668","0.188463","4.075502668","1","1","0"
"16808","34","Collision Avoidance System","T0866","Initial Access","","","InC","","0","0","0.0484849","0.04848488","1","0","1","0","1","1.04848488","0.188463","4.075502668","0.188463","4.075502668","1","1","0"
"16809","14","Electric / Hybrid Propulsion System","T0812","Lateral Movement","","","InC","","0","0","0","0","1","0","1","0","1","1","0","3.88704","0","3.88704","1","1","0"
"16810","15","Steering Gear System","T0812","Lateral Movement","","","InC","","0","0","0","0","1","0","1","0","1","1","0","3.88704","0","3.88704","1","1","0"
"16811","18","Sonar","T0812","Lateral Movement","","","InC","","0","0","0.0242424","0.0242424","1","0","0.56","0","0.56","0.5842424","0.0942312","2.2709735785","0.0942312","2.2709735785","1","1","0"
"16812","16","Engine Control Mechanism","T0812","Lateral Movement","","","InC","","0","0","0.0484849","0.04848488","1","0","1","0","1","1.04848488","0.188463","4.075502668","0.188463","4.075502668","1","1","0"
"16813","17","LiDAR","T0812","Lateral Movement","","","InC","","0","0","0.0242424","0.0242424","1","0","0.56","0","0.56","0.5842424","0.0942312","2.2709735785","0.0942312","2.2709735785","1","1","0"
"16814","19","Infrared Camera System","T0812","Lateral Movement","","","InC","","0","0","0.0242424","0.0242424","1","0","0.56","0","0.56","0.5842424","0.0942312","2.2709735785","0.0942312","2.2709735785","1","1","0"
"16815","22","Gyroscope Compass","T0812","Lateral Movement","","","InC","","0","0","0.0484849","0.04848488","1","0","0.56","0","0.56","0.60848488","0.188463","2.365205068","0.188463","2.365205068","1","1","0"
"16816","21","Echo Sounder","T0812","Lateral Movement","","","InC","","0","0","0.024","0.024","1","0","0.56","0","0.56","0.584","0.093289","2.27003136","0.093289","2.27003136","1","1","0"
"16817","20","Weather Transmission System","T0812","Lateral Movement","","","InC","","0","0","0.0242424","0.0242424","1","0","0.56","0","0.56","0.5842424","0.0942312","2.2709735785","0.0942312","2.2709735785","1","1","0"
"16818","23","Heading and Speed Sensor","T0812","Lateral Movement","","","InC","","0","0","0.0242424","0.0242424","1","0","0.56","0","0.56","0.5842424","0.0942312","2.2709735785","0.0942312","2.2709735785","1","1","0"
"16819","34","Collision Avoidance System","T0812","Lateral Movement","","","InC","","0","0","0.0484849","0.04848488","1","0","1","0","1","1.04848488","0.188463","4.075502668","0.188463","4.075502668","1","1","0"
"16820","25","Feedback Control Module","T0812","Lateral Movement","","","InC","","0","0","0.0242424","0.0242424","1","0","0.56","0","0.56","0.5842424","0.0942312","2.2709735785","0.0942312","2.2709735785","1","1","0"
"16821","26","Vessel Traffic Services Decision Integration","T0812","Lateral Movement","","","InC","","0","0","0.0242424","0.0242424","1","0","0.56","0","0.56","0.5842424","0.0942312","2.2709735785","0.0942312","2.2709735785","1","1","0"
"16822","28","Human Override Control Interface","T0812","Lateral Movement","","","InC","","0","0","0.0242424","0.0242424","1","0","0.56","0","0.56","0.5842424","0.0942312","2.2709735785","0.0942312","2.2709735785","1","1","0"
"16823","29","Internal Data Pipeline / Integration Module","T0812","Lateral Movement","","","InC","","0","0","0.0484849","0.04848488","1","0","1","0","1","1.04848488","0.188463","4.075502668","0.188463","4.075502668","1","1","0"
"16824","7","Satellite Communication System","T0822","Initial Access","","","InC","","0","0","0.0242424","0.0242424","1","0","0.56","0","0.56","0.5842424","0.0538465","1.2977016916","0.0269232","0.6488508458","1","1","0"
"16825","4","ENC Data Service","T0822","Initial Access","","","InC","","0","0","0.0242424","0.0242424","1","0","1","0","1","1.0242424","0.0538465","2.2750164916","0.0538465","2.2750164916","1","1","0"
"16826","10","Remote Control Center Communication Interface","T0822","Initial Access","","","InC","","0","0","0.0242424","0.0242424","1","0","1","0","1","1.0242424","0.0538465","2.2750164916","0.0134616","0.5687541229","1","1","0"
"16827","35","Navigation Support and Situational Awareness Module","T0812","Lateral Movement","","","InC","","0","0","0.0242424","0.0242424","1","0","1","0","1","1.0242424","0.0942312","3.9812711785","0.0942312","3.9812711785","1","1","0"
"16828","6","Navigation Data Integration Tool","T0822","Initial Access","","","InC","","0","0","0.0242424","0.0242424","1","0","1","0","1","1.0242424","0.0538465","2.2750164916","0.0269232","1.1375082458","1","1","0"
"16829","29","Internal Data Pipeline / Integration Module","T0822","Initial Access","","","InC","","0","0","0.0484849","0.04848488","1","0","1","0","1","1.04848488","0.107693","2.3288631609","0.0538466","1.1644315805","1","1","0"
"16830","11","GMDSS","T0822","Initial Access","","","InC","","0","0","0.0242424","0.0242424","1","0","0.56","0","0.56","0.5842424","0.0538465","1.2977016916","0.0269232","0.6488508458","1","1","0"
"16831","9","Vessel Traffic Services Interface","T0822","Initial Access","","","InC","","0","0","0.024","0.024","1","0","0.56","0","0.56","0.584","0.0533081","1.29716328","0.026654","0.64858164","1","1","0"
"16832","8","RF / VHF / UHF Communication Module","T0822","Initial Access","","","InC","","0","0","0.0242424","0.0242424","1","0","0.56","0","0.56","0.5842424","0.0538465","1.2977016916","0.0269232","0.6488508458","1","1","0"
"16833","26","Vessel Traffic Services Decision Integration","T0822","Initial Access","","","InC","","0","0","0.0242424","0.0242424","1","0","0.56","0","0.56","0.5842424","0.0538465","1.2977016916","0.0269232","0.6488508458","1","1","0"
"16834","35","Navigation Support and Situational Awareness Module","T0822","Initial Access","","","InC","","0","0","0.0242424","0.0242424","1","0","1","0","1","1.0242424","0.0538465","2.2750164916","0.0538465","2.2750164916","1","1","0"
"16835","12","Controllable Pitch Propeller","T0806","Impair Process Control","I2CF","","","","1","0","2.6151","2.615096","1","0","0","0","0","2.615096","3.75849","3.7584944241","3.75849","3.7584944241","1","1","0"
"16836","14","Electric / Hybrid Propulsion System","T0806","Impair Process Control","I2CF","","","","1","0","2.6151","2.615096","1","0","0","0","0","2.615096","3.75849","3.7584944241","3.75849","3.7584944241","1","1","0"
"16837","15","Steering Gear System","T0806","Impair Process Control","I2CF","","","","1","0","2.68993","2.689926","1","0","0","0","0","2.689926","3.86604","3.866042345","3.86604","3.866042345","1","1","0"
"16838","16","Engine Control Mechanism","T0806","Impair Process Control","I2CF","","","","1","0","2.81234","2.812336","1","0","0","0","0","2.812336","4.04197","4.0419736693","4.04197","4.0419736693","1","1","0"
"16839","25","Feedback Control Module","T0806","Impair Process Control","I2CF","","","","1","0","1.58277","1.5827703","1","0","0","0","0","1.5827703","2.27481","2.2748049583","2.27481","2.2748049583","1","1","0"
"16840","28","Human Override Control Interface","T0806","Impair Process Control","I2CF","","","","1","0","2.18538","2.185376","1","0","0","0","0","2.185376","3.14089","3.1408879485","1.57044","1.5704439742","1","1","0"
"16841","34","Collision Avoidance System","T0806","Impair Process Control","I2CF","","","","1","0","2.97833","2.978329","1","0","0","0","0","2.978329","4.28054","4.2805437887","4.28054","4.2805437887","1","1","0"
"16842","2","GNSS / GPS Receiver","T0830","Collection","","CoC","","","0","0","0.464242","0.4642424","1","0.392","0","0","0.392","0.8562424","0.667223","1.2306172646","0.667223","1.2306172646","1","1","0"
"16843","5","RADAR / ARPA System","T0830","Collection","","CoC","","","0","0","0.576485","0.57648488","1","0.154","0","0","0.154","0.73048488","0.828541","1.0498747841","0.828541","1.0498747841","1","1","0"
"16844","4","ENC Data Service","T0830","Collection","","CoC","","","0","0","0.376242","0.3762424","1","0.154","0","0","0.154","0.5302424","0.540747","0.7620802846","0.540747","0.7620802846","1","1","0"
"16845","3","AIS Interface","T0830","Collection","","CoC","","","0","0","0.488485","0.48848488","1","0.007","0","0","0.007","0.49548488","0.702065","0.7121257341","0.351033","0.356062867","1","1","0"
"16846","7","Satellite Communication System","T0830","Collection","","CoC","","","0","0","0.376242","0.3762424","1","0.392","0","0","0.392","0.7682424","0.540747","1.1041410246","0.135187","0.2760352561","1","1","0"
"16847","6","Navigation Data Integration Tool","T0830","Collection","","CoC","","","0","0","0.640242","0.6402424","1","0.392","0","0","0.392","1.0322424","0.920176","1.4835697446","0.460088","0.7417848723","1","1","0"
"16848","13","Rudder Angle Indicator","T0830","Collection","","CoC","","","0","0","0.0322424","0.0322424","1","0.007","0","0","0.007","0.0392424","0.0463397","0.0564003546","0.0463397","0.0564003546","1","1","0"
"16849","9","Vessel Traffic Services Interface","T0830","Collection","","CoC","","","0","0","0.288","0.288","1","0.154","0","0","0.154","0.442","0.413922","0.63525566","0.103481","0.158813915","1","1","0"
"16850","17","LiDAR","T0830","Collection","","CoC","","","0","0","0.0322424","0.0322424","1","0.007","0","0","0.007","0.0392424","0.0463397","0.0564003546","0.0463397","0.0564003546","1","1","0"
"16851","10","Remote Control Center Communication Interface","T0830","Collection","","CoC","","","0","0","0.376242","0.3762424","1","0.392","0","0","0.392","0.7682424","0.540747","1.1041410246","0.135187","0.2760352561","1","1","0"
"16852","11","GMDSS","T0830","Collection","","CoC","","","0","0","0.200242","0.2002424","1","0.154","0","0","0.154","0.3542424","0.287794","0.5091278046","0.0719486","0.1272819511","1","1","0"
"16853","18","Sonar","T0830","Collection","","CoC","","","0","0","0.200242","0.2002424","1","0.007","0","0","0.007","0.2072424","0.287794","0.2978549946","0.287794","0.2978549946","1","1","0"
"16854","8","RF / VHF / UHF Communication Module","T0830","Collection","","CoC","","","0","0","0.200242","0.2002424","1","0.154","0","0","0.154","0.3542424","0.287794","0.5091278046","0.0719486","0.1272819511","1","1","0"
"16855","16","Engine Control Mechanism","T0830","Collection","","CoC","","","0","0","0.224485","0.22448488","1","0.154","0","0","0.154","0.37848488","0.322636","0.5439698241","0.0806591","0.135992456","1","1","0"
"16856","14","Electric / Hybrid Propulsion System","T0830","Collection","","CoC","","","0","0","0.176","0.176","1","0.154","0","0","0.154","0.33","0.252952","0.4742859","0.0632381","0.118571475","1","1","0"
"16857","15","Steering Gear System","T0830","Collection","","CoC","","","0","0","0.096","0.096","1","0.154","0","0","0.154","0.25","0.137974","0.3593075","0.0344935","0.089826875","1","1","0"
"16858","20","Weather Transmission System","T0830","Collection","","CoC","","","0","0","0.0322424","0.0322424","1","0.007","0","0","0.007","0.0392424","0.0463397","0.0564003546","0.0463397","0.0564003546","1","1","0"
"16859","12","Controllable Pitch Propeller","T0830","Collection","","CoC","","","0","0","0.008","0.008","1","0.007","0","0","0.007","0.015","0.0114978","0.02155845","0.00287446","0.0053896125","1","1","0"
"16860","21","Echo Sounder","T0830","Collection","","CoC","","","0","0","0.2","0.2","1","0.007","0","0","0.007","0.207","0.287446","0.29750661","0.287446","0.29750661","1","1","0"
"16861","19","Infrared Camera System","T0830","Collection","","CoC","","","0","0","0.200242","0.2002424","1","0.154","0","0","0.154","0.3542424","0.287794","0.5091278046","0.287794","0.5091278046","1","1","0"
"16862","25","Feedback Control Module","T0830","Collection","","CoC","","","0","0","0.200242","0.2002424","1","0.154","0","0","0.154","0.3542424","0.287794","0.5091278046","0.287794","0.5091278046","1","1","0"
"16863","22","Gyroscope Compass","T0830","Collection","","CoC","","","0","0","0.0564849","0.05648488","1","0.007","0","0","0.007","0.06348488","0.0811818","0.0912423741","0.0811818","0.0912423741","1","1","0"
"16864","23","Heading and Speed Sensor","T0830","Collection","","CoC","","","0","0","0.0322424","0.0322424","1","0.007","0","0","0.007","0.0392424","0.0463397","0.0564003546","0.0463397","0.0564003546","1","1","0"
"16865","26","Vessel Traffic Services Decision Integration","T0830","Collection","","CoC","","","0","0","0.288242","0.2882424","1","0.154","0","0","0.154","0.4422424","0.414271","0.6356040446","0.103568","0.1589010111","1","1","0"
"16866","28","Human Override Control Interface","T0830","Collection","","CoC","","","0","0","0.200242","0.2002424","1","0.154","0","0","0.154","0.3542424","0.287794","0.5091278046","0.143897","0.2545639023","1","1","0"
"16867","4","ENC Data Service","T0820","Evasion","","","","","0","0","0.336","0.336","1","0","0","0","0","0.336","0.482909","0.48290928","0.482909","0.48290928","1","1","0"
"16868","29","Internal Data Pipeline / Integration Module","T0830","Collection","","CoC","","","0","0","0.488485","0.48848488","1","0.392","0","0","0.392","0.88048488","0.702065","1.2654592841","0.351033","0.632729642","1","1","0"
"16869","6","Navigation Data Integration Tool","T0820","Evasion","","","","","0","0","0.512","0.512","1","0","0","0","0","0.512","0.735862","0.73586176","0.735862","0.73586176","1","1","0"
"16870","8","RF / VHF / UHF Communication Module","T0820","Evasion","","","","","0","0","0.328","0.328","1","0","0","0","0","0.328","0.471411","0.47141144","0.471411","0.47141144","1","1","0"
"16871","9","Vessel Traffic Services Interface","T0820","Evasion","","","","","0","0","0.232","0.232","1","0","0","0","0","0.232","0.333437","0.33343736","0.333437","0.33343736","1","1","0"
"16872","34","Collision Avoidance System","T0830","Collection","","CoC","","","0","0","0.664485","0.66448488","1","0.154","0","0","0.154","0.81848488","0.955018","1.1763510241","0.955018","1.1763510241","1","1","0"
"16873","35","Navigation Support and Situational Awareness Module","T0830","Collection","","CoC","","","0","0","0.552242","0.5522424","1","0.392","0","0","0.392","0.9442424","0.793699","1.3570935046","0.793699","1.3570935046","1","1","0"
"16874","14","Electric / Hybrid Propulsion System","T0820","Evasion","","","","","0","0","0.536","0.536","1","0","0","0","0","0.536","0.770355","0.77035528","0.770355","0.77035528","1","1","0"
"16875","10","Remote Control Center Communication Interface","T0820","Evasion","","","","","0","0","0.416","0.416","1","0","0","0","0","0.416","0.597888","0.59788768","0.597888","0.59788768","1","1","0"
"16876","7","Satellite Communication System","T0820","Evasion","","","","","0","0","0.392","0.392","1","0","0","0","0","0.392","0.563394","0.56339416","0.563394","0.56339416","1","1","0"
"16877","34","Collision Avoidance System","T0820","Evasion","","","","","0","0","0.712","0.712","1","0","0","0","0","0.712","1.02331","1.02330776","1.02331","1.02330776","1","1","0"
"16878","11","GMDSS","T0820","Evasion","","","","","0","0","0.392","0.392","1","0","0","0","0","0.392","0.563394","0.56339416","0.563394","0.56339416","1","1","0"
"16879","28","Human Override Control Interface","T0820","Evasion","","","","","0","0","0.416","0.416","1","0","0","0","0","0.416","0.597888","0.59788768","0.597888","0.59788768","1","1","0"
"16880","12","Controllable Pitch Propeller","T0820","Evasion","","","","","0","0","0.44","0.44","1","0","0","0","0","0.44","0.632381","0.6323812","0.632381","0.6323812","1","1","0"
"16881","15","Steering Gear System","T0820","Evasion","","","","","0","0","0.528","0.528","1","0","0","0","0","0.528","0.758857","0.75885744","0.758857","0.75885744","1","1","0"
"16882","25","Feedback Control Module","T0820","Evasion","","","","","0","0","0.36","0.36","1","0","0","0","0","0.36","0.517403","0.5174028","0.517403","0.5174028","1","1","0"
"16883","16","Engine Control Mechanism","T0820","Evasion","","","","","0","0","0.576","0.576","1","0","0","0","0","0.576","0.827845","0.82784448","0.827845","0.82784448","1","1","0"
"16884","26","Vessel Traffic Services Decision Integration","T0820","Evasion","","","","","0","0","0.288","0.288","1","0","0","0","0","0.288","0.413922","0.41392224","0.413922","0.41392224","1","1","0"
"16885","29","Internal Data Pipeline / Integration Module","T0820","Evasion","","","","","0","0","0.424","0.424","1","0","0","0","0","0.424","0.609385","0.60938552","0.609385","0.60938552","1","1","0"
"16886","4","ENC Data Service","T0823","Execution","OOI","","InC","","0","0","0.976714","0.97671383","1","0","1","0","1","1.97671383","2.45658","4.9717317895","2.45658","4.9717317895","1","1","0"
"16887","6","Navigation Data Integration Tool","T0823","Execution","OOI","","InC","","0","0","1.38345","1.3834464","1","0","1","0","1","2.3834464","3.47958","5.994725213","3.47958","5.994725213","1","1","0"
"16888","35","Navigation Support and Situational Awareness Module","T0820","Evasion","","","","","0","0","0.536","0.536","1","0","0","0","0","0.536","0.770355","0.77035528","0.770355","0.77035528","1","1","0"
"16889","7","Satellite Communication System","T0823","Execution","OOI","","InC","","0","0","1.10308","1.1030758","1","0","0.56","0","0.56","1.6630758","2.7744","4.1828850984","2.7744","4.1828850984","1","1","0"
"16890","11","GMDSS","T0823","Execution","OOI","","InC","","0","0","1.10308","1.1030758","1","0","0.56","0","0.56","1.6630758","2.7744","4.1828850984","2.7744","4.1828850984","1","1","0"
"16891","10","Remote Control Center Communication Interface","T0823","Execution","OOI","","InC","","0","0","1.22863","1.2286314","1","0","1","0","1","2.2286314","3.09019","5.6053422657","3.09019","5.6053422657","1","1","0"
"16892","8","RF / VHF / UHF Communication Module","T0823","Execution","OOI","","InC","","0","0","0.624242","0.6242424","1","0","0.56","0","0.56","1.1842424","1.57006","2.9785472724","1.57006","2.9785472724","1","1","0"
"16893","14","Electric / Hybrid Propulsion System","T0823","Execution","OOI","","InC","","0","0","1.6151","1.615096","1","0","1","0","1","2.615096","4.06221","6.5773587044","4.06221","6.5773587044","1","0","1"
"16894","9","Vessel Traffic Services Interface","T0823","Execution","OOI","","InC","","0","0","0.684","0.684","1","0","0.56","0","0.56","1.244","1.72036","3.1288466","1.72036","3.1288466","1","1","0"
"16895","25","Feedback Control Module","T0823","Execution","OOI","","InC","","0","0","0.857013","0.8570127","1","0","0.56","0","0.56","1.4170127","2.15552","3.5639994924","2.15552","3.5639994924","1","1","0"
"16896","16","Engine Control Mechanism","T0823","Execution","OOI","","InC","","0","0","1.86082","1.86082088","1","0","1","0","1","2.86082088","4.68024","7.1953936363","4.68024","7.1953936363","1","0","1"
"16897","26","Vessel Traffic Services Decision Integration","T0823","Execution","OOI","","InC","","0","0","0.734671","0.7346714","1","0","0.56","0","0.56","1.2946714","1.84781","3.2562927717","1.84781","3.2562927717","1","1","0"
"16898","12","Controllable Pitch Propeller","T0848","Initial Access","","","InC","","0","0","0","0","1","0","1","0","1","1","0","2.22117","0","0.5552925","1","1","0"
"16899","28","Human Override Control Interface","T0823","Execution","OOI","","InC","","0","0","1.20962","1.2096184","1","0","0.56","0","0.56","1.7696184","3.04237","4.4508557188","3.04237","4.4508557188","1","1","0"
"16900","29","Internal Data Pipeline / Integration Module","T0823","Execution","OOI","","InC","","0","0","1.21333","1.21332788","1","0","1","0","1","2.21332788","3.0517","5.5668516174","3.0517","5.5668516174","1","1","0"
"16901","35","Navigation Support and Situational Awareness Module","T0823","Execution","OOI","","InC","","0","0","1.38764","1.3876414","1","0","1","0","1","2.3876414","3.49013","6.0052762672","3.49013","6.0052762672","1","1","0"
"16902","34","Collision Avoidance System","T0848","Initial Access","","","InC","","0","0","0.0484849","0.04848488","1","0","1","0","1","1.04848488","0.107693","2.3288631609","0.107693","2.3288631609","1","1","0"
"16903","14","Electric / Hybrid Propulsion System","T0848","Initial Access","","","InC","","0","0","0","0","1","0","1","0","1","1","0","2.22117","0","0.5552925","1","1","0"
"16904","15","Steering Gear System","T0848","Initial Access","","","InC","","0","0","0","0","1","0","1","0","1","1","0","2.22117","0","0.5552925","1","1","0"
"16905","4","ENC Data Service","T0834","Execution","OOI","","InC","","0","0","0.976714","0.97671383","1","0","1","0","1","1.97671383","1.40376","2.8409924179","1.40376","2.8409924179","1","1","0"
"16906","16","Engine Control Mechanism","T0848","Initial Access","","","InC","","0","0","0.0484849","0.04848488","1","0","1","0","1","1.04848488","0.107693","2.3288631609","0.0269233","0.5822157902","1","1","0"
"16907","25","Feedback Control Module","T0848","Initial Access","","","InC","","0","0","0.0242424","0.0242424","1","0","0.56","0","0.56","0.5842424","0.0538465","1.2977016916","0.0538465","1.2977016916","1","1","0"
"16908","10","Remote Control Center Communication Interface","T0848","Initial Access","","","InC","","0","0","0.0242424","0.0242424","1","0","1","0","1","1.0242424","0.0538465","2.2750164916","0.0134616","0.5687541229","1","1","0"
"16909","28","Human Override Control Interface","T0848","Initial Access","","","InC","","0","0","0.0242424","0.0242424","1","0","0.56","0","0.56","0.5842424","0.0538465","1.2977016916","0.0269232","0.6488508458","1","1","0"
"16910","6","Navigation Data Integration Tool","T0834","Execution","OOI","","InC","","0","0","1.38345","1.3834464","1","0","1","0","1","2.3834464","1.98833","3.4255606695","1.98833","3.4255606695","1","1","0"
"16911","7","Satellite Communication System","T0834","Execution","OOI","","InC","","0","0","1.10308","1.1030758","1","0","0.56","0","0.56","1.6630758","1.58537","2.390222432","1.58537","2.390222432","1","1","0"
"16912","8","RF / VHF / UHF Communication Module","T0834","Execution","OOI","","InC","","0","0","0.624242","0.6242424","1","0","0.56","0","0.56","1.1842424","0.89718","1.7020287046","0.89718","1.7020287046","1","1","0"
"16913","9","Vessel Traffic Services Interface","T0834","Execution","OOI","","InC","","0","0","0.684","0.684","1","0","0.56","0","0.56","1.244","0.983065","1.78791412","0.983065","1.78791412","1","1","0"
"16914","10","Remote Control Center Communication Interface","T0834","Execution","OOI","","InC","","0","0","1.22863","1.2286314","1","0","1","0","1","2.2286314","1.76583","3.203055907","1.76583","3.203055907","1","1","0"
"16915","12","Controllable Pitch Propeller","T0834","Execution","OOI","","InC","","0","0","1.6151","1.615096","1","0","1","0","1","2.615096","2.32126","3.7584944241","2.32126","3.7584944241","1","1","0"
"16916","11","GMDSS","T0834","Execution","OOI","","InC","","0","0","1.10308","1.1030758","1","0","0.56","0","0.56","1.6630758","1.58537","2.390222432","1.58537","2.390222432","1","1","0"
"16917","16","Engine Control Mechanism","T0834","Execution","OOI","","InC","","0","0","1.86082","1.86082088","1","0","1","0","1","2.86082088","2.67443","4.1116575934","2.67443","4.1116575934","1","1","0"
"16918","20","Weather Transmission System","T0834","Execution","OOI","","InC","","0","0","0.5363","0.5362996","1","0","0.56","0","0.56","1.0962996","0.770786","1.5756346741","0.770786","1.5756346741","1","1","0"
"16919","15","Steering Gear System","T0834","Execution","OOI","","InC","","0","0","1.68993","1.689926","1","0","1","0","1","2.689926","2.42881","3.866042345","2.42881","3.866042345","1","1","0"
"16920","28","Human Override Control Interface","T0834","Execution","OOI","","InC","","0","0","1.20962","1.2096184","1","0","0.56","0","0.56","1.7696184","1.7385","2.543348653","1.7385","2.543348653","1","1","0"
"16921","29","Internal Data Pipeline / Integration Module","T0834","Execution","OOI","","InC","","0","0","1.21333","1.21332788","1","0","1","0","1","2.21332788","1.74383","3.181061229","1.74383","3.181061229","1","1","0"
"16922","14","Electric / Hybrid Propulsion System","T0834","Execution","OOI","","InC","","0","0","1.6151","1.615096","1","0","1","0","1","2.615096","2.32126","3.7584944241","2.32126","3.7584944241","1","1","0"
"16923","26","Vessel Traffic Services Decision Integration","T0834","Execution","OOI","","InC","","0","0","0.734671","0.7346714","1","0","0.56","0","0.56","1.2946714","1.05589","1.8607405762","1.05589","1.8607405762","1","1","0"
"16924","25","Feedback Control Module","T0834","Execution","OOI","","InC","","0","0","0.857013","0.8570127","1","0","0.56","0","0.56","1.4170127","1.23172","2.0365731628","1.23172","2.0365731628","1","1","0"
"16925","34","Collision Avoidance System","T0834","Execution","OOI","","InC","","0","0","2.02681","2.02681388","1","0","1","0","1","3.02681388","2.913","4.3502277128","2.913","4.3502277128","1","1","0"
"16926","35","Navigation Support and Situational Awareness Module","T0834","Execution","OOI","","InC","","0","0","1.38764","1.3876414","1","0","1","0","1","2.3876414","1.99436","3.4315898493","1.99436","3.4315898493","1","1","0"
"16927","12","Controllable Pitch Propeller","T0857","Inhibit Response Function","OOI","","","","0","0","2.6151","2.615096","1","0","0","0","0","2.615096","3.75849","3.7584944241","0.939624","0.939623606","1","1","0"
"16928","12","Controllable Pitch Propeller","T0857","Persistence","","","InC","","0","0","0.44","0.44","1","0","1","0","1","1.44","0.632381","2.0696112","0.158095","0.5174028","1","1","0"
"16929","6","Navigation Data Integration Tool","T0857","Inhibit Response Function","OOI","","","","0","0","2.1092","2.109204","1","0","0","0","0","2.109204","3.03141","3.0314112649","1.51571","1.5157056325","1","1","0"
"16930","6","Navigation Data Integration Tool","T0857","Persistence","","","InC","","0","0","0.512","0.512","1","0","1","0","1","1.512","0.735862","2.17309176","0.367931","1.08654588","1","1","0"
"16931","9","Vessel Traffic Services Interface","T0857","Inhibit Response Function","OOI","","","","0","0","1.16","1.16","1","0","0","0","0","1.16","1.66719","1.6671868","0.416797","0.4167967","1","1","0"
"16932","9","Vessel Traffic Services Interface","T0857","Persistence","","","InC","","0","0","0.232","0.232","1","0","0.56","0","0.56","0.792","0.333437","1.13828616","0.0833593","0.28457154","1","1","0"
"16933","11","GMDSS","T0857","Inhibit Response Function","OOI","","","","0","0","2.07883","2.0788334","1","0","0","0","0","2.0788334","2.98776","2.9877617275","1.49388","1.4938808637","1","1","0"
"16934","11","GMDSS","T0857","Persistence","","","InC","","0","0","0.392","0.392","1","0","0.56","0","0.56","0.952","0.563394","1.36824296","0.281697","0.68412148","1","1","0"
"16935","10","Remote Control Center Communication Interface","T0857","Inhibit Response Function","OOI","","","","0","0","1.95439","1.954389","1","0","0","0","0","1.954389","2.80891","2.8089065025","0.702227","0.7022266256","1","1","0"
"16936","10","Remote Control Center Communication Interface","T0857","Persistence","","","InC","","0","0","0.416","0.416","1","0","1","0","1","1.416","0.597888","2.03511768","0.149472","0.50877942","1","1","0"
"16937","7","Satellite Communication System","T0849","Evasion","","","","","0","0","0.392","0.392","1","0","0","0","0","0.392","0.563394","0.56339416","0.563394","0.56339416","1","1","0"
"16938","4","ENC Data Service","T0849","Evasion","","","","","0","0","0.336","0.336","1","0","0","0","0","0.336","0.482909","0.48290928","0.241455","0.24145464","1","1","0"
"16939","7","Satellite Communication System","T0857","Inhibit Response Function","OOI","","","","0","0","1.82883","1.8288334","1","0","0","0","0","1.8288334","2.62845","2.6284542275","0.657114","0.6571135569","1","1","0"
"16940","7","Satellite Communication System","T0857","Persistence","","","InC","","0","0","0.392","0.392","1","0","0.56","0","0.56","0.952","0.563394","1.36824296","0.140849","0.34206074","1","1","0"
"16941","11","GMDSS","T0849","Evasion","","","","","0","0","0.392","0.392","1","0","0","0","0","0.392","0.563394","0.56339416","0.563394","0.56339416","1","1","0"
"16942","8","RF / VHF / UHF Communication Module","T0857","Inhibit Response Function","OOI","","","","0","0","1.1","1.1","1","0","0","0","0","1.1","1.58095","1.580953","0.790477","0.7904765","1","1","0"
"16943","8","RF / VHF / UHF Communication Module","T0857","Persistence","","","InC","","0","0","0.328","0.328","1","0","0.56","0","0.56","0.888","0.471411","1.27626024","0.235706","0.63813012","1","1","0"
"16944","6","Navigation Data Integration Tool","T0849","Evasion","","","","","0","0","0.512","0.512","1","0","0","0","0","0.512","0.735862","0.73586176","0.735862","0.73586176","1","1","0"
"16945","9","Vessel Traffic Services Interface","T0849","Evasion","","","","","0","0","0.232","0.232","1","0","0","0","0","0.232","0.333437","0.33343736","0.333437","0.33343736","1","1","0"
"16946","8","RF / VHF / UHF Communication Module","T0849","Evasion","","","","","0","0","0.328","0.328","1","0","0","0","0","0.328","0.471411","0.47141144","0.471411","0.47141144","1","1","0"
"16947","14","Electric / Hybrid Propulsion System","T0849","Evasion","","","","","0","0","0.536","0.536","1","0","0","0","0","0.536","0.770355","0.77035528","0.770355","0.77035528","1","1","0"
"16948","15","Steering Gear System","T0857","Inhibit Response Function","OOI","","","","0","0","2.68993","2.689926","1","0","0","0","0","2.689926","3.86604","3.866042345","0.966511","0.9665105862","1","1","0"
"16949","15","Steering Gear System","T0857","Persistence","","","InC","","0","0","0.528","0.528","1","0","1","0","1","1.528","0.758857","2.19608744","0.189714","0.54902186","1","1","0"
"16950","16","Engine Control Mechanism","T0849","Evasion","","","","","0","0","0.576","0.576","1","0","0","0","0","0.576","0.827845","0.82784448","0.413922","0.41392224","1","1","0"
"16951","10","Remote Control Center Communication Interface","T0849","Evasion","","","","","0","0","0.416","0.416","1","0","0","0","0","0.416","0.597888","0.59788768","0.597888","0.59788768","1","1","0"
"16952","26","Vessel Traffic Services Decision Integration","T0857","Inhibit Response Function","OOI","","","","0","0","1.21043","1.210429","1","0","0","0","0","1.210429","1.73966","1.7396648717","0.434916","0.4349162179","1","1","0"
"16953","26","Vessel Traffic Services Decision Integration","T0857","Persistence","","","InC","","0","0","0.288","0.288","1","0","0.56","0","0.56","0.848","0.413922","1.21877104","0.103481","0.30469276","1","1","0"
"16954","16","Engine Control Mechanism","T0857","Inhibit Response Function","OOI","","","","0","0","2.81234","2.812336","1","0","0","0","0","2.812336","4.04197","4.0419736693","1.01049","1.0104934173","1","1","0"
"16955","16","Engine Control Mechanism","T0857","Persistence","","","InC","","0","0","0.576","0.576","1","0","1","0","1","1.576","0.827845","2.26507448","0.206961","0.56626862","1","1","0"
"16956","28","Human Override Control Interface","T0857","Inhibit Response Function","OOI","","","","0","0","2.18538","2.185376","1","0","0","0","0","2.185376","3.14089","3.1408879485","1.57044","1.5704439742","1","1","0"
"16957","28","Human Override Control Interface","T0857","Persistence","","","InC","","0","0","0.416","0.416","1","0","0.56","0","0.56","0.976","0.597888","1.40273648","0.298944","0.70136824","1","1","0"
"16958","25","Feedback Control Module","T0849","Evasion","","","","","0","0","0.36","0.36","1","0","0","0","0","0.36","0.517403","0.5174028","0.517403","0.5174028","1","1","0"
"16959","29","Internal Data Pipeline / Integration Module","T0857","Inhibit Response Function","OOI","","","","0","0","1.91484","1.914843","1","0","0","0","0","1.914843","2.75207","2.7520698049","1.37603","1.3760349024","1","1","0"
"16960","29","Internal Data Pipeline / Integration Module","T0857","Persistence","","","InC","","0","0","0.424","0.424","1","0","1","0","1","1.424","0.609385","2.04661552","0.304693","1.02330776","1","1","0"
"16961","34","Collision Avoidance System","T0857","Inhibit Response Function","OOI","","","","0","0","2.97833","2.978329","1","0","0","0","0","2.978329","4.28054","4.2805437887","4.28054","4.2805437887","1","1","0"
"16962","34","Collision Avoidance System","T0857","Persistence","","","InC","","0","0","0.712","0.712","1","0","1","0","1","1.712","1.02331","2.46053776","1.02331","2.46053776","1","1","0"
"16963","35","Navigation Support and Situational Awareness Module","T0857","Inhibit Response Function","OOI","","","","0","0","2.1134","2.113399","1","0","0","0","0","2.113399","3.03744","3.0374404448","3.03744","3.0374404448","1","1","0"
"16964","35","Navigation Support and Situational Awareness Module","T0857","Persistence","","","InC","","0","0","0.536","0.536","1","0","1","0","1","1.536","0.770355","2.20758528","0.770355","2.20758528","1","1","0"
"16965","29","Internal Data Pipeline / Integration Module","T0849","Evasion","","","","","0","0","0.424","0.424","1","0","0","0","0","0.424","0.609385","0.60938552","0.609385","0.60938552","1","1","0"
"16966","26","Vessel Traffic Services Decision Integration","T0849","Evasion","","","","","0","0","0.288","0.288","1","0","0","0","0","0.288","0.413922","0.41392224","0.413922","0.41392224","1","1","0"
"16967","34","Collision Avoidance System","T0843","Lateral Movement","","","InC","","0","0","0.0484849","0.04848488","1","0","1","0","1","1.04848488","0.107693","2.3288631609","0.107693","2.3288631609","1","1","0"
"16968","35","Navigation Support and Situational Awareness Module","T0849","Evasion","","","","","0","0","0.536","0.536","1","0","0","0","0","0.536","0.770355","0.77035528","0.770355","0.77035528","1","1","0"
"16969","28","Human Override Control Interface","T0849","Evasion","","","","","0","0","0.416","0.416","1","0","0","0","0","0.416","0.597888","0.59788768","0.597888","0.59788768","1","1","0"
"16970","12","Controllable Pitch Propeller","T0843","Lateral Movement","","","InC","","0","0","0","0","1","0","1","0","1","1","0","2.22117","0","0.5552925","1","1","0"
"16971","2","GNSS / GPS Receiver","T0847","Initial Access","","","InC","","0","0","0.0242424","0.0242424","1","0","1","0","1","1.0242424","0.0221721","0.9367700506","0.0221721","0.9367700506","1","1","0"
"16972","16","Engine Control Mechanism","T0843","Lateral Movement","","","InC","","0","0","0.0484849","0.04848488","1","0","1","0","1","1.04848488","0.107693","2.3288631609","0.0269233","0.5822157902","1","1","0"
"16973","3","AIS Interface","T0847","Initial Access","","","InC","","0","0","0.0484849","0.04848488","1","0","1","0","1","1.04848488","0.0443442","0.9589421743","0.0443442","0.9589421743","1","1","0"
"16974","4","ENC Data Service","T0847","Initial Access","","","InC","","0","0","0.0242424","0.0242424","1","0","1","0","1","1.0242424","0.0221721","0.9367700506","0.0221721","0.9367700506","1","1","0"
"16975","7","Satellite Communication System","T0847","Initial Access","","","InC","","0","0","0.0242424","0.0242424","1","0","0.56","0","0.56","0.5842424","0.0221721","0.5343469306","0.0221721","0.5343469306","1","1","0"
"16976","8","RF / VHF / UHF Communication Module","T0847","Initial Access","","","InC","","0","0","0.0242424","0.0242424","1","0","0.56","0","0.56","0.5842424","0.0221721","0.5343469306","0.0221721","0.5343469306","1","1","0"
"16977","13","Rudder Angle Indicator","T0847","Initial Access","","","InC","","0","0","0.0242424","0.0242424","1","0","0.56","0","0.56","0.5842424","0.0221721","0.5343469306","0.0221721","0.5343469306","1","1","0"
"16978","6","Navigation Data Integration Tool","T0847","Initial Access","","","InC","","0","0","0.0242424","0.0242424","1","0","1","0","1","1.0242424","0.0221721","0.9367700506","0.0221721","0.9367700506","1","1","0"
"16979","11","GMDSS","T0847","Initial Access","","","InC","","0","0","0.0242424","0.0242424","1","0","0.56","0","0.56","0.5842424","0.0221721","0.5343469306","0.0221721","0.5343469306","1","1","0"
"16980","10","Remote Control Center Communication Interface","T0847","Initial Access","","","InC","","0","0","0.0242424","0.0242424","1","0","1","0","1","1.0242424","0.0221721","0.9367700506","0.0221721","0.9367700506","1","1","0"
"16981","14","Electric / Hybrid Propulsion System","T0847","Initial Access","","","InC","","0","0","0","0","1","0","1","0","1","1","0","0.914598","0","0.914598","1","1","0"
"16982","15","Steering Gear System","T0843","Lateral Movement","","","InC","","0","0","0","0","1","0","1","0","1","1","0","2.22117","0","0.5552925","1","1","0"
"16983","9","Vessel Traffic Services Interface","T0847","Initial Access","","","InC","","0","0","0.024","0.024","1","0","0.56","0","0.56","0.584","0.0219504","0.534125232","0.0219504","0.534125232","1","1","0"
"16984","12","Controllable Pitch Propeller","T0847","Initial Access","","","InC","","0","0","0","0","1","0","1","0","1","1","0","0.914598","0","0.914598","1","1","0"
"16985","15","Steering Gear System","T0847","Initial Access","","","InC","","0","0","0","0","1","0","1","0","1","1","0","0.914598","0","0.914598","1","1","0"
"16986","5","RADAR / ARPA System","T0847","Initial Access","","","InC","","0","0","0.0484849","0.04848488","1","0","1","0","1","1.04848488","0.0443442","0.9589421743","0.0443442","0.9589421743","1","1","0"
"16987","16","Engine Control Mechanism","T0847","Initial Access","","","InC","","0","0","0.0484849","0.04848488","1","0","1","0","1","1.04848488","0.0443442","0.9589421743","0.0443442","0.9589421743","1","1","0"
"16988","17","LiDAR","T0847","Initial Access","","","InC","","0","0","0.0242424","0.0242424","1","0","0.56","0","0.56","0.5842424","0.0221721","0.5343469306","0.0221721","0.5343469306","1","1","0"
"16989","18","Sonar","T0847","Initial Access","","","InC","","0","0","0.0242424","0.0242424","1","0","0.56","0","0.56","0.5842424","0.0221721","0.5343469306","0.0221721","0.5343469306","1","1","0"
"16990","21","Echo Sounder","T0847","Initial Access","","","InC","","0","0","0.024","0.024","1","0","0.56","0","0.56","0.584","0.0219504","0.534125232","0.0219504","0.534125232","1","1","0"
"16991","19","Infrared Camera System","T0847","Initial Access","","","InC","","0","0","0.0242424","0.0242424","1","0","0.56","0","0.56","0.5842424","0.0221721","0.5343469306","0.0221721","0.5343469306","1","1","0"
"16992","25","Feedback Control Module","T0847","Initial Access","","","InC","","0","0","0.0242424","0.0242424","1","0","0.56","0","0.56","0.5842424","0.0221721","0.5343469306","0.0221721","0.5343469306","1","1","0"
"16993","23","Heading and Speed Sensor","T0847","Initial Access","","","InC","","0","0","0.0242424","0.0242424","1","0","0.56","0","0.56","0.5842424","0.0221721","0.5343469306","0.0221721","0.5343469306","1","1","0"
"16994","20","Weather Transmission System","T0847","Initial Access","","","InC","","0","0","0.0242424","0.0242424","1","0","0.56","0","0.56","0.5842424","0.0221721","0.5343469306","0.0221721","0.5343469306","1","1","0"
"16995","22","Gyroscope Compass","T0847","Initial Access","","","InC","","0","0","0.0484849","0.04848488","1","0","0.56","0","0.56","0.60848488","0.0443442","0.5565190543","0.0443442","0.5565190543","1","1","0"
"16996","28","Human Override Control Interface","T0852","Collection","","CoC","","","0","0","0.200242","0.2002424","1","0.154","0","0","0.154","0.3542424","0.50364","0.8909727724","0.50364","0.8909727724","1","1","0"
"16997","29","Internal Data Pipeline / Integration Module","T0847","Initial Access","","","InC","","0","0","0.0484849","0.04848488","1","0","1","0","1","1.04848488","0.0443442","0.9589421743","0.0443442","0.9589421743","1","1","0"
"16998","26","Vessel Traffic Services Decision Integration","T0847","Initial Access","","","InC","","0","0","0.0242424","0.0242424","1","0","0.56","0","0.56","0.5842424","0.0221721","0.5343469306","0.0221721","0.5343469306","1","1","0"
"16999","28","Human Override Control Interface","T0847","Initial Access","","","InC","","0","0","0.0242424","0.0242424","1","0","0.56","0","0.56","0.5842424","0.0221721","0.5343469306","0.0221721","0.5343469306","1","1","0"
"17000","34","Collision Avoidance System","T0847","Initial Access","","","InC","","0","0","0.0484849","0.04848488","1","0","1","0","1","1.04848488","0.0443442","0.9589421743","0.0443442","0.9589421743","1","1","0"
"17001","35","Navigation Support and Situational Awareness Module","T0847","Initial Access","","","InC","","0","0","0.0242424","0.0242424","1","0","1","0","1","1.0242424","0.0221721","0.9367700506","0.0221721","0.9367700506","1","1","0"
"17002","2","GNSS / GPS Receiver","T0891","Lateral Movement","","","InC","","0","0","0.0242424","0.0242424","1","0","1","0","1","1.0242424","0.0942312","3.9812711785","0.0942312","3.9812711785","1","1","0"
"17003","2","GNSS / GPS Receiver","T0891","Persistence","","","InC","","0","0","0.408","0.408","1","0","1","0","1","1.408","1.58591","5.47295232","1.58591","5.47295232","1","1","0"
"17004","13","Rudder Angle Indicator","T0891","Lateral Movement","","","InC","","0","0","0.0242424","0.0242424","1","0","0.56","0","0.56","0.5842424","0.0942312","2.2709735785","0.0942312","2.2709735785","1","1","0"
"17005","13","Rudder Angle Indicator","T0891","Persistence","","","InC","","0","0","0.152","0.152","1","0","0.56","0","0.56","0.712","0.59083","2.76757248","0.59083","2.76757248","1","1","0"
"17006","17","LiDAR","T0891","Lateral Movement","","","InC","","0","0","0.0242424","0.0242424","1","0","0.56","0","0.56","0.5842424","0.0942312","2.2709735785","0.0942312","2.2709735785","1","1","0"
"17007","17","LiDAR","T0891","Persistence","","","InC","","0","0","0.16","0.16","1","0","0.56","0","0.56","0.72","0.621926","2.7986688","0.621926","2.7986688","1","1","0"
"17008","5","RADAR / ARPA System","T0891","Lateral Movement","","","InC","","0","0","0.0484849","0.04848488","1","0","1","0","1","1.04848488","0.188463","4.075502668","0.188463","4.075502668","1","1","0"
"17009","5","RADAR / ARPA System","T0891","Persistence","","","InC","","0","0","0.44","0.44","1","0","1","0","1","1.44","1.7103","5.5973376","1.7103","5.5973376","1","1","0"
"17010","3","AIS Interface","T0891","Lateral Movement","","","InC","","0","0","0.0484849","0.04848488","1","0","1","0","1","1.04848488","0.188463","4.075502668","0.188463","4.075502668","1","1","0"
"17011","3","AIS Interface","T0891","Persistence","","","InC","","0","0","0.424","0.424","1","0","1","0","1","1.424","1.6481","5.53514496","1.6481","5.53514496","1","1","0"
"17012","20","Weather Transmission System","T0891","Lateral Movement","","","InC","","0","0","0.0242424","0.0242424","1","0","0.56","0","0.56","0.5842424","0.0942312","2.2709735785","0.0942312","2.2709735785","1","1","0"
"17013","20","Weather Transmission System","T0891","Persistence","","","InC","","0","0","0.112","0.112","1","0","0.56","0","0.56","0.672","0.435348","2.61209088","0.435348","2.61209088","1","1","0"
"17014","22","Gyroscope Compass","T0891","Lateral Movement","","","InC","","0","0","0.0484849","0.04848488","1","0","0.56","0","0.56","0.60848488","0.188463","2.365205068","0.188463","2.365205068","1","1","0"
"17015","22","Gyroscope Compass","T0891","Persistence","","","InC","","0","0","0.168","0.168","1","0","0.56","0","0.56","0.728","0.653023","2.82976512","0.653023","2.82976512","1","1","0"
"17016","19","Infrared Camera System","T0891","Lateral Movement","","","InC","","0","0","0.0242424","0.0242424","1","0","0.56","0","0.56","0.5842424","0.0942312","2.2709735785","0.0942312","2.2709735785","1","1","0"
"17017","19","Infrared Camera System","T0891","Persistence","","","InC","","0","0","0.208","0.208","1","0","0.56","0","0.56","0.768","0.808504","2.98524672","0.808504","2.98524672","1","1","0"
"17018","18","Sonar","T0891","Lateral Movement","","","InC","","0","0","0.0242424","0.0242424","1","0","0.56","0","0.56","0.5842424","0.0942312","2.2709735785","0.0942312","2.2709735785","1","1","0"
"17019","18","Sonar","T0891","Persistence","","","InC","","0","0","0.208","0.208","1","0","0.56","0","0.56","0.768","0.808504","2.98524672","0.808504","2.98524672","1","1","0"
"17020","21","Echo Sounder","T0891","Lateral Movement","","","InC","","0","0","0.024","0.024","1","0","0.56","0","0.56","0.584","0.093289","2.27003136","0.093289","2.27003136","1","1","0"
"17021","21","Echo Sounder","T0891","Persistence","","","InC","","0","0","0.2","0.2","1","0","0.56","0","0.56","0.76","0.777408","2.9541504","0.777408","2.9541504","1","1","0"
"17022","23","Heading and Speed Sensor","T0891","Lateral Movement","","","InC","","0","0","0.0242424","0.0242424","1","0","0.56","0","0.56","0.5842424","0.0942312","2.2709735785","0.0942312","2.2709735785","1","1","0"
"17023","23","Heading and Speed Sensor","T0891","Persistence","","","InC","","0","0","0.16","0.16","1","0","0.56","0","0.56","0.72","0.621926","2.7986688","0.621926","2.7986688","1","1","0"
"17024","2","GNSS / GPS Receiver","T0859","Lateral Movement","","","InC","","0","0","0.0242424","0.0242424","1","0","1","0","1","1.0242424","0.0609733","2.5761232724","0.0609733","2.5761232724","1","1","0"
"17025","2","GNSS / GPS Receiver","T0859","Persistence","","","InC","","0","0","0.408","0.408","1","0","1","0","1","1.408","1.02618","3.5413312","1.02618","3.5413312","1","1","0"
"17026","6","Navigation Data Integration Tool","T0859","Lateral Movement","","","InC","","0","0","0.0242424","0.0242424","1","0","1","0","1","1.0242424","0.0609733","2.5761232724","0.0609733","2.5761232724","1","1","0"
"17027","6","Navigation Data Integration Tool","T0859","Persistence","","","InC","","0","0","0.512","0.512","1","0","1","0","1","1.512","1.28776","3.8029068","1.28776","3.8029068","1","1","0"
"17028","3","AIS Interface","T0859","Lateral Movement","","","InC","","0","0","0.0484849","0.04848488","1","0","1","0","1","1.04848488","0.121947","2.6370967459","0.121947","2.6370967459","1","1","0"
"17029","3","AIS Interface","T0859","Persistence","","","InC","","0","0","0.424","0.424","1","0","1","0","1","1.424","1.06642","3.5815736","1.06642","3.5815736","1","1","0"
"17030","5","RADAR / ARPA System","T0859","Lateral Movement","","","InC","","0","0","0.0484849","0.04848488","1","0","1","0","1","1.04848488","0.121947","2.6370967459","0.121947","2.6370967459","1","1","0"
"17031","5","RADAR / ARPA System","T0859","Persistence","","","InC","","0","0","0.44","0.44","1","0","1","0","1","1.44","1.10667","3.621816","1.10667","3.621816","1","1","0"
"17032","8","RF / VHF / UHF Communication Module","T0859","Lateral Movement","","","InC","","0","0","0.0242424","0.0242424","1","0","0.56","0","0.56","0.5842424","0.0609733","1.4694572724","0.0304866","0.7347286362","1","1","0"
"17033","8","RF / VHF / UHF Communication Module","T0859","Persistence","","","InC","","0","0","0.328","0.328","1","0","0.56","0","0.56","0.888","0.824969","2.2334532","0.412485","1.1167266","1","1","0"
"17034","4","ENC Data Service","T0859","Lateral Movement","","","InC","","0","0","0.0242424","0.0242424","1","0","1","0","1","1.0242424","0.0609733","2.5761232724","0.0609733","2.5761232724","1","1","0"
"17035","4","ENC Data Service","T0859","Persistence","","","InC","","0","0","0.336","0.336","1","0","1","0","1","1.336","0.84509","3.3602404","0.84509","3.3602404","1","1","0"
"17036","9","Vessel Traffic Services Interface","T0859","Lateral Movement","","","InC","","0","0","0.024","0.024","1","0","0.56","0","0.56","0.584","0.0603636","1.4688476","0.0301818","0.7344238","1","1","0"
"17037","9","Vessel Traffic Services Interface","T0859","Persistence","","","InC","","0","0","0.232","0.232","1","0","0.56","0","0.56","0.792","0.583515","1.9919988","0.291757","0.9959994","1","1","0"
"17038","13","Rudder Angle Indicator","T0859","Lateral Movement","","","InC","","0","0","0.0242424","0.0242424","1","0","0.56","0","0.56","0.5842424","0.0609733","1.4694572724","0.0609733","1.4694572724","1","1","0"
"17039","13","Rudder Angle Indicator","T0859","Persistence","","","InC","","0","0","0.152","0.152","1","0","0.56","0","0.56","0.712","0.382303","1.7907868","0.382303","1.7907868","1","1","0"
"17040","7","Satellite Communication System","T0859","Lateral Movement","","","InC","","0","0","0.0242424","0.0242424","1","0","0.56","0","0.56","0.5842424","0.0609733","1.4694572724","0.0304866","0.7347286362","1","1","0"
"17041","7","Satellite Communication System","T0859","Persistence","","","InC","","0","0","0.392","0.392","1","0","0.56","0","0.56","0.952","0.985939","2.3944228","0.492969","1.1972114","1","1","0"
"17042","10","Remote Control Center Communication Interface","T0859","Lateral Movement","","","InC","","0","0","0.0242424","0.0242424","1","0","1","0","1","1.0242424","0.0609733","2.5761232724","0.0152433","0.6440308181","1","1","0"
"17043","10","Remote Control Center Communication Interface","T0859","Persistence","","","InC","","0","0","0.416","0.416","1","0","1","0","1","1.416","1.0463","3.5614524","0.261576","0.8903631","1","1","0"
"17044","11","GMDSS","T0859","Lateral Movement","","","InC","","0","0","0.0242424","0.0242424","1","0","0.56","0","0.56","0.5842424","0.0609733","1.4694572724","0.0609733","1.4694572724","1","1","0"
"17045","11","GMDSS","T0859","Persistence","","","InC","","0","0","0.392","0.392","1","0","0.56","0","0.56","0.952","0.985939","2.3944228","0.985939","2.3944228","1","1","0"
"17046","12","Controllable Pitch Propeller","T0859","Lateral Movement","","","InC","","0","0","0","0","1","0","1","0","1","1","0","2.51515","0","2.51515","1","1","0"
"17047","12","Controllable Pitch Propeller","T0859","Persistence","","","InC","","0","0","0.44","0.44","1","0","1","0","1","1.44","1.10667","3.621816","1.10667","3.621816","1","1","0"
"17048","14","Electric / Hybrid Propulsion System","T0859","Lateral Movement","","","InC","","0","0","0","0","1","0","1","0","1","1","0","2.51515","0","2.51515","1","1","0"
"17049","14","Electric / Hybrid Propulsion System","T0859","Persistence","","","InC","","0","0","0.536","0.536","1","0","1","0","1","1.536","1.34812","3.8632704","1.34812","3.8632704","1","1","0"
"17050","15","Steering Gear System","T0859","Lateral Movement","","","InC","","0","0","0","0","1","0","1","0","1","1","0","2.51515","0","2.51515","1","1","0"
"17051","15","Steering Gear System","T0859","Persistence","","","InC","","0","0","0.528","0.528","1","0","1","0","1","1.528","1.328","3.8431492","1.328","3.8431492","1","1","0"
"17052","16","Engine Control Mechanism","T0859","Lateral Movement","","","InC","","0","0","0.0484849","0.04848488","1","0","1","0","1","1.04848488","0.121947","2.6370967459","0.0609734","1.318548373","1","1","0"
"17053","16","Engine Control Mechanism","T0859","Persistence","","","InC","","0","0","0.576","0.576","1","0","1","0","1","1.576","1.44873","3.9638764","0.724363","1.9819382","1","1","0"
"17054","17","LiDAR","T0859","Lateral Movement","","","InC","","0","0","0.0242424","0.0242424","1","0","0.56","0","0.56","0.5842424","0.0609733","1.4694572724","0.0609733","1.4694572724","1","1","0"
"17055","17","LiDAR","T0859","Persistence","","","InC","","0","0","0.16","0.16","1","0","0.56","0","0.56","0.72","0.402424","1.810908","0.402424","1.810908","1","1","0"
"17056","21","Echo Sounder","T0859","Lateral Movement","","","InC","","0","0","0.024","0.024","1","0","0.56","0","0.56","0.584","0.0603636","1.4688476","0.0603636","1.4688476","1","1","0"
"17057","21","Echo Sounder","T0859","Persistence","","","InC","","0","0","0.2","0.2","1","0","0.56","0","0.56","0.76","0.50303","1.911514","0.50303","1.911514","1","1","0"
"17058","18","Sonar","T0859","Lateral Movement","","","InC","","0","0","0.0242424","0.0242424","1","0","0.56","0","0.56","0.5842424","0.0609733","1.4694572724","0.0609733","1.4694572724","1","1","0"
"17059","18","Sonar","T0859","Persistence","","","InC","","0","0","0.208","0.208","1","0","0.56","0","0.56","0.768","0.523151","1.9316352","0.523151","1.9316352","1","1","0"
"17060","20","Weather Transmission System","T0859","Lateral Movement","","","InC","","0","0","0.0242424","0.0242424","1","0","0.56","0","0.56","0.5842424","0.0609733","1.4694572724","0.0609733","1.4694572724","1","1","0"
"17061","20","Weather Transmission System","T0859","Persistence","","","InC","","0","0","0.112","0.112","1","0","0.56","0","0.56","0.672","0.281697","1.6901808","0.281697","1.6901808","1","1","0"
"17062","26","Vessel Traffic Services Decision Integration","T0859","Lateral Movement","","","InC","","0","0","0.0242424","0.0242424","1","0","0.56","0","0.56","0.5842424","0.0609733","1.4694572724","0.0609733","1.4694572724","1","1","0"
"17063","26","Vessel Traffic Services Decision Integration","T0859","Persistence","","","InC","","0","0","0.288","0.288","1","0","0.56","0","0.56","0.848","0.724363","2.1328472","0.724363","2.1328472","1","1","0"
"17064","25","Feedback Control Module","T0859","Lateral Movement","","","InC","","0","0","0.0242424","0.0242424","1","0","0.56","0","0.56","0.5842424","0.0609733","1.4694572724","0.0609733","1.4694572724","1","1","0"
"17065","25","Feedback Control Module","T0859","Persistence","","","InC","","0","0","0.36","0.36","1","0","0.56","0","0.56","0.92","0.905454","2.313938","0.905454","2.313938","1","1","0"
"17066","19","Infrared Camera System","T0859","Lateral Movement","","","InC","","0","0","0.0242424","0.0242424","1","0","0.56","0","0.56","0.5842424","0.0609733","1.4694572724","0.0609733","1.4694572724","1","1","0"
"17067","19","Infrared Camera System","T0859","Persistence","","","InC","","0","0","0.208","0.208","1","0","0.56","0","0.56","0.768","0.523151","1.9316352","0.523151","1.9316352","1","1","0"
"17068","22","Gyroscope Compass","T0859","Lateral Movement","","","InC","","0","0","0.0484849","0.04848488","1","0","0.56","0","0.56","0.60848488","0.121947","1.5304307459","0.121947","1.5304307459","1","1","0"
"17069","22","Gyroscope Compass","T0859","Persistence","","","InC","","0","0","0.168","0.168","1","0","0.56","0","0.56","0.728","0.422545","1.8310292","0.422545","1.8310292","1","1","0"
"17070","23","Heading and Speed Sensor","T0859","Lateral Movement","","","InC","","0","0","0.0242424","0.0242424","1","0","0.56","0","0.56","0.5842424","0.0609733","1.4694572724","0.0609733","1.4694572724","1","1","0"
"17071","23","Heading and Speed Sensor","T0859","Persistence","","","InC","","0","0","0.16","0.16","1","0","0.56","0","0.56","0.72","0.402424","1.810908","0.402424","1.810908","1","1","0"
"17072","4","ENC Data Service","T0890","Privilege Escalation","","","InC","","0","0","0.336","0.336","1","0","1","0","1","1.336","0.482909","1.92013928","0.482909","1.92013928","1","1","0"
"17073","6","Navigation Data Integration Tool","T0890","Privilege Escalation","","","InC","","0","0","0.512","0.512","1","0","1","0","1","1.512","0.735862","2.17309176","0.735862","2.17309176","1","1","0"
"17074","28","Human Override Control Interface","T0859","Lateral Movement","","","InC","","0","0","0.0242424","0.0242424","1","0","0.56","0","0.56","0.5842424","0.0609733","1.4694572724","0.0152433","0.3673643181","1","1","0"
"17075","28","Human Override Control Interface","T0859","Persistence","","","InC","","0","0","0.416","0.416","1","0","0.56","0","0.56","0.976","1.0463","2.4547864","0.261576","0.6136966","1","1","0"
"17076","8","RF / VHF / UHF Communication Module","T0890","Privilege Escalation","","","InC","","0","0","0.328","0.328","1","0","0.56","0","0.56","0.888","0.471411","1.27626024","0.471411","1.27626024","1","1","0"
"17077","7","Satellite Communication System","T0890","Privilege Escalation","","","InC","","0","0","0.392","0.392","1","0","0.56","0","0.56","0.952","0.563394","1.36824296","0.563394","1.36824296","1","1","0"
"17078","11","GMDSS","T0890","Privilege Escalation","","","InC","","0","0","0.392","0.392","1","0","0.56","0","0.56","0.952","0.563394","1.36824296","0.563394","1.36824296","1","1","0"
"17079","9","Vessel Traffic Services Interface","T0890","Privilege Escalation","","","InC","","0","0","0.232","0.232","1","0","0.56","0","0.56","0.792","0.333437","1.13828616","0.333437","1.13828616","1","1","0"
"17080","10","Remote Control Center Communication Interface","T0890","Privilege Escalation","","","InC","","0","0","0.416","0.416","1","0","1","0","1","1.416","0.597888","2.03511768","0.597888","2.03511768","1","1","0"
"17081","12","Controllable Pitch Propeller","T0890","Privilege Escalation","","","InC","","0","0","0.44","0.44","1","0","1","0","1","1.44","0.632381","2.0696112","0.632381","2.0696112","1","1","0"
"17082","14","Electric / Hybrid Propulsion System","T0890","Privilege Escalation","","","InC","","0","0","0.536","0.536","1","0","1","0","1","1.536","0.770355","2.20758528","0.770355","2.20758528","1","1","0"
"17083","29","Internal Data Pipeline / Integration Module","T0859","Lateral Movement","","","InC","","0","0","0.0484849","0.04848488","1","0","1","0","1","1.04848488","0.121947","2.6370967459","0.121947","2.6370967459","1","1","0"
"17084","29","Internal Data Pipeline / Integration Module","T0859","Persistence","","","InC","","0","0","0.424","0.424","1","0","1","0","1","1.424","1.06642","3.5815736","1.06642","3.5815736","1","1","0"
"17085","26","Vessel Traffic Services Decision Integration","T0890","Privilege Escalation","","","InC","","0","0","0.288","0.288","1","0","0.56","0","0.56","0.848","0.413922","1.21877104","0.413922","1.21877104","1","1","0"
"17086","34","Collision Avoidance System","T0859","Lateral Movement","","","InC","","0","0","0.0484849","0.04848488","1","0","1","0","1","1.04848488","0.121947","2.6370967459","0.121947","2.6370967459","1","1","0"
"17087","34","Collision Avoidance System","T0859","Persistence","","","InC","","0","0","0.712","0.712","1","0","1","0","1","1.712","1.79079","4.3059368","1.79079","4.3059368","1","1","0"
"17088","35","Navigation Support and Situational Awareness Module","T0859","Lateral Movement","","","InC","","0","0","0.0242424","0.0242424","1","0","1","0","1","1.0242424","0.0609733","2.5761232724","0.0609733","2.5761232724","1","1","0"
"17089","35","Navigation Support and Situational Awareness Module","T0859","Persistence","","","InC","","0","0","0.536","0.536","1","0","1","0","1","1.536","1.34812","3.8632704","1.34812","3.8632704","1","1","0"
"17090","15","Steering Gear System","T0890","Privilege Escalation","","","InC","","0","0","0.528","0.528","1","0","1","0","1","1.528","0.758857","2.19608744","0.758857","2.19608744","1","1","0"
"17091","16","Engine Control Mechanism","T0890","Privilege Escalation","","","InC","","0","0","0.576","0.576","1","0","1","0","1","1.576","0.827845","2.26507448","0.827845","2.26507448","1","1","0"
"17092","25","Feedback Control Module","T0890","Privilege Escalation","","","InC","","0","0","0.36","0.36","1","0","0.56","0","0.56","0.92","0.517403","1.3222516","0.517403","1.3222516","1","1","0"
"17093","28","Human Override Control Interface","T0890","Privilege Escalation","","","InC","","0","0","0.416","0.416","1","0","0.56","0","0.56","0.976","0.597888","1.40273648","0.597888","1.40273648","1","1","0"
"17094","4","ENC Data Service","T0846","Discovery","","CoC","","","0","0","0.0242424","0.0242424","1","0.154","0","0","0.154","0.1782424","0.0609733","0.4483063724","0.0609733","0.4483063724","1","1","0"
"17095","29","Internal Data Pipeline / Integration Module","T0890","Privilege Escalation","","","InC","","0","0","0.424","0.424","1","0","1","0","1","1.424","0.609385","2.04661552","0.609385","2.04661552","1","1","0"
"17096","7","Satellite Communication System","T0846","Discovery","","CoC","","","0","0","0.0242424","0.0242424","1","0.392","0","0","0.392","0.4162424","0.0609733","1.0469120724","0.0609733","1.0469120724","1","1","0"
"17097","34","Collision Avoidance System","T0890","Privilege Escalation","","","InC","","0","0","0.712","0.712","1","0","1","0","1","1.712","1.02331","2.46053776","1.02331","2.46053776","1","1","0"
"17098","6","Navigation Data Integration Tool","T0846","Discovery","","CoC","","","0","0","0.0242424","0.0242424","1","0.392","0","0","0.392","0.4162424","0.0609733","1.0469120724","0.0609733","1.0469120724","1","1","0"
"17099","35","Navigation Support and Situational Awareness Module","T0890","Privilege Escalation","","","InC","","0","0","0.536","0.536","1","0","1","0","1","1.536","0.770355","2.20758528","0.770355","2.20758528","1","1","0"
"17100","8","RF / VHF / UHF Communication Module","T0846","Discovery","","CoC","","","0","0","0.0242424","0.0242424","1","0.154","0","0","0.154","0.1782424","0.0609733","0.4483063724","0.0609733","0.4483063724","1","1","0"
"17101","9","Vessel Traffic Services Interface","T0846","Discovery","","CoC","","","0","0","0.024","0.024","1","0.154","0","0","0.154","0.178","0.0603636","0.4476967","0.0603636","0.4476967","1","1","0"
"17102","12","Controllable Pitch Propeller","T0846","Discovery","","CoC","","","0","0","0","0","1","0.007","0","0","0.007","0.007","0","0.01760605","0","0.01760605","1","1","0"
"17103","11","GMDSS","T0846","Discovery","","CoC","","","0","0","0.0242424","0.0242424","1","0.154","0","0","0.154","0.1782424","0.0609733","0.4483063724","0.0609733","0.4483063724","1","1","0"
"17104","15","Steering Gear System","T0846","Discovery","","CoC","","","0","0","0","0","1","0.154","0","0","0.154","0.154","0","0.3873331","0","0.3873331","1","1","0"
"17105","14","Electric / Hybrid Propulsion System","T0846","Discovery","","CoC","","","0","0","0","0","1","0.154","0","0","0.154","0.154","0","0.3873331","0","0.3873331","1","1","0"
"17106","10","Remote Control Center Communication Interface","T0846","Discovery","","CoC","","","0","0","0.0242424","0.0242424","1","0.392","0","0","0.392","0.4162424","0.0609733","1.0469120724","0.0609733","1.0469120724","1","1","0"
"17107","25","Feedback Control Module","T0846","Discovery","","CoC","","","0","0","0.0242424","0.0242424","1","0.154","0","0","0.154","0.1782424","0.0609733","0.4483063724","0.0609733","0.4483063724","1","1","0"
"17108","26","Vessel Traffic Services Decision Integration","T0846","Discovery","","CoC","","","0","0","0.0242424","0.0242424","1","0.154","0","0","0.154","0.1782424","0.0609733","0.4483063724","0.0609733","0.4483063724","1","1","0"
"17109","16","Engine Control Mechanism","T0846","Discovery","","CoC","","","0","0","0.0484849","0.04848488","1","0.154","0","0","0.154","0.20248488","0.121947","0.5092798459","0.121947","0.5092798459","1","1","0"
"17110","28","Human Override Control Interface","T0846","Discovery","","CoC","","","0","0","0.0242424","0.0242424","1","0.154","0","0","0.154","0.1782424","0.0609733","0.4483063724","0.0609733","0.4483063724","1","1","0"
"17111","29","Internal Data Pipeline / Integration Module","T0846","Discovery","","CoC","","","0","0","0.0484849","0.04848488","1","0.392","0","0","0.392","0.44048488","0.121947","1.1078855459","0.121947","1.1078855459","1","1","0"
"17112","34","Collision Avoidance System","T0846","Discovery","","CoC","","","0","0","0.0484849","0.04848488","1","0.154","0","0","0.154","0.20248488","0.121947","0.5092798459","0.121947","0.5092798459","1","1","0"
"17113","2","GNSS / GPS Receiver","T0884","Command and Control","","","","","0","0","0.0242424","0.0242424","1","0","0","0","0","0.0242424","0.0942312","0.0942311785","0.0942312","0.0942311785","1","1","0"
"17114","7","Satellite Communication System","T0884","Command and Control","","","","","0","0","0.0242424","0.0242424","1","0","0","0","0","0.0242424","0.0942312","0.0942311785","0.0471156","0.0471155892","1","1","0"
"17115","8","RF / VHF / UHF Communication Module","T0884","Command and Control","","","","","0","0","0.0242424","0.0242424","1","0","0","0","0","0.0242424","0.0942312","0.0942311785","0.0471156","0.0471155892","1","1","0"
"17116","35","Navigation Support and Situational Awareness Module","T0846","Discovery","","CoC","","","0","0","0.0242424","0.0242424","1","0.392","0","0","0.392","0.4162424","0.0609733","1.0469120724","0.0609733","1.0469120724","1","1","0"
"17117","9","Vessel Traffic Services Interface","T0884","Command and Control","","","","","0","0","0.024","0.024","1","0","0","0","0","0.024","0.093289","0.09328896","0.0466445","0.04664448","1","1","0"
"17118","11","GMDSS","T0884","Command and Control","","","","","0","0","0.0242424","0.0242424","1","0","0","0","0","0.0242424","0.0942312","0.0942311785","0.0942312","0.0942311785","1","1","0"
"17119","26","Vessel Traffic Services Decision Integration","T0884","Command and Control","","","","","0","0","0.0242424","0.0242424","1","0","0","0","0","0.0242424","0.0942312","0.0942311785","0.0942312","0.0942311785","1","1","0"
"17120","14","Electric / Hybrid Propulsion System","T0884","Command and Control","","","","","0","0","0","0","1","0","0","0","0","0","0","0","0","0","1","1","0"
"17121","10","Remote Control Center Communication Interface","T0884","Command and Control","","","","","0","0","0.0242424","0.0242424","1","0","0","0","0","0.0242424","0.0942312","0.0942311785","0.0471156","0.0471155892","1","1","0"
"17122","16","Engine Control Mechanism","T0884","Command and Control","","","","","0","0","0.0484849","0.04848488","1","0","0","0","0","0.04848488","0.188463","0.188462668","0.188463","0.188462668","1","1","0"
"17123","29","Internal Data Pipeline / Integration Module","T0884","Command and Control","","","","","0","0","0.0484849","0.04848488","1","0","0","0","0","0.04848488","0.188463","0.188462668","0.188463","0.188462668","1","1","0"
"17124","25","Feedback Control Module","T0884","Command and Control","","","","","0","0","0.0242424","0.0242424","1","0","0","0","0","0.0242424","0.0942312","0.0942311785","0.0942312","0.0942311785","1","1","0"
"17125","28","Human Override Control Interface","T0884","Command and Control","","","","","0","0","0.0242424","0.0242424","1","0","0","0","0","0.0242424","0.0942312","0.0942311785","0.0942312","0.0942311785","1","1","0"
"17126","35","Navigation Support and Situational Awareness Module","T0884","Command and Control","","","","","0","0","0.0242424","0.0242424","1","0","0","0","0","0.0242424","0.0942312","0.0942311785","0.0942312","0.0942311785","1","1","0"
"17127","34","Collision Avoidance System","T0884","Command and Control","","","","","0","0","0.0484849","0.04848488","1","0","0","0","0","0.04848488","0.188463","0.188462668","0.188463","0.188462668","1","1","0"
"17128","7","Satellite Communication System","T0869","Command and Control","","","","","0","0","0.0242424","0.0242424","1","0","0","0","0","0.0242424","0.0942312","0.0942311785","0.0471156","0.0471155892","1","1","0"
"17129","4","ENC Data Service","T0869","Command and Control","","","","","0","0","0.0242424","0.0242424","1","0","0","0","0","0.0242424","0.0942312","0.0942311785","0.0942312","0.0942311785","1","1","0"
"17130","6","Navigation Data Integration Tool","T0869","Command and Control","","","","","0","0","0.0242424","0.0242424","1","0","0","0","0","0.0242424","0.0942312","0.0942311785","0.0471156","0.0471155892","1","1","0"
"17131","8","RF / VHF / UHF Communication Module","T0869","Command and Control","","","","","0","0","0.0242424","0.0242424","1","0","0","0","0","0.0242424","0.0942312","0.0942311785","0.0471156","0.0471155892","1","1","0"
"17132","9","Vessel Traffic Services Interface","T0869","Command and Control","","","","","0","0","0.024","0.024","1","0","0","0","0","0.024","0.093289","0.09328896","0.0466445","0.04664448","1","1","0"
"17133","12","Controllable Pitch Propeller","T0869","Command and Control","","","","","0","0","0","0","1","0","0","0","0","0","0","0","0","0","1","1","0"
"17134","11","GMDSS","T0869","Command and Control","","","","","0","0","0.0242424","0.0242424","1","0","0","0","0","0.0242424","0.0942312","0.0942311785","0.0471156","0.0471155892","1","1","0"
"17135","10","Remote Control Center Communication Interface","T0869","Command and Control","","","","","0","0","0.0242424","0.0242424","1","0","0","0","0","0.0242424","0.0942312","0.0942311785","0.0471156","0.0471155892","1","1","0"
"17136","14","Electric / Hybrid Propulsion System","T0869","Command and Control","","","","","0","0","0","0","1","0","0","0","0","0","0","0","0","0","1","1","0"
"17137","25","Feedback Control Module","T0869","Command and Control","","","","","0","0","0.0242424","0.0242424","1","0","0","0","0","0.0242424","0.0942312","0.0942311785","0.0942312","0.0942311785","1","1","0"
"17138","26","Vessel Traffic Services Decision Integration","T0869","Command and Control","","","","","0","0","0.0242424","0.0242424","1","0","0","0","0","0.0242424","0.0942312","0.0942311785","0.0471156","0.0471155892","1","1","0"
"17139","28","Human Override Control Interface","T0869","Command and Control","","","","","0","0","0.0242424","0.0242424","1","0","0","0","0","0.0242424","0.0942312","0.0942311785","0.0471156","0.0471155892","1","1","0"
"17140","16","Engine Control Mechanism","T0869","Command and Control","","","","","0","0","0.0484849","0.04848488","1","0","0","0","0","0.04848488","0.188463","0.188462668","0.188463","0.188462668","1","1","0"
"17141","29","Internal Data Pipeline / Integration Module","T0869","Command and Control","","","","","0","0","0.0484849","0.04848488","1","0","0","0","0","0.04848488","0.188463","0.188462668","0.0942313","0.094231334","1","1","0"
"17142","15","Steering Gear System","T0869","Command and Control","","","","","0","0","0","0","1","0","0","0","0","0","0","0","0","0","1","1","0"
"17143","34","Collision Avoidance System","T0869","Command and Control","","","","","0","0","0.0484849","0.04848488","1","0","0","0","0","0.04848488","0.188463","0.188462668","0.188463","0.188462668","1","1","0"
"17144","35","Navigation Support and Situational Awareness Module","T0869","Command and Control","","","","","0","0","0.0242424","0.0242424","1","0","0","0","0","0.0242424","0.0942312","0.0942311785","0.0942312","0.0942311785","1","1","0"
"17145","4","ENC Data Service","T0886","Lateral Movement","","","InC","","0","0","0.0242424","0.0242424","1","0","1","0","1","1.0242424","0.0348419","1.4720719046","0.0348419","1.4720719046","1","1","0"
"17146","4","ENC Data Service","T0886","Initial Access","","","InC","","0","0","0.0242424","0.0242424","1","0","1","0","1","1.0242424","0.0348419","1.4720719046","0.0348419","1.4720719046","1","1","0"
"17147","6","Navigation Data Integration Tool","T0886","Lateral Movement","","","InC","","0","0","0.0242424","0.0242424","1","0","1","0","1","1.0242424","0.0348419","1.4720719046","0.017421","0.7360359523","1","1","0"
"17148","6","Navigation Data Integration Tool","T0886","Initial Access","","","InC","","0","0","0.0242424","0.0242424","1","0","1","0","1","1.0242424","0.0348419","1.4720719046","0.017421","0.7360359523","1","1","0"
"17149","7","Satellite Communication System","T0886","Lateral Movement","","","InC","","0","0","0.0242424","0.0242424","1","0","0.56","0","0.56","0.5842424","0.0348419","0.8396907046","0.017421","0.4198453523","1","1","0"
"17150","7","Satellite Communication System","T0886","Initial Access","","","InC","","0","0","0.0242424","0.0242424","1","0","0.56","0","0.56","0.5842424","0.0348419","0.8396907046","0.017421","0.4198453523","1","1","0"
"17151","8","RF / VHF / UHF Communication Module","T0886","Lateral Movement","","","InC","","0","0","0.0242424","0.0242424","1","0","0.56","0","0.56","0.5842424","0.0348419","0.8396907046","0.017421","0.4198453523","1","1","0"
"17152","8","RF / VHF / UHF Communication Module","T0886","Initial Access","","","InC","","0","0","0.0242424","0.0242424","1","0","0.56","0","0.56","0.5842424","0.0348419","0.8396907046","0.017421","0.4198453523","1","1","0"
"17153","11","GMDSS","T0886","Lateral Movement","","","InC","","0","0","0.0242424","0.0242424","1","0","0.56","0","0.56","0.5842424","0.0348419","0.8396907046","0.017421","0.4198453523","1","1","0"
"17154","11","GMDSS","T0886","Initial Access","","","InC","","0","0","0.0242424","0.0242424","1","0","0.56","0","0.56","0.5842424","0.0348419","0.8396907046","0.017421","0.4198453523","1","1","0"
"17155","9","Vessel Traffic Services Interface","T0886","Lateral Movement","","","InC","","0","0","0.024","0.024","1","0","0.56","0","0.56","0.584","0.0344935","0.83934232","0.0172468","0.41967116","1","1","0"
"17156","9","Vessel Traffic Services Interface","T0886","Initial Access","","","InC","","0","0","0.024","0.024","1","0","0.56","0","0.56","0.584","0.0344935","0.83934232","0.0172468","0.41967116","1","1","0"
"17157","10","Remote Control Center Communication Interface","T0838","Inhibit Response Function","OOI","","","","0","0","1.95439","1.954389","1","0","0","0","0","1.954389","2.80891","2.8089065025","1.40445","1.4044532512","1","1","0"
"17158","10","Remote Control Center Communication Interface","T0886","Lateral Movement","","","InC","","0","0","0.0242424","0.0242424","1","0","1","0","1","1.0242424","0.0348419","1.4720719046","0.017421","0.7360359523","1","1","0"
"17159","10","Remote Control Center Communication Interface","T0886","Initial Access","","","InC","","0","0","0.0242424","0.0242424","1","0","1","0","1","1.0242424","0.0348419","1.4720719046","0.017421","0.7360359523","1","1","0"
"17160","11","GMDSS","T0838","Inhibit Response Function","OOI","","","","0","0","2.07883","2.0788334","1","0","0","0","0","2.0788334","2.98776","2.9877617275","1.49388","1.4938808637","1","1","0"
"17161","15","Steering Gear System","T0838","Inhibit Response Function","OOI","","","","0","0","2.68993","2.689926","1","0","0","0","0","2.689926","3.86604","3.866042345","0.966511","0.9665105862","1","1","0"
"17162","14","Electric / Hybrid Propulsion System","T0886","Lateral Movement","","","InC","","0","0","0","0","1","0","1","0","1","1","0","1.43723","0","0.3593075","1","1","0"
"17163","14","Electric / Hybrid Propulsion System","T0886","Initial Access","","","InC","","0","0","0","0","1","0","1","0","1","1","0","1.43723","0","0.3593075","1","1","0"
"17164","16","Engine Control Mechanism","T0886","Lateral Movement","","","InC","","0","0","0.0484849","0.04848488","1","0","1","0","1","1.04848488","0.0696839","1.5069139241","0.017421","0.376728481","1","1","0"
"17165","16","Engine Control Mechanism","T0886","Initial Access","","","InC","","0","0","0.0484849","0.04848488","1","0","1","0","1","1.04848488","0.0696839","1.5069139241","0.017421","0.376728481","1","1","0"
"17166","4","ENC Data Service","T0885","Command and Control","","","","","0","0","0.0242424","0.0242424","1","0","0","0","0","0.0242424","0.0942312","0.0942311785","0.0942312","0.0942311785","1","1","0"
"17167","34","Collision Avoidance System","T0838","Inhibit Response Function","OOI","","","","0","0","2.97833","2.978329","1","0","0","0","0","2.978329","4.28054","4.2805437887","4.28054","4.2805437887","1","1","0"
"17168","25","Feedback Control Module","T0886","Lateral Movement","","","InC","","0","0","0.0242424","0.0242424","1","0","0.56","0","0.56","0.5842424","0.0348419","0.8396907046","0.0348419","0.8396907046","1","1","0"
"17169","25","Feedback Control Module","T0886","Initial Access","","","InC","","0","0","0.0242424","0.0242424","1","0","0.56","0","0.56","0.5842424","0.0348419","0.8396907046","0.0348419","0.8396907046","1","1","0"
"17170","2","GNSS / GPS Receiver","T0885","Command and Control","","","","","0","0","0.0242424","0.0242424","1","0","0","0","0","0.0242424","0.0942312","0.0942311785","0.0942312","0.0942311785","1","1","0"
"17171","28","Human Override Control Interface","T0838","Inhibit Response Function","OOI","","","","0","0","2.18538","2.185376","1","0","0","0","0","2.185376","3.14089","3.1408879485","0.785222","0.7852219871","1","1","0"
"17172","26","Vessel Traffic Services Decision Integration","T0886","Lateral Movement","","","InC","","0","0","0.0242424","0.0242424","1","0","0.56","0","0.56","0.5842424","0.0348419","0.8396907046","0.017421","0.4198453523","1","1","0"
"17173","26","Vessel Traffic Services Decision Integration","T0886","Initial Access","","","InC","","0","0","0.0242424","0.0242424","1","0","0.56","0","0.56","0.5842424","0.0348419","0.8396907046","0.017421","0.4198453523","1","1","0"
"17174","16","Engine Control Mechanism","T0838","Inhibit Response Function","OOI","","","","0","0","2.81234","2.812336","1","0","0","0","0","2.812336","4.04197","4.0419736693","1.01049","1.0104934173","1","1","0"
"17175","6","Navigation Data Integration Tool","T0885","Command and Control","","","","","0","0","0.0242424","0.0242424","1","0","0","0","0","0.0242424","0.0942312","0.0942311785","0.0471156","0.0471155892","1","1","0"
"17176","28","Human Override Control Interface","T0886","Lateral Movement","","","InC","","0","0","0.0242424","0.0242424","1","0","0.56","0","0.56","0.5842424","0.0348419","0.8396907046","0.00871048","0.2099226761","1","1","0"
"17177","28","Human Override Control Interface","T0886","Initial Access","","","InC","","0","0","0.0242424","0.0242424","1","0","0.56","0","0.56","0.5842424","0.0348419","0.8396907046","0.00871048","0.2099226761","1","1","0"
"17178","29","Internal Data Pipeline / Integration Module","T0886","Lateral Movement","","","InC","","0","0","0.0484849","0.04848488","1","0","1","0","1","1.04848488","0.0696839","1.5069139241","0.034842","0.753456962","1","1","0"
"17179","29","Internal Data Pipeline / Integration Module","T0886","Initial Access","","","InC","","0","0","0.0484849","0.04848488","1","0","1","0","1","1.04848488","0.0696839","1.5069139241","0.034842","0.753456962","1","1","0"
"17180","7","Satellite Communication System","T0885","Command and Control","","","","","0","0","0.0242424","0.0242424","1","0","0","0","0","0.0242424","0.0942312","0.0942311785","0.0471156","0.0471155892","1","1","0"
"17181","35","Navigation Support and Situational Awareness Module","T0886","Lateral Movement","","","InC","","0","0","0.0242424","0.0242424","1","0","1","0","1","1.0242424","0.0348419","1.4720719046","0.0348419","1.4720719046","1","1","0"
"17182","35","Navigation Support and Situational Awareness Module","T0886","Initial Access","","","InC","","0","0","0.0242424","0.0242424","1","0","1","0","1","1.0242424","0.0348419","1.4720719046","0.0348419","1.4720719046","1","1","0"
"17183","8","RF / VHF / UHF Communication Module","T0885","Command and Control","","","","","0","0","0.0242424","0.0242424","1","0","0","0","0","0.0242424","0.0942312","0.0942311785","0.0471156","0.0471155892","1","1","0"
"17184","10","Remote Control Center Communication Interface","T0885","Command and Control","","","","","0","0","0.0242424","0.0242424","1","0","0","0","0","0.0242424","0.0942312","0.0942311785","0.0471156","0.0471155892","1","1","0"
"17185","11","GMDSS","T0885","Command and Control","","","","","0","0","0.0242424","0.0242424","1","0","0","0","0","0.0242424","0.0942312","0.0942311785","0.0471156","0.0471155892","1","1","0"
"17186","14","Electric / Hybrid Propulsion System","T0885","Command and Control","","","","","0","0","0","0","1","0","0","0","0","0","0","0","0","0","1","1","0"
"17187","9","Vessel Traffic Services Interface","T0885","Command and Control","","","","","0","0","0.024","0.024","1","0","0","0","0","0.024","0.093289","0.09328896","0.0466445","0.04664448","1","1","0"
"17188","16","Engine Control Mechanism","T0885","Command and Control","","","","","0","0","0.0484849","0.04848488","1","0","0","0","0","0.04848488","0.188463","0.188462668","0.188463","0.188462668","1","1","0"
"17189","26","Vessel Traffic Services Decision Integration","T0885","Command and Control","","","","","0","0","0.0242424","0.0242424","1","0","0","0","0","0.0242424","0.0942312","0.0942311785","0.0471156","0.0471155892","1","1","0"
"17190","28","Human Override Control Interface","T0885","Command and Control","","","","","0","0","0.0242424","0.0242424","1","0","0","0","0","0.0242424","0.0942312","0.0942311785","0.0471156","0.0471155892","1","1","0"
"17191","29","Internal Data Pipeline / Integration Module","T0885","Command and Control","","","","","0","0","0.0484849","0.04848488","1","0","0","0","0","0.04848488","0.188463","0.188462668","0.0942313","0.094231334","1","1","0"
"17192","7","Satellite Communication System","T0840","Discovery","","CoC","","","0","0","0.0242424","0.0242424","1","0.392","0","0","0.392","0.4162424","0.0609733","1.0469120724","0.0609733","1.0469120724","1","1","0"
"17193","25","Feedback Control Module","T0885","Command and Control","","","","","0","0","0.0242424","0.0242424","1","0","0","0","0","0.0242424","0.0942312","0.0942311785","0.0942312","0.0942311785","1","1","0"
"17194","35","Navigation Support and Situational Awareness Module","T0885","Command and Control","","","","","0","0","0.0242424","0.0242424","1","0","0","0","0","0.0242424","0.0942312","0.0942311785","0.0942312","0.0942311785","1","1","0"
"17195","34","Collision Avoidance System","T0885","Command and Control","","","","","0","0","0.0484849","0.04848488","1","0","0","0","0","0.04848488","0.188463","0.188462668","0.188463","0.188462668","1","1","0"
"17196","12","Controllable Pitch Propeller","T0840","Discovery","","CoC","","","0","0","0","0","1","0.007","0","0","0.007","0.007","0","0.01760605","0","0.01760605","1","1","0"
"17197","10","Remote Control Center Communication Interface","T0840","Discovery","","CoC","","","0","0","0.0242424","0.0242424","1","0.392","0","0","0.392","0.4162424","0.0609733","1.0469120724","0.0609733","1.0469120724","1","1","0"
"17198","14","Electric / Hybrid Propulsion System","T0840","Discovery","","CoC","","","0","0","0","0","1","0.154","0","0","0.154","0.154","0","0.3873331","0","0.3873331","1","1","0"
"17199","4","ENC Data Service","T0840","Discovery","","CoC","","","0","0","0.0242424","0.0242424","1","0.154","0","0","0.154","0.1782424","0.0609733","0.4483063724","0.0609733","0.4483063724","1","1","0"
"17200","9","Vessel Traffic Services Interface","T0840","Discovery","","CoC","","","0","0","0.024","0.024","1","0.154","0","0","0.154","0.178","0.0603636","0.4476967","0.0603636","0.4476967","1","1","0"
"17201","11","GMDSS","T0840","Discovery","","CoC","","","0","0","0.0242424","0.0242424","1","0.154","0","0","0.154","0.1782424","0.0609733","0.4483063724","0.0609733","0.4483063724","1","1","0"
"17202","25","Feedback Control Module","T0840","Discovery","","CoC","","","0","0","0.0242424","0.0242424","1","0.154","0","0","0.154","0.1782424","0.0609733","0.4483063724","0.0609733","0.4483063724","1","1","0"
"17203","6","Navigation Data Integration Tool","T0840","Discovery","","CoC","","","0","0","0.0242424","0.0242424","1","0.392","0","0","0.392","0.4162424","0.0609733","1.0469120724","0.0609733","1.0469120724","1","1","0"
"17204","15","Steering Gear System","T0840","Discovery","","CoC","","","0","0","0","0","1","0.154","0","0","0.154","0.154","0","0.3873331","0","0.3873331","1","1","0"
"17205","8","RF / VHF / UHF Communication Module","T0840","Discovery","","CoC","","","0","0","0.0242424","0.0242424","1","0.154","0","0","0.154","0.1782424","0.0609733","0.4483063724","0.0609733","0.4483063724","1","1","0"
"17206","26","Vessel Traffic Services Decision Integration","T0840","Discovery","","CoC","","","0","0","0.0242424","0.0242424","1","0.154","0","0","0.154","0.1782424","0.0609733","0.4483063724","0.0609733","0.4483063724","1","1","0"
"17207","16","Engine Control Mechanism","T0840","Discovery","","CoC","","","0","0","0.0484849","0.04848488","1","0.154","0","0","0.154","0.20248488","0.121947","0.5092798459","0.121947","0.5092798459","1","1","0"
"17208","34","Collision Avoidance System","T0840","Discovery","","CoC","","","0","0","0.0484849","0.04848488","1","0.154","0","0","0.154","0.20248488","0.121947","0.5092798459","0.121947","0.5092798459","1","1","0"
"17209","16","Engine Control Mechanism","T0867","Lateral Movement","","","InC","","0","0","0.0484849","0.04848488","1","0","1","0","1","1.04848488","0.121947","2.6370967459","0.121947","2.6370967459","1","1","0"
"17210","29","Internal Data Pipeline / Integration Module","T0840","Discovery","","CoC","","","0","0","0.0484849","0.04848488","1","0.392","0","0","0.392","0.44048488","0.121947","1.1078855459","0.121947","1.1078855459","1","1","0"
"17211","28","Human Override Control Interface","T0840","Discovery","","CoC","","","0","0","0.0242424","0.0242424","1","0.154","0","0","0.154","0.1782424","0.0609733","0.4483063724","0.0609733","0.4483063724","1","1","0"
"17212","25","Feedback Control Module","T0867","Lateral Movement","","","InC","","0","0","0.0242424","0.0242424","1","0","0.56","0","0.56","0.5842424","0.0609733","1.4694572724","0.0609733","1.4694572724","1","1","0"
"17213","14","Electric / Hybrid Propulsion System","T0867","Lateral Movement","","","InC","","0","0","0","0","1","0","1","0","1","1","0","2.51515","0","2.51515","1","1","0"
"17214","35","Navigation Support and Situational Awareness Module","T0840","Discovery","","CoC","","","0","0","0.0242424","0.0242424","1","0.392","0","0","0.392","0.4162424","0.0609733","1.0469120724","0.0609733","1.0469120724","1","1","0"
"17215","12","Controllable Pitch Propeller","T0839","Persistence","","","InC","","0","0","0.44","0.44","1","0","1","0","1","1.44","0.632381","2.0696112","0.158095","0.5174028","1","1","0"
"17216","12","Controllable Pitch Propeller","T0839","Impair Process Control","I2CF","","","","1","0","2.6151","2.615096","1","0","0","0","0","2.615096","3.75849","3.7584944241","0.939624","0.939623606","1","1","0"
"17217","25","Feedback Control Module","T0893","Collection","","CoC","","","0","0","0.200242","0.2002424","1","0.154","0","0","0.154","0.3542424","0.50364","0.8909727724","0.50364","0.8909727724","1","1","0"
"17218","14","Electric / Hybrid Propulsion System","T0893","Collection","","CoC","","","0","0","0.176","0.176","1","0.154","0","0","0.154","0.33","0.442666","0.8299995","0.442666","0.8299995","1","1","0"
"17219","28","Human Override Control Interface","T0893","Collection","","CoC","","","0","0","0.200242","0.2002424","1","0.154","0","0","0.154","0.3542424","0.50364","0.8909727724","0.50364","0.8909727724","1","1","0"
"17220","11","GMDSS","T0892","Inhibit Response Function","OOI","","","","0","0","2.07883","2.0788334","1","0","0","0","0","2.0788334","4.61744","4.6174423831","4.61744","4.6174423831","1","1","0"
"17221","12","Controllable Pitch Propeller","T0892","Inhibit Response Function","OOI","","","","0","0","2.6151","2.615096","1","0","0","0","0","2.615096","5.80857","5.8085727823","5.80857","5.8085727823","1","1","0"
"17222","15","Steering Gear System","T0839","Persistence","","","InC","","0","0","0.528","0.528","1","0","1","0","1","1.528","0.758857","2.19608744","0.189714","0.54902186","1","1","0"
"17223","15","Steering Gear System","T0839","Impair Process Control","I2CF","","","","1","0","2.68993","2.689926","1","0","0","0","0","2.689926","3.86604","3.866042345","0.966511","0.9665105862","1","1","0"
"17224","16","Engine Control Mechanism","T0893","Collection","","CoC","","","0","0","0.224485","0.22448488","1","0.154","0","0","0.154","0.37848488","0.564613","0.9519462459","0.282307","0.475973123","1","1","0"
"17225","7","Satellite Communication System","T0892","Inhibit Response Function","OOI","","","","0","0","1.82883","1.8288334","1","0","0","0","0","1.8288334","4.06215","4.0621498831","2.03108","2.0310749415","1","1","0"
"17226","14","Electric / Hybrid Propulsion System","T0892","Inhibit Response Function","OOI","","","","0","0","2.6151","2.615096","1","0","0","0","0","2.615096","5.80857","5.8085727823","5.80857","5.8085727823","1","1","0"
"17227","10","Remote Control Center Communication Interface","T0892","Inhibit Response Function","OOI","","","","0","0","1.95439","1.954389","1","0","0","0","0","1.954389","4.34103","4.3410302151","4.34103","4.3410302151","1","1","0"
"17228","25","Feedback Control Module","T0892","Inhibit Response Function","OOI","","","","0","0","1.58277","1.5827703","1","0","0","0","0","1.5827703","3.5156","3.5156019073","3.5156","3.5156019073","1","1","0"
"17229","8","RF / VHF / UHF Communication Module","T0892","Inhibit Response Function","OOI","","","","0","0","1.1","1.1","1","0","0","0","0","1.1","2.44329","2.443287","2.44329","2.443287","1","1","0"
"17230","6","Navigation Data Integration Tool","T0892","Inhibit Response Function","OOI","","","","0","0","2.1092","2.109204","1","0","0","0","0","2.109204","4.6849","4.6849006487","4.6849","4.6849006487","1","1","0"
"17231","4","ENC Data Service","T0892","Inhibit Response Function","OOI","","","","0","0","1.45247","1.45247143","1","0","0","0","0","1.45247143","3.22619","3.2261859662","3.22619","3.2261859662","1","1","0"
"17232","9","Vessel Traffic Services Interface","T0892","Inhibit Response Function","OOI","","","","0","0","1.16","1.16","1","0","0","0","0","1.16","2.57656","2.5765572","2.57656","2.5765572","1","1","0"
"17233","34","Collision Avoidance System","T0839","Persistence","","","InC","","0","0","0.712","0.712","1","0","1","0","1","1.712","1.02331","2.46053776","1.02331","2.46053776","1","1","0"
"17234","34","Collision Avoidance System","T0839","Impair Process Control","I2CF","","","","1","0","2.97833","2.978329","1","0","0","0","0","2.978329","4.28054","4.2805437887","4.28054","4.2805437887","1","1","0"
"17235","15","Steering Gear System","T0892","Inhibit Response Function","OOI","","","","0","0","2.68993","2.689926","1","0","0","0","0","2.689926","5.97478","5.9747829334","5.97478","5.9747829334","1","1","0"
"17236","26","Vessel Traffic Services Decision Integration","T0892","Inhibit Response Function","OOI","","","","0","0","1.21043","1.210429","1","0","0","0","0","1.210429","2.68857","2.6885685819","2.68857","2.6885685819","1","1","0"
"17237","28","Human Override Control Interface","T0892","Inhibit Response Function","OOI","","","","0","0","2.18538","2.185376","1","0","0","0","0","2.185376","4.85409","4.8540916099","4.85409","4.8540916099","1","1","0"
"17238","16","Engine Control Mechanism","T0892","Inhibit Response Function","OOI","","","","0","0","2.81234","2.812336","1","0","0","0","0","2.812336","6.24668","6.2466763531","6.24668","6.2466763531","1","1","0"
"17239","29","Internal Data Pipeline / Integration Module","T0892","Inhibit Response Function","OOI","","","","0","0","1.91484","1.914843","1","0","0","0","0","1.914843","4.25319","4.2531918263","4.25319","4.2531918263","1","1","0"
"17240","16","Engine Control Mechanism","T0839","Persistence","","","InC","","0","0","0.576","0.576","1","0","1","0","1","1.576","0.827845","2.26507448","0.206961","0.56626862","1","1","0"
"17241","16","Engine Control Mechanism","T0839","Impair Process Control","I2CF","","","","1","0","2.81234","2.812336","1","0","0","0","0","2.812336","4.04197","4.0419736693","1.01049","1.0104934173","1","1","0"
"17242","34","Collision Avoidance System","T0892","Inhibit Response Function","OOI","","","","0","0","2.97833","2.978329","1","0","0","0","0","2.978329","6.61538","6.6153750249","6.61538","6.6153750249","0","0","0"
"17243","15","Steering Gear System","T0889","Persistence","","","InC","","0","0","0.528","0.528","1","0","1","0","1","1.528","1.17278","3.39394776","0.293194","0.84848694","1","1","0"
"17244","16","Engine Control Mechanism","T0889","Persistence","","","InC","","0","0","0.576","0.576","1","0","1","0","1","1.576","1.27939","3.50056392","0.319848","0.87514098","1","1","0"
"17245","12","Controllable Pitch Propeller","T0889","Persistence","","","InC","","0","0","0.44","0.44","1","0","1","0","1","1.44","0.977315","3.1984848","0.244329","0.7996212","1","1","0"
"17246","34","Collision Avoidance System","T0889","Persistence","","","InC","","0","0","0.712","0.712","1","0","1","0","1","1.712","1.58147","3.80264304","1.58147","3.80264304","1","1","0"
"17247","35","Navigation Support and Situational Awareness Module","T0892","Inhibit Response Function","OOI","","","","0","0","2.1134","2.113399","1","0","0","0","0","2.113399","4.69422","4.6942184568","2.34711","2.3471092284","1","1","0"
"17248","34","Collision Avoidance System","AML.T0010.002","Initial Access","","","InC","","0","0","0.0484849","0.04848488","1","0","1","0","1","1.04848488","0.0785528","1.6987027783","0.0785528","1.6987027783","1","1","0"
"17249","35","Navigation Support and Situational Awareness Module","AML.T0010.002","Initial Access","","","InC","","0","0","0.0242424","0.0242424","1","0","1","0","1","1.0242424","0.0392763","1.6594263244","0.0392763","1.6594263244","1","1","0"
"17250","33","Autonomous Navigation Decision Module","AML.T0010.002","Initial Access","","","InC","","0","0","0.0242424","0.0242424","1","0","1","0","1","1.0242424","0.0392763","1.6594263244","0.0392763","1.6594263244","1","1","0"
"17251","32","Data Integration and Analysis Module","AML.T0010.002","Initial Access","","","InC","","0","0","0.0242424","0.0242424","1","0","1","0","1","1.0242424","0.0392763","1.6594263244","0.0392763","1.6594263244","1","1","0"
"17252","27","Machine Learning and Adaptive Algorithm Module","AML.T0010","Initial Access","","","InC","","0","0","0.0969696","0.0969696","1","0","0.56","0","0.56","0.6569696","0.0499039","0.3380988931","0.012476","0.0845247233","1","1","0"
"17253","27","Machine Learning and Adaptive Algorithm Module","AML.T0010.001","Initial Access","","","InC","","0","0","0.0969696","0.0969696","1","0","0.56","0","0.56","0.6569696","0.157105","1.0643892974","0.0392763","0.2660973244","1","1","0"
"17254","27","Machine Learning and Adaptive Algorithm Module","AML.T0010.002","Initial Access","","","InC","","0","0","0.0969696","0.0969696","1","0","0.56","0","0.56","0.6569696","0.157105","1.0643892974","0.157105","1.0643892974","1","1","0"
"17255","27","Machine Learning and Adaptive Algorithm Module","AML.T0010.003","Initial Access","","","InC","","0","0","0.0969696","0.0969696","1","0","0.56","0","0.56","0.6569696","0.376925","2.553667114","0.0942312","0.6384167785","1","1","0"
"17256","30","Target Model","AML.T0010.003","Initial Access","","","InC","","0","0","0.0242424","0.0242424","1","0","1","0","1","1.0242424","0.0942312","3.9812711785","0.0471156","1.9906355892","1","1","0"
"17257","24","Autonomous Decision-Making Engine","AML.T0010.002","Initial Access","","","InC","","0","0","0.0484849","0.04848488","1","0","0.56","0","0.56","0.60848488","0.0785528","0.9858367783","0.0785528","0.9858367783","1","1","0"
"17258","30","Target Model","AML.T0040","ML Model Access","","","","","0","0","0.815","0.815","1","0","0","0","0","0.815","2.31073","2.31072875","0.577682","0.5776821875","1","1","0"
"17259","31","Training Data Asset","AML.T0010","Initial Access","","","InC","","0","0","0.0242424","0.0242424","1","0","1","0","1","1.0242424","0.012476","0.5271099633","0.00623798","0.2635549816","1","1","0"
"17260","34","Collision Avoidance System","AML.T0015","Initial Access","","","InC","","0","0","0.0484849","0.04848488","1","0","1","0","1","1.04848488","0.107693","2.3288631609","0.107693","2.3288631609","1","1","0"
"17261","34","Collision Avoidance System","AML.T0015","Defense Evasion","","","InC","","0","0","0.712","0.712","1","0","1","0","1","1.712","1.58147","3.80264304","1.58147","3.80264304","1","1","0"
"17262","34","Collision Avoidance System","AML.T0015","Evade ML Model","","","","","0","0","0.0484849","0.04848488","1","0","0","0","0","0.04848488","0.107693","0.1076931609","0.107693","0.1076931609","1","1","0"
"17263","31","Training Data Asset","AML.T0010.002","Initial Access","","","InC","","0","0","0.0242424","0.0242424","1","0","1","0","1","1.0242424","0.0392763","1.6594263244","0.00981908","0.4148565811","1","1","0"
"17264","30","Target Model","AML.T0024.002","Exfiltration","","CoC","","","0","0","0.464242","0.4642424","1","0.392","0","0","0.392","0.8562424","1.03116","1.9018599316","0.515581","0.9509299658","1","1","0"
"17265","30","Target Model","AML.T0024.001","Exfiltration","","CoC","","","0","0","0.464242","0.4642424","1","0.392","0","0","0.392","0.8562424","1.03116","1.9018599316","0.515581","0.9509299658","1","1","0"
"17266","34","Collision Avoidance System","AML.T0043","ML Attack Staging","","","","","0","0","0.0484849","0.04848488","1","0","0","0","0","0.04848488","0.0785528","0.0785527783","0.0785528","0.0785527783","1","1","0"
"17267","30","Target Model","AML.T0018","Persistence","","","InC","","0","0","0.512","0.512","1","0","1","0","1","1.512","0.829517","2.4496668","0.829517","2.4496668","1","1","0"
"17268","30","Target Model","AML.T0018","ML Attack Staging","","","","","0","0","0.0242424","0.0242424","1","0","0","0","0","0.0242424","0.0392763","0.0392763244","0.0392763","0.0392763244","1","1","0"
"17269","35","Navigation Support and Situational Awareness Module","AML.T0015","Initial Access","","","InC","","0","0","0.0242424","0.0242424","1","0","1","0","1","1.0242424","0.0538465","2.2750164916","0.0269232","1.1375082458","1","1","0"
"17270","35","Navigation Support and Situational Awareness Module","AML.T0015","Defense Evasion","","","InC","","0","0","0.536","0.536","1","0","1","0","1","1.536","1.19055","3.41171712","0.595274","1.70585856","1","1","0"
"17271","35","Navigation Support and Situational Awareness Module","AML.T0015","Evade ML Model","","","","","0","0","0.0242424","0.0242424","1","0","0","0","0","0.0242424","0.0538465","0.0538464916","0.0269232","0.0269232458","1","1","0"
"17272","30","Target Model","AML.T0031","Erode ML Model Integrity","OOI","","InC","","0","0","2.10491","2.104913","1","0","1","0","1","3.104913","4.67537","6.8965396082","4.67537","6.8965396082","1","0","1"
"17273","34","Collision Avoidance System","AML.T0031","Erode ML Model Integrity","OOI","","InC","","0","0","2.99433","2.994329","1","0","1","0","1","3.994329","6.65091","8.8720837449","6.65091","8.8720837449","0","0","0"
"17274","32","Data Integration and Analysis Module","AML.T0015","Initial Access","","","InC","","0","0","0.0242424","0.0242424","1","0","1","0","1","1.0242424","0.0538465","2.2750164916","0.0134616","0.5687541229","1","1","0"
"17275","32","Data Integration and Analysis Module","AML.T0015","Defense Evasion","","","InC","","0","0","0.704","0.704","1","0","1","0","1","1.704","1.5637","3.78487368","0.390926","0.94621842","1","1","0"
"17276","32","Data Integration and Analysis Module","AML.T0015","Evade ML Model","","","","","0","0","0.0242424","0.0242424","1","0","0","0","0","0.0242424","0.0538465","0.0538464916","0.0134616","0.0134616229","1","1","0"
"17277","35","Navigation Support and Situational Awareness Module","AML.T0031","Erode ML Model Integrity","OOI","","InC","","0","0","2.2414","2.241399","1","0","1","0","1","3.241399","4.97853","7.1996982168","2.48926","3.5998491084","1","1","0"
"17278","35","Navigation Support and Situational Awareness Module","AML.T0043","ML Attack Staging","","","","","0","0","0.0242424","0.0242424","1","0","0","0","0","0.0242424","0.0392763","0.0392763244","0.0392763","0.0392763244","1","1","0"
"17279","24","Autonomous Decision-Making Engine","AML.T0031","Erode ML Model Integrity","OOI","","InC","","0","0","2.94962","2.949618","1","0","0.56","0","0.56","3.509618","6.5516","7.7954582131","1.6379","1.9488645533","1","1","0"
"17280","33","Autonomous Navigation Decision Module","AML.T0015","Initial Access","","","InC","","0","0","0.0242424","0.0242424","1","0","1","0","1","1.0242424","0.0538465","2.2750164916","0.0134616","0.5687541229","1","1","0"
"17281","33","Autonomous Navigation Decision Module","AML.T0015","Defense Evasion","","","InC","","0","0","0.8","0.8","1","0","1","0","1","1.8","1.77694","3.998106","0.444234","0.9995265","1","1","0"
"17282","33","Autonomous Navigation Decision Module","AML.T0015","Evade ML Model","","","","","0","0","0.0242424","0.0242424","1","0","0","0","0","0.0242424","0.0538465","0.0538464916","0.0134616","0.0134616229","1","1","0"
"17283","27","Machine Learning and Adaptive Algorithm Module","AML.T0015","Initial Access","","","InC","","0","0","0.0969696","0.0969696","1","0","0.56","0","0.56","0.6569696","0.215386","1.4592411664","0.107693","0.7296205832","1","1","0"
"17284","27","Machine Learning and Adaptive Algorithm Module","AML.T0015","Defense Evasion","","","InC","","0","0","0.56","0.56","1","0","0.56","0","0.56","1.12","1.24386","2.4877104","0.621928","1.2438552","1","1","0"
"17285","27","Machine Learning and Adaptive Algorithm Module","AML.T0015","Evade ML Model","","","","","0","0","0.0969696","0.0969696","1","0","0","0","0","0.0969696","0.215386","0.2153859664","0.107693","0.1076929832","1","1","0"
"17286","32","Data Integration and Analysis Module","AML.T0043","ML Attack Staging","","","","","0","0","0.0242424","0.0242424","1","0","0","0","0","0.0242424","0.0392763","0.0392763244","0.0392763","0.0392763244","1","1","0"
"17287","2","GNSS / GPS Receiver","TID-101","Power Consumption Analysis Side Channel","","CoC","","","0","0","0.848","0.848","1","0.392","0","0","0.392","1.24","3.29621","4.8199296","3.29621","4.8199296","1","1","0"
"17288","24","Autonomous Decision-Making Engine","AML.T0015","Initial Access","","","InC","","0","0","0.0484849","0.04848488","1","0","0.56","0","0.56","0.60848488","0.107693","1.3515483609","0.0269233","0.3378870902","1","1","0"
"17289","24","Autonomous Decision-Making Engine","AML.T0015","Defense Evasion","","","InC","","0","0","0.704","0.704","1","0","0.56","0","0.56","1.264","1.5637","2.80755888","0.390926","0.70188972","1","1","0"
"17290","24","Autonomous Decision-Making Engine","AML.T0015","Evade ML Model","","","","","0","0","0.0484849","0.04848488","1","0","0","0","0","0.04848488","0.107693","0.1076931609","0.0269233","0.0269232902","1","1","0"
"17291","31","Training Data Asset","AML.T0020","Resource Development","","","","","0","0","0.0242424","0.0242424","1","0","0","0","0","0.0242424","0.0392763","0.0392763244","0.00981908","0.0098190811","1","1","0"
"17292","31","Training Data Asset","AML.T0020","Persistence","","","InC","","0","0","0.552","0.552","1","0","1","0","1","1.552","0.894323","2.5144728","0.223581","0.6286182","1","1","0"
"17293","33","Autonomous Navigation Decision Module","AML.T0043","ML Attack Staging","","","","","0","0","0.0242424","0.0242424","1","0","0","0","0","0.0242424","0.0392763","0.0392763244","0.0392763","0.0392763244","1","1","0"
"17294","3","AIS Interface","TID-101","Power Consumption Analysis Side Channel","","CoC","","","0","0","0.864","0.864","1","0.007","0","0","0.007","0.871","3.3584","3.38561184","3.3584","3.38561184","1","1","0"
"17295","24","Autonomous Decision-Making Engine","AML.T0043","ML Attack Staging","","","","","0","0","0.0484849","0.04848488","1","0","0","0","0","0.04848488","0.0785528","0.0785527783","0.0785528","0.0785527783","1","1","0"
"17296","31","Training Data Asset","AML.T0031","Erode ML Model Integrity","OOI","","InC","","0","0","2.28091","2.280913","1","0","1","0","1","3.280913","5.0663","7.2874655282","5.0663","7.2874655282","1","0","1"
"17297","7","Satellite Communication System","TID-101","Power Consumption Analysis Side Channel","","CoC","","","0","0","0.744","0.744","1","0.392","0","0","0.392","1.136","2.89196","4.41567744","2.89196","4.41567744","1","1","0"
"17298","5","RADAR / ARPA System","TID-101","Power Consumption Analysis Side Channel","","CoC","","","0","0","0.968","0.968","1","0.154","0","0","0.154","1.122","3.76265","4.36125888","3.76265","4.36125888","1","1","0"
"17299","8","RF / VHF / UHF Communication Module","TID-101","Power Consumption Analysis Side Channel","","CoC","","","0","0","0.504","0.504","1","0.154","0","0","0.154","0.658","1.95907","2.55767232","1.95907","2.55767232","1","1","0"
"17300","6","Navigation Data Integration Tool","TID-101","Power Consumption Analysis Side Channel","","CoC","","","0","0","1.128","1.128","1","0.392","0","0","0.392","1.52","4.38458","5.9083008","4.38458","5.9083008","1","1","0"
"17301","9","Vessel Traffic Services Interface","TID-101","Power Consumption Analysis Side Channel","","CoC","","","0","0","0.496","0.496","1","0.154","0","0","0.154","0.65","1.92797","2.526576","1.92797","2.526576","1","1","0"
"17302","12","Controllable Pitch Propeller","TID-101","Power Consumption Analysis Side Channel","","CoC","","","0","0","0.448","0.448","1","0.007","0","0","0.007","0.455","1.74139","1.7686032","1.74139","1.7686032","1","1","0"
"17303","13","Rudder Angle Indicator","TID-101","Power Consumption Analysis Side Channel","","CoC","","","0","0","0.16","0.16","1","0.007","0","0","0.007","0.167","0.621926","0.64913568","0.621926","0.64913568","1","1","0"
"17304","31","Training Data Asset","AML.T0043.004","ML Attack Staging","","","","","0","0","0.0242424","0.0242424","1","0","0","0","0","0.0242424","0.0171042","0.0171041526","0.0171042","0.0171041526","1","1","0"
"17305","10","Remote Control Center Communication Interface","TID-101","Power Consumption Analysis Side Channel","","CoC","","","0","0","0.768","0.768","1","0.392","0","0","0.392","1.16","2.98525","4.5089664","2.98525","4.5089664","1","1","0"
"17306","14","Electric / Hybrid Propulsion System","TID-101","Power Consumption Analysis Side Channel","","CoC","","","0","0","0.712","0.712","1","0.154","0","0","0.154","0.866","2.76757","3.36617664","2.76757","3.36617664","1","1","0"
"17307","11","GMDSS","TID-101","Power Consumption Analysis Side Channel","","CoC","","","0","0","0.568","0.568","1","0.154","0","0","0.154","0.722","2.20784","2.80644288","2.20784","2.80644288","1","1","0"
"17308","20","Weather Transmission System","TID-101","Power Consumption Analysis Side Channel","","CoC","","","0","0","0.12","0.12","1","0.007","0","0","0.007","0.127","0.466445","0.49365408","0.466445","0.49365408","1","1","0"
"17309","18","Sonar","TID-101","Power Consumption Analysis Side Channel","","CoC","","","0","0","0.384","0.384","1","0.007","0","0","0.007","0.391","1.49262","1.51983264","1.49262","1.51983264","1","1","0"
"17310","15","Steering Gear System","TID-101","Power Consumption Analysis Side Channel","","CoC","","","0","0","0.624","0.624","1","0.154","0","0","0.154","0.778","2.42551","3.02411712","2.42551","3.02411712","1","1","0"
"17311","19","Infrared Camera System","TID-101","Power Consumption Analysis Side Channel","","CoC","","","0","0","0.384","0.384","1","0.154","0","0","0.154","0.538","1.49262","2.09122752","1.49262","2.09122752","1","1","0"
"17312","21","Echo Sounder","TID-101","Power Consumption Analysis Side Channel","","CoC","","","0","0","0.376","0.376","1","0.007","0","0","0.007","0.383","1.46153","1.48873632","1.46153","1.48873632","1","1","0"
"17313","17","LiDAR","TID-101","Power Consumption Analysis Side Channel","","CoC","","","0","0","0.168","0.168","1","0.007","0","0","0.007","0.175","0.653023","0.680232","0.653023","0.680232","1","1","0"
"17314","16","Engine Control Mechanism","TID-101","Power Consumption Analysis Side Channel","","CoC","","","0","0","0.752","0.752","1","0.154","0","0","0.154","0.906","2.92305","3.52165824","2.92305","3.52165824","1","1","0"
"17315","22","Gyroscope Compass","TID-101","Power Consumption Analysis Side Channel","","CoC","","","0","0","0.176","0.176","1","0.007","0","0","0.007","0.183","0.684119","0.71132832","0.684119","0.71132832","1","1","0"
"17316","23","Heading and Speed Sensor","TID-101","Power Consumption Analysis Side Channel","","CoC","","","0","0","0.168","0.168","1","0.007","0","0","0.007","0.175","0.653023","0.680232","0.653023","0.680232","1","1","0"
"17317","25","Feedback Control Module","TID-101","Power Consumption Analysis Side Channel","","CoC","","","0","0","0.536","0.536","1","0.154","0","0","0.154","0.69","2.08345","2.6820576","2.08345","2.6820576","1","1","0"
"17318","26","Vessel Traffic Services Decision Integration","TID-101","Power Consumption Analysis Side Channel","","CoC","","","0","0","0.552","0.552","1","0.154","0","0","0.154","0.706","2.14565","2.74425024","2.14565","2.74425024","1","1","0"
"17319","24","Autonomous Decision-Making Engine","TID-101","Power Consumption Analysis Side Channel","","CoC","","","0","0","1.232","1.232","1","0.392","0","0","0.392","1.624","4.78883","6.31255296","4.78883","6.31255296","1","1","0"
"17320","29","Internal Data Pipeline / Integration Module","TID-101","Power Consumption Analysis Side Channel","","CoC","","","0","0","0.864","0.864","1","0.392","0","0","0.392","1.256","3.3584","4.88212224","3.3584","4.88212224","1","1","0"
"17321","28","Human Override Control Interface","TID-101","Power Consumption Analysis Side Channel","","CoC","","","0","0","0.592","0.592","1","0.154","0","0","0.154","0.746","2.30113","2.89973184","2.30113","2.89973184","1","1","0"
"17322","34","Collision Avoidance System","TID-101","Power Consumption Analysis Side Channel","","CoC","","","0","0","1.328","1.328","1","0.154","0","0","0.154","1.482","5.16199","5.76059328","5.16199","5.76059328","1","1","0"
"17323","35","Navigation Support and Situational Awareness Module","TID-101","Power Consumption Analysis Side Channel","","CoC","","","0","0","1.064","1.064","1","0.392","0","0","0.392","1.456","4.13581","5.65953024","4.13581","5.65953024","1","1","0"
"17324","2","GNSS / GPS Receiver","TID-102","Electromagnetic Analysis Side Channel","","CoC","","","0","0","0.848","0.848","1","0.392","0","0","0.392","1.24","3.29621","4.8199296","3.29621","4.8199296","1","1","0"
"17325","3","AIS Interface","TID-102","Electromagnetic Analysis Side Channel","","CoC","","","0","0","0.864","0.864","1","0.007","0","0","0.007","0.871","3.3584","3.38561184","3.3584","3.38561184","1","1","0"
"17326","5","RADAR / ARPA System","TID-102","Electromagnetic Analysis Side Channel","","CoC","","","0","0","0.968","0.968","1","0.154","0","0","0.154","1.122","3.76265","4.36125888","3.76265","4.36125888","1","1","0"
"17327","13","Rudder Angle Indicator","TID-102","Electromagnetic Analysis Side Channel","","CoC","","","0","0","0.16","0.16","1","0.007","0","0","0.007","0.167","0.621926","0.64913568","0.621926","0.64913568","1","1","0"
"17328","8","RF / VHF / UHF Communication Module","TID-102","Electromagnetic Analysis Side Channel","","CoC","","","0","0","0.504","0.504","1","0.154","0","0","0.154","0.658","1.95907","2.55767232","1.95907","2.55767232","1","1","0"
"17329","6","Navigation Data Integration Tool","TID-102","Electromagnetic Analysis Side Channel","","CoC","","","0","0","1.128","1.128","1","0.392","0","0","0.392","1.52","4.38458","5.9083008","4.38458","5.9083008","1","1","0"
"17330","9","Vessel Traffic Services Interface","TID-102","Electromagnetic Analysis Side Channel","","CoC","","","0","0","0.496","0.496","1","0.154","0","0","0.154","0.65","1.92797","2.526576","1.92797","2.526576","1","1","0"
"17331","10","Remote Control Center Communication Interface","TID-102","Electromagnetic Analysis Side Channel","","CoC","","","0","0","0.768","0.768","1","0.392","0","0","0.392","1.16","2.98525","4.5089664","2.98525","4.5089664","1","1","0"
"17332","27","Machine Learning and Adaptive Algorithm Module","TID-101","Power Consumption Analysis Side Channel","","CoC","","","0","0","1","1","1","0.392","0","0","0.392","1.392","3.88704","5.41075968","3.88704","5.41075968","1","1","0"
"17333","7","Satellite Communication System","TID-102","Electromagnetic Analysis Side Channel","","CoC","","","0","0","0.744","0.744","1","0.392","0","0","0.392","1.136","2.89196","4.41567744","2.89196","4.41567744","1","1","0"
"17334","15","Steering Gear System","TID-102","Electromagnetic Analysis Side Channel","","CoC","","","0","0","0.624","0.624","1","0.154","0","0","0.154","0.778","2.42551","3.02411712","2.42551","3.02411712","1","1","0"
"17335","32","Data Integration and Analysis Module","TID-101","Power Consumption Analysis Side Channel","","CoC","","","0","0","1.408","1.408","1","0.392","0","0","0.392","1.8","5.47295","6.996672","5.47295","6.996672","1","0","1"
"17336","11","GMDSS","TID-102","Electromagnetic Analysis Side Channel","","CoC","","","0","0","0.568","0.568","1","0.154","0","0","0.154","0.722","2.20784","2.80644288","2.20784","2.80644288","1","1","0"
"17337","12","Controllable Pitch Propeller","TID-102","Electromagnetic Analysis Side Channel","","CoC","","","0","0","0.448","0.448","1","0.007","0","0","0.007","0.455","1.74139","1.7686032","1.74139","1.7686032","1","1","0"
"17338","14","Electric / Hybrid Propulsion System","TID-102","Electromagnetic Analysis Side Channel","","CoC","","","0","0","0.712","0.712","1","0.154","0","0","0.154","0.866","2.76757","3.36617664","2.76757","3.36617664","1","1","0"
"17339","30","Target Model","TID-101","Power Consumption Analysis Side Channel","","CoC","","","0","0","0.952","0.952","1","0.392","0","0","0.392","1.344","3.70046","5.22418176","3.70046","5.22418176","1","1","0"
"17340","16","Engine Control Mechanism","TID-102","Electromagnetic Analysis Side Channel","","CoC","","","0","0","0.752","0.752","1","0.154","0","0","0.154","0.906","2.92305","3.52165824","2.92305","3.52165824","1","1","0"
"17341","33","Autonomous Navigation Decision Module","TID-101","Power Consumption Analysis Side Channel","","CoC","","","0","0","1.416","1.416","1","0.392","0","0","0.392","1.808","5.50405","7.02776832","5.50405","7.02776832","1","0","1"
"17342","17","LiDAR","TID-102","Electromagnetic Analysis Side Channel","","CoC","","","0","0","0.168","0.168","1","0.007","0","0","0.007","0.175","0.653023","0.680232","0.653023","0.680232","1","1","0"
"17343","18","Sonar","TID-102","Electromagnetic Analysis Side Channel","","CoC","","","0","0","0.384","0.384","1","0.007","0","0","0.007","0.391","1.49262","1.51983264","1.49262","1.51983264","1","1","0"
"17344","19","Infrared Camera System","TID-102","Electromagnetic Analysis Side Channel","","CoC","","","0","0","0.384","0.384","1","0.154","0","0","0.154","0.538","1.49262","2.09122752","1.49262","2.09122752","1","1","0"
"17345","20","Weather Transmission System","TID-102","Electromagnetic Analysis Side Channel","","CoC","","","0","0","0.12","0.12","1","0.007","0","0","0.007","0.127","0.466445","0.49365408","0.466445","0.49365408","1","1","0"
"17346","21","Echo Sounder","TID-102","Electromagnetic Analysis Side Channel","","CoC","","","0","0","0.376","0.376","1","0.007","0","0","0.007","0.383","1.46153","1.48873632","1.46153","1.48873632","1","1","0"
"17347","22","Gyroscope Compass","TID-102","Electromagnetic Analysis Side Channel","","CoC","","","0","0","0.176","0.176","1","0.007","0","0","0.007","0.183","0.684119","0.71132832","0.684119","0.71132832","1","1","0"
"17348","26","Vessel Traffic Services Decision Integration","TID-102","Electromagnetic Analysis Side Channel","","CoC","","","0","0","0.552","0.552","1","0.154","0","0","0.154","0.706","2.14565","2.74425024","2.14565","2.74425024","1","1","0"
"17349","28","Human Override Control Interface","TID-102","Electromagnetic Analysis Side Channel","","CoC","","","0","0","0.592","0.592","1","0.154","0","0","0.154","0.746","2.30113","2.89973184","2.30113","2.89973184","1","1","0"
"17350","23","Heading and Speed Sensor","TID-102","Electromagnetic Analysis Side Channel","","CoC","","","0","0","0.168","0.168","1","0.007","0","0","0.007","0.175","0.653023","0.680232","0.653023","0.680232","1","1","0"
"17351","25","Feedback Control Module","TID-102","Electromagnetic Analysis Side Channel","","CoC","","","0","0","0.536","0.536","1","0.154","0","0","0.154","0.69","2.08345","2.6820576","2.08345","2.6820576","1","1","0"
"17352","29","Internal Data Pipeline / Integration Module","TID-102","Electromagnetic Analysis Side Channel","","CoC","","","0","0","0.864","0.864","1","0.392","0","0","0.392","1.256","3.3584","4.88212224","3.3584","4.88212224","1","1","0"
"17353","34","Collision Avoidance System","TID-102","Electromagnetic Analysis Side Channel","","CoC","","","0","0","1.328","1.328","1","0.154","0","0","0.154","1.482","5.16199","5.76059328","5.16199","5.76059328","1","1","0"
"17354","5","RADAR / ARPA System","TID-103","Microarchitectural Side Channels","","CoC","","","0","0","0.968","0.968","1","0.154","0","0","0.154","1.122","1.14393","1.3259235","1.14393","1.3259235","1","1","0"
"17355","7","Satellite Communication System","TID-103","Microarchitectural Side Channels","","CoC","","","0","0","0.744","0.744","1","0.392","0","0","0.392","1.136","0.879222","1.342468","0.879222","1.342468","1","1","0"
"17356","35","Navigation Support and Situational Awareness Module","TID-102","Electromagnetic Analysis Side Channel","","CoC","","","0","0","1.064","1.064","1","0.392","0","0","0.392","1.456","4.13581","5.65953024","4.13581","5.65953024","1","1","0"
"17357","3","AIS Interface","TID-103","Microarchitectural Side Channels","","CoC","","","0","0","0.864","0.864","1","0.007","0","0","0.007","0.871","1.02103","1.02930425","1.02103","1.02930425","1","1","0"
"17358","6","Navigation Data Integration Tool","TID-103","Microarchitectural Side Channels","","CoC","","","0","0","1.128","1.128","1","0.392","0","0","0.392","1.52","1.33301","1.79626","1.33301","1.79626","1","1","0"
"17359","2","GNSS / GPS Receiver","TID-103","Microarchitectural Side Channels","","CoC","","","0","0","0.848","0.848","1","0.392","0","0","0.392","1.24","1.00212","1.46537","1.00212","1.46537","1","1","0"
"17360","8","RF / VHF / UHF Communication Module","TID-103","Microarchitectural Side Channels","","CoC","","","0","0","0.504","0.504","1","0.154","0","0","0.154","0.658","0.595602","0.7775915","0.595602","0.7775915","1","1","0"
"17361","9","Vessel Traffic Services Interface","TID-103","Microarchitectural Side Channels","","CoC","","","0","0","0.496","0.496","1","0.154","0","0","0.154","0.65","0.586148","0.7681375","0.586148","0.7681375","1","1","0"
"17362","24","Autonomous Decision-Making Engine","TID-102","Electromagnetic Analysis Side Channel","","CoC","","","0","0","1.232","1.232","1","0.392","0","0","0.392","1.624","4.78883","6.31255296","4.78883","6.31255296","1","1","0"
"17363","10","Remote Control Center Communication Interface","TID-103","Microarchitectural Side Channels","","CoC","","","0","0","0.768","0.768","1","0.392","0","0","0.392","1.16","0.907584","1.37083","0.907584","1.37083","1","1","0"
"17364","11","GMDSS","TID-103","Microarchitectural Side Channels","","CoC","","","0","0","0.568","0.568","1","0.154","0","0","0.154","0.722","0.671234","0.8532235","0.671234","0.8532235","1","1","0"
"17365","12","Controllable Pitch Propeller","TID-103","Microarchitectural Side Channels","","CoC","","","0","0","0.448","0.448","1","0.007","0","0","0.007","0.455","0.529424","0.53769625","0.529424","0.53769625","1","1","0"
"17366","27","Machine Learning and Adaptive Algorithm Module","TID-102","Electromagnetic Analysis Side Channel","","CoC","","","0","0","1","1","1","0.392","0","0","0.392","1.392","3.88704","5.41075968","3.88704","5.41075968","1","1","0"
"17367","32","Data Integration and Analysis Module","TID-102","Electromagnetic Analysis Side Channel","","CoC","","","0","0","1.408","1.408","1","0.392","0","0","0.392","1.8","5.47295","6.996672","5.47295","6.996672","1","0","1"
"17368","30","Target Model","TID-102","Electromagnetic Analysis Side Channel","","CoC","","","0","0","0.952","0.952","1","0.392","0","0","0.392","1.344","3.70046","5.22418176","3.70046","5.22418176","1","1","0"
"17369","13","Rudder Angle Indicator","TID-103","Microarchitectural Side Channels","","CoC","","","0","0","0.16","0.16","1","0.007","0","0","0.007","0.167","0.18908","0.19735225","0.18908","0.19735225","1","1","0"
"17370","33","Autonomous Navigation Decision Module","TID-102","Electromagnetic Analysis Side Channel","","CoC","","","0","0","1.416","1.416","1","0.392","0","0","0.392","1.808","5.50405","7.02776832","5.50405","7.02776832","1","0","1"
"17371","14","Electric / Hybrid Propulsion System","TID-103","Microarchitectural Side Channels","","CoC","","","0","0","0.712","0.712","1","0.154","0","0","0.154","0.866","0.841406","1.0233955","0.841406","1.0233955","1","1","0"
"17372","15","Steering Gear System","TID-103","Microarchitectural Side Channels","","CoC","","","0","0","0.624","0.624","1","0.154","0","0","0.154","0.778","0.737412","0.9194015","0.737412","0.9194015","1","1","0"
"17373","16","Engine Control Mechanism","TID-103","Microarchitectural Side Channels","","CoC","","","0","0","0.752","0.752","1","0.154","0","0","0.154","0.906","0.888676","1.0706655","0.888676","1.0706655","1","1","0"
"17374","18","Sonar","TID-103","Microarchitectural Side Channels","","CoC","","","0","0","0.384","0.384","1","0.007","0","0","0.007","0.391","0.453792","0.46206425","0.453792","0.46206425","1","1","0"
"17375","17","LiDAR","TID-103","Microarchitectural Side Channels","","CoC","","","0","0","0.168","0.168","1","0.007","0","0","0.007","0.175","0.198534","0.20680625","0.198534","0.20680625","1","1","0"
"17376","19","Infrared Camera System","TID-103","Microarchitectural Side Channels","","CoC","","","0","0","0.384","0.384","1","0.154","0","0","0.154","0.538","0.453792","0.6357815","0.453792","0.6357815","1","1","0"
"17377","20","Weather Transmission System","TID-103","Microarchitectural Side Channels","","CoC","","","0","0","0.12","0.12","1","0.007","0","0","0.007","0.127","0.14181","0.15008225","0.14181","0.15008225","1","1","0"
"17378","22","Gyroscope Compass","TID-103","Microarchitectural Side Channels","","CoC","","","0","0","0.176","0.176","1","0.007","0","0","0.007","0.183","0.207988","0.21626025","0.207988","0.21626025","1","1","0"
"17379","21","Echo Sounder","TID-103","Microarchitectural Side Channels","","CoC","","","0","0","0.376","0.376","1","0.007","0","0","0.007","0.383","0.444338","0.45261025","0.444338","0.45261025","1","1","0"
"17380","23","Heading and Speed Sensor","TID-103","Microarchitectural Side Channels","","CoC","","","0","0","0.168","0.168","1","0.007","0","0","0.007","0.175","0.198534","0.20680625","0.198534","0.20680625","1","1","0"
"17381","26","Vessel Traffic Services Decision Integration","TID-103","Microarchitectural Side Channels","","CoC","","","0","0","0.552","0.552","1","0.154","0","0","0.154","0.706","0.652326","0.8343155","0.652326","0.8343155","1","1","0"
"17382","25","Feedback Control Module","TID-103","Microarchitectural Side Channels","","CoC","","","0","0","0.536","0.536","1","0.154","0","0","0.154","0.69","0.633418","0.8154075","0.633418","0.8154075","1","1","0"
"17383","28","Human Override Control Interface","TID-103","Microarchitectural Side Channels","","CoC","","","0","0","0.592","0.592","1","0.154","0","0","0.154","0.746","0.699596","0.8815855","0.699596","0.8815855","1","1","0"
"17384","29","Internal Data Pipeline / Integration Module","TID-103","Microarchitectural Side Channels","","CoC","","","0","0","0.864","0.864","1","0.392","0","0","0.392","1.256","1.02103","1.484278","1.02103","1.484278","1","1","0"
"17385","34","Collision Avoidance System","TID-103","Microarchitectural Side Channels","","CoC","","","0","0","1.328","1.328","1","0.154","0","0","0.154","1.482","1.56936","1.7513535","1.56936","1.7513535","1","1","0"
"17386","2","GNSS / GPS Receiver","TID-105","Hardware Fault Injection – Control Flow Modification","OOI","","InC","","0","0","0.442471","0.44247143","1","0","1","0","1","1.44247143","0.522891","1.7046406124","0.522891","1.7046406124","1","1","0"
"17387","3","AIS Interface","TID-105","Hardware Fault Injection – Control Flow Modification","OOI","","InC","","0","0","0.494318","0.4943177","1","0","1","0","1","1.4943177","0.58416","1.765909942","0.58416","1.765909942","1","1","0"
"17388","35","Navigation Support and Situational Awareness Module","TID-103","Microarchitectural Side Channels","","CoC","","","0","0","1.064","1.064","1","0.392","0","0","0.392","1.456","1.25738","1.720628","1.25738","1.720628","1","1","0"
"17389","24","Autonomous Decision-Making Engine","TID-103","Microarchitectural Side Channels","","CoC","","","0","0","1.232","1.232","1","0.392","0","0","0.392","1.624","1.45592","1.919162","1.45592","1.919162","1","1","0"
"17390","5","RADAR / ARPA System","TID-105","Hardware Fault Injection – Control Flow Modification","OOI","","InC","","0","0","0.582318","0.5823177","1","0","1","0","1","1.5823177","0.688154","1.869903942","0.688154","1.869903942","1","1","0"
"17391","6","Navigation Data Integration Tool","TID-105","Hardware Fault Injection – Control Flow Modification","OOI","","InC","","0","0","0.900204","0.900204","1","0","1","0","1","1.900204","1.06382","2.245566077","1.06382","2.245566077","1","1","0"
"17392","30","Target Model","TID-103","Microarchitectural Side Channels","","CoC","","","0","0","0.952","0.952","1","0.392","0","0","0.392","1.344","1.12503","1.588272","1.12503","1.588272","1","1","0"
"17393","27","Machine Learning and Adaptive Algorithm Module","TID-103","Microarchitectural Side Channels","","CoC","","","0","0","1","1","1","0.392","0","0","0.392","1.392","1.18175","1.644996","1.18175","1.644996","1","1","0"
"17394","7","Satellite Communication System","TID-105","Hardware Fault Injection – Control Flow Modification","OOI","","InC","","0","0","0.355833","0.3558334","1","0","0.56","0","0.56","0.9158334","0.420506","1.0822861205","0.420506","1.0822861205","1","1","0"
"17395","12","Controllable Pitch Propeller","TID-105","Hardware Fault Injection – Control Flow Modification","OOI","","InC","","0","0","0.198096","0.198096","1","0","1","0","1","1.198096","0.2341","1.415849948","0.2341","1.415849948","1","1","0"
"17396","11","GMDSS","TID-105","Hardware Fault Injection – Control Flow Modification","OOI","","InC","","0","0","0.179833","0.1798334","1","0","0.56","0","0.56","0.7398334","0.212518","0.8742981205","0.212518","0.8742981205","1","1","0"
"17397","10","Remote Control Center Communication Interface","TID-105","Hardware Fault Injection – Control Flow Modification","OOI","","InC","","0","0","0.481389","0.481389","1","0","1","0","1","1.481389","0.568881","1.7506314508","0.568881","1.7506314508","1","1","0"
"17398","13","Rudder Angle Indicator","TID-105","Hardware Fault Injection – Control Flow Modification","OOI","","InC","","0","0","0.0132645","0.01326446","1","0","0.56","0","0.56","0.57326446","0.0156753","0.6774552756","0.0156753","0.6774552756","1","1","0"
"17399","8","RF / VHF / UHF Communication Module","TID-105","Hardware Fault Injection – Control Flow Modification","OOI","","InC","","0","0","0.176","0.176","1","0","0.56","0","0.56","0.736","0.207988","0.869768","0.207988","0.869768","1","1","0"
"17400","32","Data Integration and Analysis Module","TID-103","Microarchitectural Side Channels","","CoC","","","0","0","1.408","1.408","1","0.392","0","0","0.392","1.8","1.6639","2.12715","1.6639","2.12715","1","1","0"
"17401","33","Autonomous Navigation Decision Module","TID-103","Microarchitectural Side Channels","","CoC","","","0","0","1.416","1.416","1","0.392","0","0","0.392","1.808","1.67336","2.136604","1.67336","2.136604","1","1","0"
"17402","9","Vessel Traffic Services Interface","TID-105","Hardware Fault Injection – Control Flow Modification","OOI","","InC","","0","0","0.324","0.324","1","0","0.56","0","0.56","0.884","0.382887","1.044667","0.382887","1.044667","1","1","0"
"17403","14","Electric / Hybrid Propulsion System","TID-105","Hardware Fault Injection – Control Flow Modification","OOI","","InC","","0","0","0.366096","0.366096","1","0","1","0","1","1.366096","0.432634","1.614383948","0.432634","1.614383948","1","1","0"
"17404","17","LiDAR","TID-105","Hardware Fault Injection – Control Flow Modification","OOI","","InC","","0","0","0.0450572","0.0450572","1","0","0.56","0","0.56","0.6050572","0.0532463","0.7150263461","0.0532463","0.7150263461","1","1","0"
"17405","16","Engine Control Mechanism","TID-105","Hardware Fault Injection – Control Flow Modification","OOI","","InC","","0","0","0.563336","0.563336","1","0","1","0","1","1.563336","0.665722","1.847472318","0.665722","1.847472318","1","1","0"
"17406","15","Steering Gear System","TID-105","Hardware Fault Injection – Control Flow Modification","OOI","","InC","","0","0","0.360926","0.360926","1","0","1","0","1","1.360926","0.426524","1.6082743005","0.426524","1.6082743005","1","1","0"
"17407","20","Weather Transmission System","TID-105","Hardware Fault Injection – Control Flow Modification","OOI","","InC","","0","0","0.0450572","0.0450572","1","0","0.56","0","0.56","0.6050572","0.0532463","0.7150263461","0.0532463","0.7150263461","1","1","0"
"17408","18","Sonar","TID-105","Hardware Fault Injection – Control Flow Modification","OOI","","InC","","0","0","0.213057","0.2130572","1","0","0.56","0","0.56","0.7730572","0.25178","0.9135603461","0.25178","0.9135603461","1","1","0"
"17409","19","Infrared Camera System","TID-105","Hardware Fault Injection – Control Flow Modification","OOI","","InC","","0","0","0.213057","0.2130572","1","0","0.56","0","0.56","0.7730572","0.25178","0.9135603461","0.25178","0.9135603461","1","1","0"
"17410","21","Echo Sounder","TID-105","Hardware Fault Injection – Control Flow Modification","OOI","","InC","","0","0","0.186","0.186","1","0","0.56","0","0.56","0.746","0.219805","0.8815855","0.219805","0.8815855","1","1","0"
"17411","22","Gyroscope Compass","TID-105","Hardware Fault Injection – Control Flow Modification","OOI","","InC","","0","0","0.0777048","0.0777048","1","0","0.56","0","0.56","0.6377048","0.0918276","0.7536076474","0.0918276","0.7536076474","1","1","0"
"17412","23","Heading and Speed Sensor","TID-105","Hardware Fault Injection – Control Flow Modification","OOI","","InC","","0","0","0.0320051","0.0320051","1","0","0.56","0","0.56","0.5920051","0.037822","0.6996020269","0.037822","0.6996020269","1","1","0"
"17413","25","Feedback Control Module","TID-105","Hardware Fault Injection – Control Flow Modification","OOI","","InC","","0","0","0.25877","0.2587703","1","0","0.56","0","0.56","0.8187703","0.305802","0.967581802","0.305802","0.967581802","1","1","0"
"17414","26","Vessel Traffic Services Decision Integration","TID-105","Hardware Fault Injection – Control Flow Modification","OOI","","InC","","0","0","0.374429","0.374429","1","0","0.56","0","0.56","0.934429","0.442481","1.1042614708","0.442481","1.1042614708","1","1","0"
"17415","25","Feedback Control Module","TID-109","RAM Chip Contents Readout","","","","","0","0","0.176","0.176","1","0","0","0","0","0.176","0.684119","0.68411904","0.684119","0.68411904","1","1","0"
"17416","28","Human Override Control Interface","TID-105","Hardware Fault Injection – Control Flow Modification","OOI","","InC","","0","0","0.286376","0.286376","1","0","0.56","0","0.56","0.846376","0.338425","1.000204838","0.338425","1.000204838","1","1","0"
"17417","29","Internal Data Pipeline / Integration Module","TID-105","Hardware Fault Injection – Control Flow Modification","OOI","","InC","","0","0","0.529843","0.529843","1","0","1","0","1","1.529843","0.626142","1.8078919653","0.626142","1.8078919653","1","1","0"
"17418","34","Collision Avoidance System","TID-105","Hardware Fault Injection – Control Flow Modification","OOI","","InC","","0","0","1.16933","1.169329","1","0","1","0","1","2.169329","1.38185","2.5636045458","1.38185","2.5636045458","1","1","0"
"17419","2","GNSS / GPS Receiver","TID-111","Untrusted External Storage","","","","","0","0","0.408","0.408","1","0","0","0","0","0.408","1.58591","1.58591232","1.58591","1.58591232","1","1","0"
"17420","34","Collision Avoidance System","TID-109","RAM Chip Contents Readout","","","","","0","0","0.616","0.616","1","0","0","0","0","0.616","2.39442","2.39441664","2.39442","2.39441664","1","1","0"
"17421","35","Navigation Support and Situational Awareness Module","TID-109","RAM Chip Contents Readout","","","","","0","0","0.528","0.528","1","0","0","0","0","0.528","2.05236","2.05235712","2.05236","2.05235712","1","1","0"
"17422","5","RADAR / ARPA System","TID-111","Untrusted External Storage","","","","","0","0","0.44","0.44","1","0","0","0","0","0.44","1.7103","1.7102976","1.7103","1.7102976","1","1","0"
"17423","24","Autonomous Decision-Making Engine","TID-105","Hardware Fault Injection – Control Flow Modification","OOI","","InC","","0","0","1.12462","1.124618","1","0","0.56","0","0.56","1.684618","1.32902","1.9907973215","1.32902","1.9907973215","1","1","0"
"17424","35","Navigation Support and Situational Awareness Module","TID-105","Hardware Fault Injection – Control Flow Modification","OOI","","InC","","0","0","0.816399","0.816399","1","0","1","0","1","1.816399","0.964779","2.1465295183","0.964779","2.1465295183","1","1","0"
"17425","3","AIS Interface","TID-111","Untrusted External Storage","","","","","0","0","0.424","0.424","1","0","0","0","0","0.424","1.6481","1.64810496","1.6481","1.64810496","1","1","0"
"17426","12","Controllable Pitch Propeller","TID-111","Untrusted External Storage","","","","","0","0","0.44","0.44","1","0","0","0","0","0.44","1.7103","1.7102976","1.7103","1.7102976","1","1","0"
"17427","13","Rudder Angle Indicator","TID-111","Untrusted External Storage","","","","","0","0","0.152","0.152","1","0","0","0","0","0.152","0.59083","0.59083008","0.59083","0.59083008","1","1","0"
"17428","14","Electric / Hybrid Propulsion System","TID-111","Untrusted External Storage","","","","","0","0","0.536","0.536","1","0","0","0","0","0.536","2.08345","2.08345344","2.08345","2.08345344","1","1","0"
"17429","32","Data Integration and Analysis Module","TID-105","Hardware Fault Injection – Control Flow Modification","OOI","","InC","","0","0","1.59588","1.595881","1","0","1","0","1","2.595881","1.88593","3.0676823718","1.88593","3.0676823718","1","1","0"
"17430","30","Target Model","TID-105","Hardware Fault Injection – Control Flow Modification","OOI","","InC","","0","0","0.679913","0.679913","1","0","1","0","1","1.679913","0.803487","1.9852371878","0.803487","1.9852371878","1","1","0"
"17431","24","Autonomous Decision-Making Engine","TID-109","RAM Chip Contents Readout","","","","","0","0","0.528","0.528","1","0","0","0","0","0.528","2.05236","2.05235712","2.05236","2.05235712","1","1","0"
"17432","33","Autonomous Navigation Decision Module","TID-109","RAM Chip Contents Readout","","","","","0","0","0.616","0.616","1","0","0","0","0","0.616","2.39442","2.39441664","2.39442","2.39441664","1","1","0"
"17433","27","Machine Learning and Adaptive Algorithm Module","TID-105","Hardware Fault Injection – Control Flow Modification","OOI","","InC","","0","0","0.929799","0.929799","1","0","0.56","0","0.56","1.489799","1.09879","1.7605699683","1.09879","1.7605699683","1","1","0"
"17434","33","Autonomous Navigation Decision Module","TID-105","Hardware Fault Injection – Control Flow Modification","OOI","","InC","","0","0","1.616","1.616","1","0","1","0","1","2.616","1.90971","3.091458","1.90971","3.091458","1","1","0"
"17435","32","Data Integration and Analysis Module","TID-109","RAM Chip Contents Readout","","","","","0","0","0.704","0.704","1","0","0","0","0","0.704","2.73648","2.73647616","2.73648","2.73647616","1","1","0"
"17436","15","Steering Gear System","TID-111","Untrusted External Storage","","","","","0","0","0.528","0.528","1","0","0","0","0","0.528","2.05236","2.05235712","2.05236","2.05235712","1","1","0"
"17437","17","LiDAR","TID-111","Untrusted External Storage","","","","","0","0","0.16","0.16","1","0","0","0","0","0.16","0.621926","0.6219264","0.621926","0.6219264","1","1","0"
"17438","30","Target Model","TID-109","RAM Chip Contents Readout","","","","","0","0","0.44","0.44","1","0","0","0","0","0.44","1.7103","1.7102976","1.7103","1.7102976","1","1","0"
"17439","18","Sonar","TID-111","Untrusted External Storage","","","","","0","0","0.208","0.208","1","0","0","0","0","0.208","0.808504","0.80850432","0.808504","0.80850432","1","1","0"
"17440","16","Engine Control Mechanism","TID-111","Untrusted External Storage","","","","","0","0","0.576","0.576","1","0","0","0","0","0.576","2.23893","2.23893504","2.23893","2.23893504","1","1","0"
"17441","19","Infrared Camera System","TID-111","Untrusted External Storage","","","","","0","0","0.208","0.208","1","0","0","0","0","0.208","0.808504","0.80850432","0.808504","0.80850432","1","1","0"
"17442","23","Heading and Speed Sensor","TID-111","Untrusted External Storage","","","","","0","0","0.16","0.16","1","0","0","0","0","0.16","0.621926","0.6219264","0.621926","0.6219264","1","1","0"
"17443","21","Echo Sounder","TID-111","Untrusted External Storage","","","","","0","0","0.2","0.2","1","0","0","0","0","0.2","0.777408","0.777408","0.777408","0.777408","1","1","0"
"17444","22","Gyroscope Compass","TID-111","Untrusted External Storage","","","","","0","0","0.168","0.168","1","0","0","0","0","0.168","0.653023","0.65302272","0.653023","0.65302272","1","1","0"
"17445","2","GNSS / GPS Receiver","TID-113","Unverified Peripheral Firmware Loaded","","","InC","","0","0","0.408","0.408","1","0","1","0","1","1.408","1.58591","5.47295232","1.58591","5.47295232","1","1","0"
"17446","13","Rudder Angle Indicator","TID-113","Unverified Peripheral Firmware Loaded","","","InC","","0","0","0.152","0.152","1","0","0.56","0","0.56","0.712","0.59083","2.76757248","0.59083","2.76757248","1","1","0"
"17447","5","RADAR / ARPA System","TID-113","Unverified Peripheral Firmware Loaded","","","InC","","0","0","0.44","0.44","1","0","1","0","1","1.44","1.7103","5.5973376","1.7103","5.5973376","1","1","0"
"17448","12","Controllable Pitch Propeller","TID-113","Unverified Peripheral Firmware Loaded","","","InC","","0","0","0.44","0.44","1","0","1","0","1","1.44","1.7103","5.5973376","1.7103","5.5973376","1","1","0"
"17449","3","AIS Interface","TID-113","Unverified Peripheral Firmware Loaded","","","InC","","0","0","0.424","0.424","1","0","1","0","1","1.424","1.6481","5.53514496","1.6481","5.53514496","1","1","0"
"17450","15","Steering Gear System","TID-113","Unverified Peripheral Firmware Loaded","","","InC","","0","0","0.528","0.528","1","0","1","0","1","1.528","2.05236","5.93939712","2.05236","5.93939712","1","1","0"
"17451","14","Electric / Hybrid Propulsion System","TID-113","Unverified Peripheral Firmware Loaded","","","InC","","0","0","0.536","0.536","1","0","1","0","1","1.536","2.08345","5.97049344","2.08345","5.97049344","1","1","0"
"17452","16","Engine Control Mechanism","TID-113","Unverified Peripheral Firmware Loaded","","","InC","","0","0","0.576","0.576","1","0","1","0","1","1.576","2.23893","6.12597504","2.23893","6.12597504","1","1","0"
"17453","18","Sonar","TID-113","Unverified Peripheral Firmware Loaded","","","InC","","0","0","0.208","0.208","1","0","0.56","0","0.56","0.768","0.808504","2.98524672","0.808504","2.98524672","1","1","0"
"17454","19","Infrared Camera System","TID-113","Unverified Peripheral Firmware Loaded","","","InC","","0","0","0.208","0.208","1","0","0.56","0","0.56","0.768","0.808504","2.98524672","0.808504","2.98524672","1","1","0"
"17455","17","LiDAR","TID-113","Unverified Peripheral Firmware Loaded","","","InC","","0","0","0.16","0.16","1","0","0.56","0","0.56","0.72","0.621926","2.7986688","0.621926","2.7986688","1","1","0"
"17456","25","Feedback Control Module","TID-113","Unverified Peripheral Firmware Loaded","","","InC","","0","0","0.36","0.36","1","0","0.56","0","0.56","0.92","1.39933","3.5760768","1.39933","3.5760768","1","1","0"
"17457","2","GNSS / GPS Receiver","TID-114","Peripheral Data Bus Interception","","","","","0","0","0.44","0.44","1","0","0","0","0","0.44","1.7103","1.7102976","1.7103","1.7102976","1","1","0"
"17458","21","Echo Sounder","TID-113","Unverified Peripheral Firmware Loaded","","","InC","","0","0","0.2","0.2","1","0","0.56","0","0.56","0.76","0.777408","2.9541504","0.777408","2.9541504","1","1","0"
"17459","23","Heading and Speed Sensor","TID-113","Unverified Peripheral Firmware Loaded","","","InC","","0","0","0.16","0.16","1","0","0.56","0","0.56","0.72","0.621926","2.7986688","0.621926","2.7986688","1","1","0"
"17460","22","Gyroscope Compass","TID-113","Unverified Peripheral Firmware Loaded","","","InC","","0","0","0.168","0.168","1","0","0.56","0","0.56","0.728","0.653023","2.82976512","0.653023","2.82976512","1","1","0"
"17461","12","Controllable Pitch Propeller","TID-114","Peripheral Data Bus Interception","","","","","0","0","0.008","0.008","1","0","0","0","0","0.008","0.0310963","0.03109632","0.0310963","0.03109632","1","1","0"
"17462","3","AIS Interface","TID-114","Peripheral Data Bus Interception","","","","","0","0","0.44","0.44","1","0","0","0","0","0.44","1.7103","1.7102976","1.7103","1.7102976","1","1","0"
"17463","5","RADAR / ARPA System","TID-114","Peripheral Data Bus Interception","","","","","0","0","0.528","0.528","1","0","0","0","0","0.528","2.05236","2.05235712","2.05236","2.05235712","1","1","0"
"17464","13","Rudder Angle Indicator","TID-114","Peripheral Data Bus Interception","","","","","0","0","0.008","0.008","1","0","0","0","0","0.008","0.0310963","0.03109632","0.0310963","0.03109632","1","1","0"
"17465","14","Electric / Hybrid Propulsion System","TID-114","Peripheral Data Bus Interception","","","","","0","0","0.176","0.176","1","0","0","0","0","0.176","0.684119","0.68411904","0.684119","0.68411904","1","1","0"
"17466","15","Steering Gear System","TID-114","Peripheral Data Bus Interception","","","","","0","0","0.096","0.096","1","0","0","0","0","0.096","0.373156","0.37315584","0.373156","0.37315584","1","1","0"
"17467","17","LiDAR","TID-114","Peripheral Data Bus Interception","","","","","0","0","0.008","0.008","1","0","0","0","0","0.008","0.0310963","0.03109632","0.0310963","0.03109632","1","1","0"
"17468","16","Engine Control Mechanism","TID-114","Peripheral Data Bus Interception","","","","","0","0","0.176","0.176","1","0","0","0","0","0.176","0.684119","0.68411904","0.684119","0.68411904","1","1","0"
"17469","21","Echo Sounder","TID-114","Peripheral Data Bus Interception","","","","","0","0","0.176","0.176","1","0","0","0","0","0.176","0.684119","0.68411904","0.684119","0.68411904","1","1","0"
"17470","19","Infrared Camera System","TID-114","Peripheral Data Bus Interception","","","","","0","0","0.176","0.176","1","0","0","0","0","0.176","0.684119","0.68411904","0.684119","0.68411904","1","1","0"
"17471","22","Gyroscope Compass","TID-114","Peripheral Data Bus Interception","","","","","0","0","0.008","0.008","1","0","0","0","0","0.008","0.0310963","0.03109632","0.0310963","0.03109632","1","1","0"
"17472","18","Sonar","TID-114","Peripheral Data Bus Interception","","","","","0","0","0.176","0.176","1","0","0","0","0","0.176","0.684119","0.68411904","0.684119","0.68411904","1","1","0"
"17473","24","Autonomous Decision-Making Engine","TID-113","Unverified Peripheral Firmware Loaded","","","InC","","0","0","0.704","0.704","1","0","0.56","0","0.56","1.264","2.73648","4.91321856","2.73648","4.91321856","1","1","0"
"17474","27","Machine Learning and Adaptive Algorithm Module","TID-113","Unverified Peripheral Firmware Loaded","","","InC","","0","0","0.56","0.56","1","0","0.56","0","0.56","1.12","2.17674","4.3534848","2.17674","4.3534848","1","1","0"
"17475","23","Heading and Speed Sensor","TID-114","Peripheral Data Bus Interception","","","","","0","0","0.008","0.008","1","0","0","0","0","0.008","0.0310963","0.03109632","0.0310963","0.03109632","1","1","0"
"17476","2","GNSS / GPS Receiver","TID-118","Weak Peripheral Port Electrical Damage Protection","OOI","","","","0","0","0.410471","0.41047143","1","0","0","0","0","0.41047143","1.59552","1.5955188673","1.59552","1.5955188673","1","1","0"
"17477","3","AIS Interface","TID-118","Weak Peripheral Port Electrical Damage Protection","OOI","","","","0","0","0.478318","0.4783177","1","0","0","0","0","0.4783177","1.85924","1.8592400326","1.85924","1.8592400326","1","1","0"
"17478","5","RADAR / ARPA System","TID-118","Weak Peripheral Port Electrical Damage Protection","OOI","","","","0","0","0.494318","0.4943177","1","0","0","0","0","0.4943177","1.92143","1.9214326726","1.92143","1.9214326726","1","1","0"
"17479","13","Rudder Angle Indicator","TID-118","Weak Peripheral Port Electrical Damage Protection","OOI","","","","0","0","0.157264","0.15726446","1","0","0","0","0","0.15726446","0.611293","0.6112932466","0.611293","0.6112932466","1","1","0"
"17480","25","Feedback Control Module","TID-114","Peripheral Data Bus Interception","","","","","0","0","0.176","0.176","1","0","0","0","0","0.176","0.684119","0.68411904","0.684119","0.68411904","1","1","0"
"17481","14","Electric / Hybrid Propulsion System","TID-118","Weak Peripheral Port Electrical Damage Protection","OOI","","","","0","0","0.726096","0.726096","1","0","0","0","0","0.726096","2.82236","2.8223641958","2.82236","2.8223641958","1","1","0"
"17482","12","Controllable Pitch Propeller","TID-118","Weak Peripheral Port Electrical Damage Protection","OOI","","","","0","0","0.630096","0.630096","1","0","0","0","0","0.630096","2.44921","2.4492083558","2.44921","2.4492083558","1","1","0"
"17483","16","Engine Control Mechanism","TID-118","Weak Peripheral Port Electrical Damage Protection","OOI","","","","0","0","0.963336","0.963336","1","0","0","0","0","0.963336","3.74453","3.7445255654","3.74453","3.7445255654","1","1","0"
"17484","18","Sonar","TID-118","Weak Peripheral Port Electrical Damage Protection","OOI","","","","0","0","0.245057","0.2450572","1","0","0","0","0","0.2450572","0.952547","0.9525471387","0.952547","0.9525471387","1","1","0"
"17485","15","Steering Gear System","TID-118","Weak Peripheral Port Electrical Damage Protection","OOI","","","","0","0","0.792926","0.792926","1","0","0","0","0","0.792926","3.08213","3.082135079","3.08213","3.082135079","1","1","0"
"17486","17","LiDAR","TID-118","Weak Peripheral Port Electrical Damage Protection","OOI","","","","0","0","0.197057","0.1970572","1","0","0","0","0","0.1970572","0.765969","0.7659692187","0.765969","0.7659692187","1","1","0"
"17487","19","Infrared Camera System","TID-118","Weak Peripheral Port Electrical Damage Protection","OOI","","","","0","0","0.245057","0.2450572","1","0","0","0","0","0.2450572","0.952547","0.9525471387","0.952547","0.9525471387","1","1","0"
"17488","22","Gyroscope Compass","TID-118","Weak Peripheral Port Electrical Damage Protection","OOI","","","","0","0","0.237705","0.2377048","1","0","0","0","0","0.2377048","0.923968","0.9239680658","0.923968","0.9239680658","1","1","0"
"17489","21","Echo Sounder","TID-118","Weak Peripheral Port Electrical Damage Protection","OOI","","","","0","0","0.21","0.21","1","0","0","0","0","0.21","0.816278","0.8162784","0.816278","0.8162784","1","1","0"
"17490","12","Controllable Pitch Propeller","TID-210","Device Vulnerabilities Unpatchable","","","","","0","0","0.44","0.44","1","0","0","0","0","0.44","1.7103","1.7102976","1.7103","1.7102976","1","1","0"
"17491","23","Heading and Speed Sensor","TID-118","Weak Peripheral Port Electrical Damage Protection","OOI","","","","0","0","0.184005","0.1840051","1","0","0","0","0","0.1840051","0.715235","0.7152351839","0.715235","0.7152351839","1","1","0"
"17492","27","Machine Learning and Adaptive Algorithm Module","TID-114","Peripheral Data Bus Interception","","","","","0","0","0.44","0.44","1","0","0","0","0","0.44","1.7103","1.7102976","1.7103","1.7102976","1","1","0"
"17493","24","Autonomous Decision-Making Engine","TID-114","Peripheral Data Bus Interception","","","","","0","0","0.528","0.528","1","0","0","0","0","0.528","2.05236","2.05235712","2.05236","2.05235712","1","1","0"
"17494","3","AIS Interface","TID-222","Critical System Service May Be Disabled","OOI","","InC","AvC","0","0","1.15332","1.1533177","1","0","1","0.56","1.56","2.7133177","4.48299","10.5467744326","4.48299","10.5467744326","1","0","1"
"17495","6","Navigation Data Integration Tool","TID-222","Critical System Service May Be Disabled","OOI","","InC","AvC","0","0","1.4712","1.471204","1","0","1","0.56","1.56","3.031204","5.71863","11.7824111962","5.71863","11.7824111962","1","0","1"
"17496","9","Vessel Traffic Services Interface","TID-222","Critical System Service May Be Disabled","OOI","","InC","AvC","0","0","0.692","0.692","1","0","0.56","0.22","0.78","1.472","2.68983","5.72172288","2.68983","5.72172288","1","1","0"
"17497","5","RADAR / ARPA System","TID-222","Critical System Service May Be Disabled","OOI","","InC","AvC","0","0","1.16932","1.1693177","1","0","1","0.56","1.56","2.7293177","4.54518","10.6089670726","4.54518","10.6089670726","1","0","1"
"17498","8","RF / VHF / UHF Communication Module","TID-222","Critical System Service May Be Disabled","OOI","","InC","AvC","0","0","0.728","0.728","1","0","0.56","0.56","1.12","1.848","2.82977","7.18324992","2.82977","7.18324992","1","0","1"
"17499","4","ENC Data Service","TID-222","Critical System Service May Be Disabled","OOI","","InC","AvC","0","0","0.888471","0.88847143","1","0","1","0.22","1.22","2.10847143","3.45352","8.1957127873","3.45352","8.1957127873","1","0","1"
"17500","20","Weather Transmission System","TID-222","Critical System Service May Be Disabled","OOI","","InC","AvC","0","0","0.424057","0.4240572","1","0","0.56","0.22","0.78","1.2040572","1.64833","4.6802184987","1.64833","4.6802184987","1","1","0"
"17501","11","GMDSS","TID-222","Critical System Service May Be Disabled","OOI","","InC","AvC","0","0","1.07083","1.0708334","1","0","0.56","1","1.56","2.6308334","4.16237","10.2261546591","4.16237","10.2261546591","1","0","1"
"17502","10","Remote Control Center Communication Interface","TID-222","Critical System Service May Be Disabled","OOI","","InC","AvC","0","0","1.22039","1.220389","1","0","1","0.56","1.56","2.780389","4.7437","10.8074832586","4.7437","10.8074832586","1","0","1"
"17503","26","Vessel Traffic Services Decision Integration","TID-222","Critical System Service May Be Disabled","OOI","","InC","AvC","0","0","0.798429","0.798429","1","0","0.56","0.22","0.78","1.578429","3.10353","6.1354166602","3.10353","6.1354166602","1","1","0"
"17504","16","Engine Control Mechanism","TID-222","Critical System Service May Be Disabled","OOI","","InC","AvC","0","0","1.78834","1.788336","1","0","1","1","2","3.788336","6.95133","14.7254135654","6.95133","14.7254135654","0","0","0"
"17505","28","Human Override Control Interface","TID-222","Critical System Service May Be Disabled","OOI","","InC","AvC","0","0","1.20138","1.201376","1","0","0.56","0.56","1.12","2.321376","4.6698","9.023281367","4.6698","9.023281367","1","0","1"
"17506","29","Internal Data Pipeline / Integration Module","TID-222","Critical System Service May Be Disabled","OOI","","InC","AvC","0","0","1.18884","1.188843","1","0","1","0.56","1.56","2.748843","4.62108","10.6848626947","4.62108","10.6848626947","1","0","1"
"17507","34","Collision Avoidance System","TID-222","Critical System Service May Be Disabled","OOI","","InC","AvC","0","0","2.09033","2.090329","1","0","1","1","2","4.090329","8.12519","15.8992724362","8.12519","15.8992724362","0","0","0"
"17508","4","ENC Data Service","TID-301","Applications Binaries Modified","OOI","","","","0","0","0.690471","0.69047143","1","0","0","0","0","0.69047143","2.68389","2.6838900673","2.68389","2.6838900673","1","1","0"
"17509","35","Navigation Support and Situational Awareness Module","TID-222","Critical System Service May Be Disabled","OOI","","InC","AvC","0","0","1.4994","1.499399","1","0","1","0.56","1.56","3.059399","5.82822","11.892006289","5.82822","11.892006289","1","0","1"
"17510","7","Satellite Communication System","TID-301","Applications Binaries Modified","OOI","","","","0","0","0.747833","0.7478334","1","0","0","0","0","0.7478334","2.90686","2.9068583391","2.90686","2.9068583391","1","1","0"
"17511","6","Navigation Data Integration Tool","TID-301","Applications Binaries Modified","OOI","","","","0","0","1.4122","1.412204","1","0","0","0","0","1.412204","5.48929","5.4892934362","2.74465","2.7446467181","1","1","0"
"17512","9","Vessel Traffic Services Interface","TID-301","Applications Binaries Modified","OOI","","","","0","0","0.556","0.556","1","0","0","0","0","0.556","2.16119","2.16119424","2.16119","2.16119424","1","1","0"
"17513","8","RF / VHF / UHF Communication Module","TID-301","Applications Binaries Modified","OOI","","","","0","0","0.504","0.504","1","0","0","0","0","0.504","1.95907","1.95906816","1.95907","1.95906816","1","1","0"
"17514","24","Autonomous Decision-Making Engine","TID-222","Critical System Service May Be Disabled","OOI","","InC","AvC","0","0","2.12562","2.125618","1","0","0.56","0.56","1.12","3.245618","8.26236","12.6158469907","8.26236","12.6158469907","0","0","0"
"17515","10","Remote Control Center Communication Interface","TID-301","Applications Binaries Modified","OOI","","","","0","0","0.897389","0.897389","1","0","0","0","0","0.897389","3.48819","3.4881869386","3.48819","3.4881869386","1","1","0"
"17516","30","Target Model","TID-222","Critical System Service May Be Disabled","OOI","","InC","AvC","0","0","1.42691","1.426913","1","0","1","0.56","1.56","2.986913","5.54647","11.6102503075","5.54647","11.6102503075","1","0","1"
"17517","32","Data Integration and Analysis Module","TID-222","Critical System Service May Be Disabled","OOI","","InC","AvC","0","0","2.27088","2.270881","1","0","1","0.56","1.56","3.830881","8.82701","14.8907876822","8.82701","14.8907876822","0","0","0"
"17518","33","Autonomous Navigation Decision Module","TID-222","Critical System Service May Be Disabled","OOI","","InC","AvC","0","0","2.625","2.625","1","0","1","0.56","1.56","4.185","10.2035","16.2672624","10.2035","16.2672624","0","0","0"
"17519","27","Machine Learning and Adaptive Algorithm Module","TID-222","Critical System Service May Be Disabled","OOI","","InC","AvC","0","0","1.7248","1.724799","1","0","0.56","0.56","1.12","2.844799","6.70436","11.057847505","6.70436","11.057847505","0","0","0"
"17520","15","Steering Gear System","TID-301","Applications Binaries Modified","OOI","","","","0","0","0.888926","0.888926","1","0","0","0","0","0.888926","3.45529","3.455290919","1.72765","1.7276454595","1","1","0"
"17521","11","GMDSS","TID-301","Applications Binaries Modified","OOI","","","","0","0","0.571833","0.5718334","1","0","0","0","0","0.5718334","2.22274","2.2227392991","2.22274","2.2227392991","1","1","0"
"17522","14","Electric / Hybrid Propulsion System","TID-301","Applications Binaries Modified","OOI","","","","0","0","0.902096","0.902096","1","0","0","0","0","0.902096","3.50648","3.5064832358","1.75324","1.7532416179","1","1","0"
"17523","16","Engine Control Mechanism","TID-301","Applications Binaries Modified","OOI","","","","0","0","1.13934","1.139336","1","0","0","0","0","1.139336","4.42864","4.4286446054","2.21432","2.2143223027","1","1","0"
"17524","20","Weather Transmission System","TID-301","Applications Binaries Modified","OOI","","","","0","0","0.157057","0.1570572","1","0","0","0","0","0.1570572","0.610488","0.6104876187","0.610488","0.6104876187","1","1","0"
"17525","26","Vessel Traffic Services Decision Integration","TID-301","Applications Binaries Modified","OOI","","","","0","0","0.662429","0.662429","1","0","0","0","0","0.662429","2.57489","2.5748880202","2.57489","2.5748880202","1","1","0"
"17526","25","Feedback Control Module","TID-301","Applications Binaries Modified","OOI","","","","0","0","0.61877","0.6187703","1","0","0","0","0","0.6187703","2.40518","2.4051849069","1.20259","1.2025924535","1","1","0"
"17527","29","Internal Data Pipeline / Integration Module","TID-301","Applications Binaries Modified","OOI","","","","0","0","0.953843","0.953843","1","0","0","0","0","0.953843","3.70763","3.7076258947","1.85381","1.8538129474","1","1","0"
"17528","28","Human Override Control Interface","TID-301","Applications Binaries Modified","OOI","","","","0","0","0.702376","0.702376","1","0","0","0","0","0.702376","2.73016","2.730163607","2.73016","2.730163607","1","1","0"
"17529","34","Collision Avoidance System","TID-301","Applications Binaries Modified","OOI","","","","0","0","1.88133","1.881329","1","0","0","0","0","1.881329","7.3128","7.3128010762","3.6564","3.6564005381","1","1","0"
"17530","35","Navigation Support and Situational Awareness Module","TID-301","Applications Binaries Modified","OOI","","","","0","0","1.3524","1.352399","1","0","0","0","0","1.352399","5.25683","5.256829009","5.25683","5.256829009","1","1","0"
"17531","25","Feedback Control Module","TID-302","Install Untrusted Application","","","","","0","0","0.36","0.36","1","0","0","0","0","0.36","1.39933","1.3993344","0.699667","0.6996672","1","1","0"
"17532","27","Machine Learning and Adaptive Algorithm Module","TID-301","Applications Binaries Modified","OOI","","","","0","0","1.4898","1.489799","1","0","0","0","0","1.489799","5.79091","5.790908305","5.79091","5.790908305","1","1","0"
"17533","34","Collision Avoidance System","TID-302","Install Untrusted Application","","","","","0","0","0.712","0.712","1","0","0","0","0","0.712","2.76757","2.76757248","1.38379","1.38378624","1","1","0"
"17534","3","AIS Interface","TID-310","Remotely Accessible Unauthenticated Services","","","","","0","0","0.424","0.424","1","0","0","0","0","0.424","1.6481","1.64810496","1.6481","1.64810496","1","1","0"
"17535","5","RADAR / ARPA System","TID-310","Remotely Accessible Unauthenticated Services","","","","","0","0","0.44","0.44","1","0","0","0","0","0.44","1.7103","1.7102976","0.855149","0.8551488","1","1","0"
"17536","24","Autonomous Decision-Making Engine","TID-301","Applications Binaries Modified","OOI","","","","0","0","1.82862","1.828618","1","0","0","0","0","1.828618","7.10791","7.1079113107","3.55396","3.5539556554","1","1","0"
"17537","9","Vessel Traffic Services Interface","TID-310","Remotely Accessible Unauthenticated Services","","","","","0","0","0.232","0.232","1","0","0","0","0","0.232","0.901793","0.90179328","0.901793","0.90179328","1","1","0"
"17538","6","Navigation Data Integration Tool","TID-310","Remotely Accessible Unauthenticated Services","","","","","0","0","0.512","0.512","1","0","0","0","0","0.512","1.99016","1.99016448","0.497541","0.49754112","1","1","0"
"17539","4","ENC Data Service","TID-310","Remotely Accessible Unauthenticated Services","","","","","0","0","0.336","0.336","1","0","0","0","0","0.336","1.30605","1.30604544","0.326511","0.32651136","1","1","0"
"17540","8","RF / VHF / UHF Communication Module","TID-310","Remotely Accessible Unauthenticated Services","","","","","0","0","0.328","0.328","1","0","0","0","0","0.328","1.27495","1.27494912","1.27495","1.27494912","1","1","0"
"17541","10","Remote Control Center Communication Interface","TID-310","Remotely Accessible Unauthenticated Services","","","","","0","0","0.416","0.416","1","0","0","0","0","0.416","1.61701","1.61700864","1.61701","1.61700864","1","1","0"
"17542","11","GMDSS","TID-310","Remotely Accessible Unauthenticated Services","","","","","0","0","0.392","0.392","1","0","0","0","0","0.392","1.52372","1.52371968","1.52372","1.52371968","1","1","0"
"17543","16","Engine Control Mechanism","TID-310","Remotely Accessible Unauthenticated Services","","","","","0","0","0.576","0.576","1","0","0","0","0","0.576","2.23893","2.23893504","2.23893","2.23893504","1","1","0"
"17544","32","Data Integration and Analysis Module","TID-301","Applications Binaries Modified","OOI","","","","0","0","2.29988","2.299881","1","0","0","0","0","2.299881","8.93973","8.9397294422","8.93973","8.9397294422","0","0","0"
"17545","30","Target Model","TID-301","Applications Binaries Modified","OOI","","","","0","0","1.19191","1.191913","1","0","0","0","0","1.191913","4.63301","4.6330135075","2.31651","2.3165067538","1","1","0"
"17546","33","Autonomous Navigation Decision Module","TID-301","Applications Binaries Modified","OOI","","","","0","0","2.416","2.416","1","0","0","0","0","2.416","9.39109","9.39108864","4.69554","4.69554432","1","1","0"
"17547","20","Weather Transmission System","TID-310","Remotely Accessible Unauthenticated Services","","","","","0","0","0.112","0.112","1","0","0","0","0","0.112","0.435348","0.43534848","0.108837","0.10883712","1","1","0"
"17548","26","Vessel Traffic Services Decision Integration","TID-310","Remotely Accessible Unauthenticated Services","","","","","0","0","0.288","0.288","1","0","0","0","0","0.288","1.11947","1.11946752","1.11947","1.11946752","1","1","0"
"17549","33","Autonomous Navigation Decision Module","TID-302","Install Untrusted Application","","","","","0","0","0.8","0.8","1","0","0","0","0","0.8","3.10963","3.109632","1.55482","1.554816","1","1","0"
"17550","24","Autonomous Decision-Making Engine","TID-302","Install Untrusted Application","","","","","0","0","0.704","0.704","1","0","0","0","0","0.704","2.73648","2.73647616","1.36824","1.36823808","1","1","0"
"17551","27","Machine Learning and Adaptive Algorithm Module","TID-302","Install Untrusted Application","","","","","0","0","0.56","0.56","1","0","0","0","0","0.56","2.17674","2.1767424","2.17674","2.1767424","1","1","0"
"17552","28","Human Override Control Interface","TID-310","Remotely Accessible Unauthenticated Services","","","","","0","0","0.416","0.416","1","0","0","0","0","0.416","1.61701","1.61700864","1.61701","1.61700864","1","1","0"
"17553","28","Human Override Control Interface","TID-311","Default Credentials","","CoC","","","0","0","0.416","0.416","1","0.154","0","0","0.154","0.57","1.61701","2.2156128","1.61701","2.2156128","1","1","0"
"17554","28","Human Override Control Interface","TID-313","Unauthenticated Session Changes Credential","","CoC","","","0","0","0.416","0.416","1","0.154","0","0","0.154","0.57","1.61701","2.2156128","1.61701","2.2156128","1","1","0"
"17555","34","Collision Avoidance System","TID-310","Remotely Accessible Unauthenticated Services","","","","","0","0","0.712","0.712","1","0","0","0","0","0.712","2.76757","2.76757248","2.76757","2.76757248","1","1","0"
"17556","29","Internal Data Pipeline / Integration Module","TID-310","Remotely Accessible Unauthenticated Services","","","","","0","0","0.424","0.424","1","0","0","0","0","0.424","1.6481","1.64810496","0.412026","0.41202624","1","1","0"
"17557","28","Human Override Control Interface","TID-312","Credential Change Mechanism Can Be Abused","","CoC","","","0","0","0.416","0.416","1","0.154","0","0","0.154","0.57","1.61701","2.2156128","1.61701","2.2156128","1","1","0"
"17558","28","Human Override Control Interface","TID-315","Password Retrieval Mechanism Abused","","","","","0","0","0.416","0.416","1","0","0","0","0","0.416","1.61701","1.61700864","1.21276","1.21275648","1","1","0"
"17559","35","Navigation Support and Situational Awareness Module","TID-310","Remotely Accessible Unauthenticated Services","","","","","0","0","0.536","0.536","1","0","0","0","0","0.536","2.08345","2.08345344","0.520863","0.52086336","1","1","0"
"17560","28","Human Override Control Interface","TID-314","Passwords Can Be Guessed Using Brute-Force Attempts","","","","","0","0","0.416","0.416","1","0","0","0","0","0.416","1.61701","1.61700864","0.808504","0.80850432","1","1","0"
"17561","24","Autonomous Decision-Making Engine","TID-310","Remotely Accessible Unauthenticated Services","","","","","0","0","0.704","0.704","1","0","0","0","0","0.704","2.73648","2.73647616","2.73648","2.73647616","1","1","0"
"17562","28","Human Override Control Interface","TID-317","Predictable Cryptographic Key","","","","","0","0","0.416","0.416","1","0","0","0","0","0.416","1.61701","1.61700864","1.61701","1.61700864","1","1","0"
"17563","28","Human Override Control Interface","TID-318","Insecure Cryptographic Implementation","","","","","0","0","0.416","0.416","1","0","0","0","0","0.416","1.61701","1.61700864","1.61701","1.61700864","1","1","0"
"17564","28","Human Override Control Interface","TID-316","Incorrect Certificate Verification Allows Authentication Bypass","","","InC","","0","0","0.416","0.416","1","0","0.56","0","0.56","0.976","1.61701","3.79375104","1.61701","3.79375104","1","1","0"
"17565","27","Machine Learning and Adaptive Algorithm Module","TID-310","Remotely Accessible Unauthenticated Services","","","","","0","0","0.56","0.56","1","0","0","0","0","0.56","2.17674","2.1767424","2.17674","2.1767424","1","1","0"
"17566","26","Vessel Traffic Services Decision Integration","TID-326","Insecure Deserialization","","","","","0","0","0.288","0.288","1","0","0","0","0","0.288","1.11947","1.11946752","1.11947","1.11946752","1","1","0"
"17567","25","Feedback Control Module","TID-326","Insecure Deserialization","","","","","0","0","0.36","0.36","1","0","0","0","0","0.36","1.39933","1.3993344","0.349834","0.3498336","1","1","0"
"17568","29","Internal Data Pipeline / Integration Module","TID-326","Insecure Deserialization","","","","","0","0","0.424","0.424","1","0","0","0","0","0.424","1.6481","1.64810496","1.6481","1.64810496","1","1","0"
"17569","32","Data Integration and Analysis Module","TID-310","Remotely Accessible Unauthenticated Services","","","","","0","0","0.704","0.704","1","0","0","0","0","0.704","2.73648","2.73647616","0.684119","0.68411904","1","1","0"
"17570","33","Autonomous Navigation Decision Module","TID-310","Remotely Accessible Unauthenticated Services","","","","","0","0","0.8","0.8","1","0","0","0","0","0.8","3.10963","3.109632","3.10963","3.109632","1","1","0"
"17571","30","Target Model","TID-310","Remotely Accessible Unauthenticated Services","","","","","0","0","0.512","0.512","1","0","0","0","0","0.512","1.99016","1.99016448","1.99016","1.99016448","1","1","0"
"17572","24","Autonomous Decision-Making Engine","TID-326","Insecure Deserialization","","","","","0","0","0.704","0.704","1","0","0","0","0","0.704","2.73648","2.73647616","2.73648","2.73647616","1","1","0"
"17573","28","Human Override Control Interface","TID-329","Improper Password Storage","","","","","0","0","0.416","0.416","1","0","0","0","0","0.416","1.61701","1.61700864","1.61701","1.61700864","1","1","0"
"17574","34","Collision Avoidance System","TID-326","Insecure Deserialization","","","","","0","0","0.712","0.712","1","0","0","0","0","0.712","2.76757","2.76757248","2.76757","2.76757248","1","1","0"
"17575","28","Human Override Control Interface","TID-330","Cryptographic Timing Side-Channel","","CoC","","","0","0","0.416","0.416","1","0.154","0","0","0.154","0.57","1.61701","2.2156128","1.61701","2.2156128","1","1","0"
"17576","35","Navigation Support and Situational Awareness Module","TID-326","Insecure Deserialization","","","","","0","0","0.536","0.536","1","0","0","0","0","0.536","2.08345","2.08345344","2.08345","2.08345344","1","1","0"
"17577","28","Human Override Control Interface","TID-328","Hardcoded Credentials","","CoC","","","0","0","0.416","0.416","1","0.154","0","0","0.154","0.57","1.61701","2.2156128","1.61701","2.2156128","1","1","0"
"17578","27","Machine Learning and Adaptive Algorithm Module","TID-326","Insecure Deserialization","","","","","0","0","0.56","0.56","1","0","0","0","0","0.56","2.17674","2.1767424","2.17674","2.1767424","1","1","0"
"17579","3","AIS Interface","TID-401","Undocumented Protocol Features","","","","","0","0","0.424","0.424","1","0","0","0","0","0.424","1.6481","1.64810496","1.6481","1.64810496","1","1","0"
"17580","5","RADAR / ARPA System","TID-401","Undocumented Protocol Features","","","","","0","0","0.44","0.44","1","0","0","0","0","0.44","1.7103","1.7102976","1.7103","1.7102976","1","1","0"
"17581","6","Navigation Data Integration Tool","TID-401","Undocumented Protocol Features","","","","","0","0","0.512","0.512","1","0","0","0","0","0.512","1.99016","1.99016448","1.99016","1.99016448","1","1","0"
"17582","4","ENC Data Service","TID-401","Undocumented Protocol Features","","","","","0","0","0.336","0.336","1","0","0","0","0","0.336","1.30605","1.30604544","1.30605","1.30604544","1","1","0"
"17583","32","Data Integration and Analysis Module","TID-326","Insecure Deserialization","","","","","0","0","0.704","0.704","1","0","0","0","0","0.704","2.73648","2.73647616","2.73648","2.73647616","1","1","0"
"17584","8","RF / VHF / UHF Communication Module","TID-401","Undocumented Protocol Features","","","","","0","0","0.328","0.328","1","0","0","0","0","0.328","1.27495","1.27494912","1.27495","1.27494912","1","1","0"
"17585","9","Vessel Traffic Services Interface","TID-401","Undocumented Protocol Features","","","","","0","0","0.232","0.232","1","0","0","0","0","0.232","0.901793","0.90179328","0.901793","0.90179328","1","1","0"
"17586","30","Target Model","TID-326","Insecure Deserialization","","","","","0","0","0.512","0.512","1","0","0","0","0","0.512","1.99016","1.99016448","1.99016","1.99016448","1","1","0"
"17587","10","Remote Control Center Communication Interface","TID-401","Undocumented Protocol Features","","","","","0","0","0.416","0.416","1","0","0","0","0","0.416","1.61701","1.61700864","1.61701","1.61700864","1","1","0"
"17588","33","Autonomous Navigation Decision Module","TID-326","Insecure Deserialization","","","","","0","0","0.8","0.8","1","0","0","0","0","0.8","3.10963","3.109632","0.777408","0.777408","1","1","0"
"17589","16","Engine Control Mechanism","TID-401","Undocumented Protocol Features","","","","","0","0","0.576","0.576","1","0","0","0","0","0.576","2.23893","2.23893504","2.23893","2.23893504","1","1","0"
"17590","20","Weather Transmission System","TID-401","Undocumented Protocol Features","","","","","0","0","0.112","0.112","1","0","0","0","0","0.112","0.435348","0.43534848","0.435348","0.43534848","1","1","0"
"17591","11","GMDSS","TID-401","Undocumented Protocol Features","","","","","0","0","0.392","0.392","1","0","0","0","0","0.392","1.52372","1.52371968","1.52372","1.52371968","1","1","0"
"17592","26","Vessel Traffic Services Decision Integration","TID-401","Undocumented Protocol Features","","","","","0","0","0.288","0.288","1","0","0","0","0","0.288","1.11947","1.11946752","1.11947","1.11946752","1","1","0"
"17593","28","Human Override Control Interface","TID-401","Undocumented Protocol Features","","","","","0","0","0.416","0.416","1","0","0","0","0","0.416","1.61701","1.61700864","1.61701","1.61700864","1","1","0"
"17594","29","Internal Data Pipeline / Integration Module","TID-401","Undocumented Protocol Features","","","","","0","0","0.424","0.424","1","0","0","0","0","0.424","1.6481","1.64810496","1.6481","1.64810496","1","1","0"
"17595","34","Collision Avoidance System","TID-401","Undocumented Protocol Features","","","","","0","0","0.712","0.712","1","0","0","0","0","0.712","2.76757","2.76757248","2.76757","2.76757248","1","1","0"
"17596","35","Navigation Support and Situational Awareness Module","TID-401","Undocumented Protocol Features","","","","","0","0","0.536","0.536","1","0","0","0","0","0.536","2.08345","2.08345344","2.08345","2.08345344","1","1","0"
"17597","3","AIS Interface","TID-404","Remotely Triggerable Deadlock/DoS","OOI","","","AvC","0","0","1.15332","1.1533177","1","0","0","0.56","0.56","1.7133177","4.48299","6.6597344326","4.48299","6.6597344326","1","0","1"
"17598","5","RADAR / ARPA System","TID-404","Remotely Triggerable Deadlock/DoS","OOI","","","AvC","0","0","1.16932","1.1693177","1","0","0","0.56","0.56","1.7293177","4.54518","6.7219270726","4.54518","6.7219270726","1","0","1"
"17599","24","Autonomous Decision-Making Engine","TID-401","Undocumented Protocol Features","","","","","0","0","0.704","0.704","1","0","0","0","0","0.704","2.73648","2.73647616","2.73648","2.73647616","1","1","0"
"17600","27","Machine Learning and Adaptive Algorithm Module","TID-401","Undocumented Protocol Features","","","","","0","0","0.56","0.56","1","0","0","0","0","0.56","2.17674","2.1767424","2.17674","2.1767424","1","1","0"
"17601","6","Navigation Data Integration Tool","TID-404","Remotely Triggerable Deadlock/DoS","OOI","","","AvC","0","0","1.4712","1.471204","1","0","0","0.56","0.56","2.031204","5.71863","7.8953711962","5.71863","7.8953711962","1","0","1"
"17602","4","ENC Data Service","TID-404","Remotely Triggerable Deadlock/DoS","OOI","","","AvC","0","0","0.888471","0.88847143","1","0","0","0.22","0.22","1.10847143","3.45352","4.3086727873","3.45352","4.3086727873","1","1","0"
"17603","9","Vessel Traffic Services Interface","TID-404","Remotely Triggerable Deadlock/DoS","OOI","","","AvC","0","0","0.692","0.692","1","0","0","0.22","0.22","0.912","2.68983","3.54498048","2.68983","3.54498048","1","1","0"
"17604","8","RF / VHF / UHF Communication Module","TID-404","Remotely Triggerable Deadlock/DoS","OOI","","","AvC","0","0","0.728","0.728","1","0","0","0.56","0.56","1.288","2.82977","5.00650752","2.82977","5.00650752","1","1","0"
"17605","10","Remote Control Center Communication Interface","TID-404","Remotely Triggerable Deadlock/DoS","OOI","","","AvC","0","0","1.22039","1.220389","1","0","0","0.56","0.56","1.780389","4.7437","6.9204432586","4.7437","6.9204432586","1","0","1"
"17606","11","GMDSS","TID-404","Remotely Triggerable Deadlock/DoS","OOI","","","AvC","0","0","1.07083","1.0708334","1","0","0","1","1","2.0708334","4.16237","8.0494122591","4.16237","8.0494122591","1","0","1"
"17607","16","Engine Control Mechanism","TID-404","Remotely Triggerable Deadlock/DoS","OOI","","","AvC","0","0","1.78834","1.788336","1","0","0","1","1","2.788336","6.95133","10.8383735654","6.95133","10.8383735654","0","0","0"
"17608","26","Vessel Traffic Services Decision Integration","TID-404","Remotely Triggerable Deadlock/DoS","OOI","","","AvC","0","0","0.798429","0.798429","1","0","0","0.22","0.22","1.018429","3.10353","3.9586742602","3.10353","3.9586742602","1","1","0"
"17609","20","Weather Transmission System","TID-404","Remotely Triggerable Deadlock/DoS","OOI","","","AvC","0","0","0.424057","0.4240572","1","0","0","0.22","0.22","0.6440572","1.64833","2.5034760987","1.64833","2.5034760987","1","1","0"
"17610","32","Data Integration and Analysis Module","TID-401","Undocumented Protocol Features","","","","","0","0","0.704","0.704","1","0","0","0","0","0.704","2.73648","2.73647616","2.73648","2.73647616","1","1","0"
"17611","28","Human Override Control Interface","TID-404","Remotely Triggerable Deadlock/DoS","OOI","","","AvC","0","0","1.20138","1.201376","1","0","0","0.56","0.56","1.761376","4.6698","6.846538967","4.6698","6.846538967","1","0","1"
"17612","33","Autonomous Navigation Decision Module","TID-401","Undocumented Protocol Features","","","","","0","0","0.8","0.8","1","0","0","0","0","0.8","3.10963","3.109632","3.10963","3.109632","1","1","0"
"17613","30","Target Model","TID-401","Undocumented Protocol Features","","","","","0","0","0.512","0.512","1","0","0","0","0","0.512","1.99016","1.99016448","1.99016","1.99016448","1","1","0"
"17614","29","Internal Data Pipeline / Integration Module","TID-404","Remotely Triggerable Deadlock/DoS","OOI","","","AvC","0","0","1.18884","1.188843","1","0","0","0.56","0.56","1.748843","4.62108","6.7978226947","4.62108","6.7978226947","1","0","1"
"17615","24","Autonomous Decision-Making Engine","TID-404","Remotely Triggerable Deadlock/DoS","OOI","","","AvC","0","0","2.12562","2.125618","1","0","0","0.56","0.56","2.685618","8.26236","10.4391045907","8.26236","10.4391045907","0","0","0"
"17616","27","Machine Learning and Adaptive Algorithm Module","TID-404","Remotely Triggerable Deadlock/DoS","OOI","","","AvC","0","0","1.7248","1.724799","1","0","0","0.56","0.56","2.284799","6.70436","8.881105105","6.70436","8.881105105","0","0","0"
"17617","34","Collision Avoidance System","TID-404","Remotely Triggerable Deadlock/DoS","OOI","","","AvC","0","0","2.09033","2.090329","1","0","0","1","1","3.090329","8.12519","12.0122324362","8.12519","12.0122324362","0","0","0"
"17618","3","AIS Interface","TID-405","Network Stack Resource Exhaustion","","","","AvC","0","0","0.0484849","0.04848488","1","0","0","0.56","0.56","0.60848488","0.137467","1.725206756","0.137467","1.725206756","1","1","0"
"17619","5","RADAR / ARPA System","TID-405","Network Stack Resource Exhaustion","","","","AvC","0","0","0.0484849","0.04848488","1","0","0","0.56","0.56","0.60848488","0.137467","1.725206756","0.137467","1.725206756","1","1","0"
"17620","4","ENC Data Service","TID-405","Network Stack Resource Exhaustion","","","","AvC","0","0","0.0242424","0.0242424","1","0","0","0.22","0.22","0.2442424","0.0687333","0.6924882646","0.0687333","0.6924882646","1","1","0"
"17621","35","Navigation Support and Situational Awareness Module","TID-404","Remotely Triggerable Deadlock/DoS","OOI","","","AvC","0","0","1.4994","1.499399","1","0","0","0.56","0.56","2.059399","5.82822","8.004966289","5.82822","8.004966289","1","0","1"
"17622","8","RF / VHF / UHF Communication Module","TID-405","Network Stack Resource Exhaustion","","","","AvC","0","0","0.0242424","0.0242424","1","0","0","0.56","0.56","0.5842424","0.0687333","1.6564732646","0.0687333","1.6564732646","1","1","0"
"17623","30","Target Model","TID-404","Remotely Triggerable Deadlock/DoS","OOI","","","AvC","0","0","1.42691","1.426913","1","0","0","0.56","0.56","1.986913","5.54647","7.7232103075","5.54647","7.7232103075","1","0","1"
"17624","11","GMDSS","TID-405","Network Stack Resource Exhaustion","","","","AvC","0","0","0.0242424","0.0242424","1","0","0","1","1","1.0242424","0.0687333","2.9039832646","0.0687333","2.9039832646","1","1","0"
"17625","9","Vessel Traffic Services Interface","TID-405","Network Stack Resource Exhaustion","","","","AvC","0","0","0.024","0.024","1","0","0","0.22","0.22","0.244","0.068046","0.691801","0.034023","0.3459005","1","1","0"
"17626","6","Navigation Data Integration Tool","TID-405","Network Stack Resource Exhaustion","","","","AvC","0","0","0.0242424","0.0242424","1","0","0","0.56","0.56","0.5842424","0.0687333","1.6564732646","0.0687333","1.6564732646","1","1","0"
"17627","26","Vessel Traffic Services Decision Integration","TID-405","Network Stack Resource Exhaustion","","","","AvC","0","0","0.0242424","0.0242424","1","0","0","0.22","0.22","0.2442424","0.0687333","0.6924882646","0.0687333","0.6924882646","1","1","0"
"17628","10","Remote Control Center Communication Interface","TID-405","Network Stack Resource Exhaustion","","","","AvC","0","0","0.0242424","0.0242424","1","0","0","0.56","0.56","0.5842424","0.0687333","1.6564732646","0.0343666","0.8282366323","1","1","0"
"17629","16","Engine Control Mechanism","TID-405","Network Stack Resource Exhaustion","","","","AvC","0","0","0.0484849","0.04848488","1","0","0","1","1","1.04848488","0.137467","2.972716756","0.137467","2.972716756","1","1","0"
"17630","20","Weather Transmission System","TID-405","Network Stack Resource Exhaustion","","","","AvC","0","0","0.0242424","0.0242424","1","0","0","0.22","0.22","0.2442424","0.0687333","0.6924882646","0.0343666","0.3462441323","1","1","0"
"17631","33","Autonomous Navigation Decision Module","TID-404","Remotely Triggerable Deadlock/DoS","OOI","","","AvC","0","0","2.625","2.625","1","0","0","0.56","0.56","3.185","10.2035","12.3802224","2.55087","3.0950556","1","1","0"
"17632","29","Internal Data Pipeline / Integration Module","TID-405","Network Stack Resource Exhaustion","","","","AvC","0","0","0.0484849","0.04848488","1","0","0","0.56","0.56","0.60848488","0.137467","1.725206756","0.137467","1.725206756","1","1","0"
"17633","32","Data Integration and Analysis Module","TID-404","Remotely Triggerable Deadlock/DoS","OOI","","","AvC","0","0","2.27088","2.270881","1","0","0","0.56","0.56","2.830881","8.82701","11.0037476822","8.82701","11.0037476822","0","0","0"
"17634","28","Human Override Control Interface","TID-405","Network Stack Resource Exhaustion","","","","AvC","0","0","0.0242424","0.0242424","1","0","0","0.56","0.56","0.5842424","0.0687333","1.6564732646","0.0687333","1.6564732646","1","1","0"
"17635","34","Collision Avoidance System","TID-405","Network Stack Resource Exhaustion","","","","AvC","0","0","0.0484849","0.04848488","1","0","0","1","1","1.04848488","0.137467","2.972716756","0.0687334","1.486358378","1","1","0"
"17636","27","Machine Learning and Adaptive Algorithm Module","TID-405","Network Stack Resource Exhaustion","","","","AvC","0","0","0.0969696","0.0969696","1","0","0","0.56","0.56","0.6569696","0.274933","1.8626730584","0.274933","1.8626730584","1","1","0"
"17637","30","Target Model","TID-405","Network Stack Resource Exhaustion","","","","AvC","0","0","0.0242424","0.0242424","1","0","0","0.56","0.56","0.5842424","0.0687333","1.6564732646","0.0687333","1.6564732646","1","1","0"
"17638","2","GNSS / GPS Receiver","TID-406","Unauthorized Messages or Connections","","","","","0","0","0.44","0.44","1","0","0","0","0","0.44","0.807215","0.8072152","0.807215","0.8072152","1","1","0"
"17639","24","Autonomous Decision-Making Engine","TID-405","Network Stack Resource Exhaustion","","","","AvC","0","0","0.0484849","0.04848488","1","0","0","0.56","0.56","0.60848488","0.137467","1.725206756","0.137467","1.725206756","1","1","0"
"17640","35","Navigation Support and Situational Awareness Module","TID-405","Network Stack Resource Exhaustion","","","","AvC","0","0","0.0242424","0.0242424","1","0","0","0.56","0.56","0.5842424","0.0687333","1.6564732646","0.0343666","0.8282366323","1","1","0"
"17641","9","Vessel Traffic Services Interface","TID-406","Unauthorized Messages or Connections","","","","","0","0","0.264","0.264","1","0","0","0","0","0.264","0.484329","0.48432912","0.484329","0.48432912","1","1","0"
"17642","3","AIS Interface","TID-406","Unauthorized Messages or Connections","","","","","0","0","0.44","0.44","1","0","0","0","0","0.44","0.807215","0.8072152","0.807215","0.8072152","1","1","0"
"17643","32","Data Integration and Analysis Module","TID-405","Network Stack Resource Exhaustion","","","","AvC","0","0","0.0242424","0.0242424","1","0","0","0.56","0.56","0.5842424","0.0687333","1.6564732646","0.0343666","0.8282366323","1","1","0"
"17644","6","Navigation Data Integration Tool","TID-406","Unauthorized Messages or Connections","","","","","0","0","0.616","0.616","1","0","0","0","0","0.616","1.1301","1.13010128","0.282525","0.28252532","1","1","0"
"17645","5","RADAR / ARPA System","TID-406","Unauthorized Messages or Connections","","","","","0","0","0.528","0.528","1","0","0","0","0","0.528","0.968658","0.96865824","0.484329","0.48432912","1","1","0"
"17646","10","Remote Control Center Communication Interface","TID-406","Unauthorized Messages or Connections","","","","","0","0","0.352","0.352","1","0","0","0","0","0.352","0.645772","0.64577216","0.645772","0.64577216","1","1","0"
"17647","8","RF / VHF / UHF Communication Module","TID-406","Unauthorized Messages or Connections","","","","","0","0","0.176","0.176","1","0","0","0","0","0.176","0.322886","0.32288608","0.322886","0.32288608","1","1","0"
"17648","4","ENC Data Service","TID-406","Unauthorized Messages or Connections","","","","","0","0","0.352","0.352","1","0","0","0","0","0.352","0.645772","0.64577216","0.161443","0.16144304","1","1","0"
"17649","7","Satellite Communication System","TID-406","Unauthorized Messages or Connections","","","","","0","0","0.352","0.352","1","0","0","0","0","0.352","0.645772","0.64577216","0.645772","0.64577216","1","1","0"
"17650","13","Rudder Angle Indicator","TID-406","Unauthorized Messages or Connections","","","","","0","0","0.008","0.008","1","0","0","0","0","0.008","0.0146766","0.01467664","0.00366916","0.00366916","1","1","0"
"17651","12","Controllable Pitch Propeller","TID-406","Unauthorized Messages or Connections","","","","","0","0","0.008","0.008","1","0","0","0","0","0.008","0.0146766","0.01467664","0.0146766","0.01467664","1","1","0"
"17652","17","LiDAR","TID-406","Unauthorized Messages or Connections","","","","","0","0","0.008","0.008","1","0","0","0","0","0.008","0.0146766","0.01467664","0.00733832","0.00733832","1","1","0"
"17653","11","GMDSS","TID-406","Unauthorized Messages or Connections","","","","","0","0","0.176","0.176","1","0","0","0","0","0.176","0.322886","0.32288608","0.322886","0.32288608","1","1","0"
"17654","15","Steering Gear System","TID-406","Unauthorized Messages or Connections","","","","","0","0","0.096","0.096","1","0","0","0","0","0.096","0.17612","0.17611968","0.17612","0.17611968","1","1","0"
"17655","33","Autonomous Navigation Decision Module","TID-405","Network Stack Resource Exhaustion","","","","AvC","0","0","0.0242424","0.0242424","1","0","0","0.56","0.56","0.5842424","0.0687333","1.6564732646","0.0171833","0.4141183161","1","1","0"
"17656","16","Engine Control Mechanism","TID-406","Unauthorized Messages or Connections","","","","","0","0","0.176","0.176","1","0","0","0","0","0.176","0.322886","0.32288608","0.322886","0.32288608","1","1","0"
"17657","14","Electric / Hybrid Propulsion System","TID-406","Unauthorized Messages or Connections","","","","","0","0","0.176","0.176","1","0","0","0","0","0.176","0.322886","0.32288608","0.322886","0.32288608","1","1","0"
"17658","18","Sonar","TID-406","Unauthorized Messages or Connections","","","","","0","0","0.176","0.176","1","0","0","0","0","0.176","0.322886","0.32288608","0.161443","0.16144304","1","1","0"
"17659","19","Infrared Camera System","TID-406","Unauthorized Messages or Connections","","","","","0","0","0.176","0.176","1","0","0","0","0","0.176","0.322886","0.32288608","0.161443","0.16144304","1","1","0"
"17660","20","Weather Transmission System","TID-406","Unauthorized Messages or Connections","","","","","0","0","0.008","0.008","1","0","0","0","0","0.008","0.0146766","0.01467664","0.00366916","0.00366916","1","1","0"
"17661","21","Echo Sounder","TID-406","Unauthorized Messages or Connections","","","","","0","0","0.176","0.176","1","0","0","0","0","0.176","0.322886","0.32288608","0.161443","0.16144304","1","1","0"
"17662","22","Gyroscope Compass","TID-406","Unauthorized Messages or Connections","","","","","0","0","0.008","0.008","1","0","0","0","0","0.008","0.0146766","0.01467664","0.00733832","0.00733832","1","1","0"
"17663","23","Heading and Speed Sensor","TID-406","Unauthorized Messages or Connections","","","","","0","0","0.008","0.008","1","0","0","0","0","0.008","0.0146766","0.01467664","0.00733832","0.00733832","1","1","0"
"17664","25","Feedback Control Module","TID-406","Unauthorized Messages or Connections","","","","","0","0","0.176","0.176","1","0","0","0","0","0.176","0.322886","0.32288608","0.322886","0.32288608","1","1","0"
"17665","26","Vessel Traffic Services Decision Integration","TID-406","Unauthorized Messages or Connections","","","","","0","0","0.264","0.264","1","0","0","0","0","0.264","0.484329","0.48432912","0.484329","0.48432912","1","1","0"
"17666","3","AIS Interface","TID-407","Missing Message Replay Protection","","","","","0","0","0.424","0.424","1","0","0","0","0","0.424","0.38779","0.387789552","0.193895","0.193894776","1","1","0"
"17667","34","Collision Avoidance System","TID-406","Unauthorized Messages or Connections","","","","","0","0","0.616","0.616","1","0","0","0","0","0.616","1.1301","1.13010128","1.1301","1.13010128","1","1","0"
"17668","29","Internal Data Pipeline / Integration Module","TID-406","Unauthorized Messages or Connections","","","","","0","0","0.44","0.44","1","0","0","0","0","0.44","0.807215","0.8072152","0.201804","0.2018038","1","1","0"
"17669","5","RADAR / ARPA System","TID-407","Missing Message Replay Protection","","","","","0","0","0.44","0.44","1","0","0","0","0","0.44","0.402423","0.40242312","0.201212","0.20121156","1","1","0"
"17670","4","ENC Data Service","TID-407","Missing Message Replay Protection","","","","","0","0","0.336","0.336","1","0","0","0","0","0.336","0.307305","0.307304928","0.153652","0.153652464","1","1","0"
"17671","35","Navigation Support and Situational Awareness Module","TID-406","Unauthorized Messages or Connections","","","","","0","0","0.528","0.528","1","0","0","0","0","0.528","0.968658","0.96865824","0.242165","0.24216456","1","1","0"
"17672","6","Navigation Data Integration Tool","TID-407","Missing Message Replay Protection","","","","","0","0","0.512","0.512","1","0","0","0","0","0.512","0.468274","0.468274176","0.234137","0.234137088","1","1","0"
"17673","10","Remote Control Center Communication Interface","TID-407","Missing Message Replay Protection","","","","","0","0","0.416","0.416","1","0","0","0","0","0.416","0.380473","0.380472768","0.380473","0.380472768","1","1","0"
"17674","8","RF / VHF / UHF Communication Module","TID-407","Missing Message Replay Protection","","","","","0","0","0.328","0.328","1","0","0","0","0","0.328","0.299988","0.299988144","0.299988","0.299988144","1","1","0"
"17675","11","GMDSS","TID-407","Missing Message Replay Protection","","","","","0","0","0.392","0.392","1","0","0","0","0","0.392","0.358522","0.358522416","0.358522","0.358522416","1","1","0"
"17676","16","Engine Control Mechanism","TID-407","Missing Message Replay Protection","","","","","0","0","0.576","0.576","1","0","0","0","0","0.576","0.526808","0.526808448","0.526808","0.526808448","1","1","0"
"17677","9","Vessel Traffic Services Interface","TID-407","Missing Message Replay Protection","","","","","0","0","0.232","0.232","1","0","0","0","0","0.232","0.212187","0.212186736","0.106093","0.106093368","1","1","0"
"17678","24","Autonomous Decision-Making Engine","TID-406","Unauthorized Messages or Connections","","","","","0","0","0.528","0.528","1","0","0","0","0","0.528","0.968658","0.96865824","0.968658","0.96865824","1","1","0"
"17679","20","Weather Transmission System","TID-407","Missing Message Replay Protection","","","","","0","0","0.112","0.112","1","0","0","0","0","0.112","0.102435","0.102434976","0.0512175","0.051217488","1","1","0"
"17680","33","Autonomous Navigation Decision Module","TID-406","Unauthorized Messages or Connections","","","","","0","0","0.616","0.616","1","0","0","0","0","0.616","1.1301","1.13010128","1.1301","1.13010128","1","1","0"
"17681","27","Machine Learning and Adaptive Algorithm Module","TID-406","Unauthorized Messages or Connections","","","","","0","0","0.44","0.44","1","0","0","0","0","0.44","0.807215","0.8072152","0.807215","0.8072152","1","1","0"
"17682","30","Target Model","TID-406","Unauthorized Messages or Connections","","","","","0","0","0.44","0.44","1","0","0","0","0","0.44","0.807215","0.8072152","0.807215","0.8072152","1","1","0"
"17683","32","Data Integration and Analysis Module","TID-406","Unauthorized Messages or Connections","","","","","0","0","0.704","0.704","1","0","0","0","0","0.704","1.29154","1.29154432","0.322886","0.32288608","1","1","0"
"17684","26","Vessel Traffic Services Decision Integration","TID-407","Missing Message Replay Protection","","","","","0","0","0.288","0.288","1","0","0","0","0","0.288","0.263404","0.263404224","0.131702","0.131702112","1","1","0"
"17685","28","Human Override Control Interface","TID-407","Missing Message Replay Protection","","","","","0","0","0.416","0.416","1","0","0","0","0","0.416","0.380473","0.380472768","0.380473","0.380472768","1","1","0"
"17686","29","Internal Data Pipeline / Integration Module","TID-407","Missing Message Replay Protection","","","","","0","0","0.424","0.424","1","0","0","0","0","0.424","0.38779","0.387789552","0.193895","0.193894776","1","1","0"
"17687","34","Collision Avoidance System","TID-407","Missing Message Replay Protection","","","","","0","0","0.712","0.712","1","0","0","0","0","0.712","0.651194","0.651193776","0.651194","0.651193776","1","1","0"
"17688","35","Navigation Support and Situational Awareness Module","TID-407","Missing Message Replay Protection","","","","","0","0","0.536","0.536","1","0","0","0","0","0.536","0.490225","0.490224528","0.245112","0.245112264","1","1","0"
"17689","24","Autonomous Decision-Making Engine","TID-407","Missing Message Replay Protection","","","","","0","0","0.704","0.704","1","0","0","0","0","0.704","0.643877","0.643876992","0.643877","0.643876992","1","1","0"
"17690","4","ENC Data Service","TID-408","Unencrypted Sensitive Data Communication","","","InC","","0","0","0.336","0.336","1","0","1","0","1","1.336","0.952644","3.787894","0.952644","3.787894","1","1","0"
"17691","2","GNSS / GPS Receiver","TID-408","Unencrypted Sensitive Data Communication","","","InC","","0","0","0.408","0.408","1","0","1","0","1","1.408","1.15678","3.992032","1.15678","3.992032","1","1","0"
"17692","3","AIS Interface","TID-408","Unencrypted Sensitive Data Communication","","","InC","","0","0","0.424","0.424","1","0","1","0","1","1.424","1.20215","4.037396","1.20215","4.037396","1","1","0"
"17693","8","RF / VHF / UHF Communication Module","TID-408","Unencrypted Sensitive Data Communication","","","InC","","0","0","0.328","0.328","1","0","0.56","0","0.56","0.888","0.929962","2.517702","0.929962","2.517702","1","1","0"
"17694","6","Navigation Data Integration Tool","TID-408","Unencrypted Sensitive Data Communication","","","InC","","0","0","0.512","0.512","1","0","1","0","1","1.512","1.45165","4.286898","1.45165","4.286898","1","1","0"
"17695","5","RADAR / ARPA System","TID-408","Unencrypted Sensitive Data Communication","","","InC","","0","0","0.44","0.44","1","0","1","0","1","1.44","1.24751","4.08276","1.24751","4.08276","1","1","0"
"17696","7","Satellite Communication System","TID-408","Unencrypted Sensitive Data Communication","","","InC","","0","0","0.392","0.392","1","0","0.56","0","0.56","0.952","1.11142","2.699158","1.11142","2.699158","1","1","0"
"17697","9","Vessel Traffic Services Interface","TID-408","Unencrypted Sensitive Data Communication","","","InC","","0","0","0.232","0.232","1","0","0.56","0","0.56","0.792","0.657778","2.245518","0.657778","2.245518","1","1","0"
"17698","27","Machine Learning and Adaptive Algorithm Module","TID-407","Missing Message Replay Protection","","","","","0","0","0.56","0.56","1","0","0","0","0","0.56","0.512175","0.51217488","0.512175","0.51217488","1","1","0"
"17699","30","Target Model","TID-407","Missing Message Replay Protection","","","","","0","0","0.512","0.512","1","0","0","0","0","0.512","0.468274","0.468274176","0.468274","0.468274176","1","1","0"
"17700","10","Remote Control Center Communication Interface","TID-408","Unencrypted Sensitive Data Communication","","","InC","","0","0","0.416","0.416","1","0","1","0","1","1.416","1.17946","4.014714","1.17946","4.014714","1","1","0"
"17701","33","Autonomous Navigation Decision Module","TID-407","Missing Message Replay Protection","","","","","0","0","0.8","0.8","1","0","0","0","0","0.8","0.731678","0.7316784","0.365839","0.3658392","1","1","0"
"17702","12","Controllable Pitch Propeller","TID-408","Unencrypted Sensitive Data Communication","","","InC","","0","0","0.44","0.44","1","0","1","0","1","1.44","1.24751","4.08276","1.24751","4.08276","1","1","0"
"17703","32","Data Integration and Analysis Module","TID-407","Missing Message Replay Protection","","","","","0","0","0.704","0.704","1","0","0","0","0","0.704","0.643877","0.643876992","0.321938","0.321938496","1","1","0"
"17704","11","GMDSS","TID-408","Unencrypted Sensitive Data Communication","","","InC","","0","0","0.392","0.392","1","0","0.56","0","0.56","0.952","1.11142","2.699158","1.11142","2.699158","1","1","0"
"17705","13","Rudder Angle Indicator","TID-408","Unencrypted Sensitive Data Communication","","","InC","","0","0","0.152","0.152","1","0","0.56","0","0.56","0.712","0.430958","2.018698","0.430958","2.018698","1","1","0"
"17706","14","Electric / Hybrid Propulsion System","TID-408","Unencrypted Sensitive Data Communication","","","InC","","0","0","0.536","0.536","1","0","1","0","1","1.536","1.51969","4.354944","1.51969","4.354944","1","1","0"
"17707","15","Steering Gear System","TID-408","Unencrypted Sensitive Data Communication","","","InC","","0","0","0.528","0.528","1","0","1","0","1","1.528","1.49701","4.332262","1.49701","4.332262","1","1","0"
"17708","16","Engine Control Mechanism","TID-408","Unencrypted Sensitive Data Communication","","","InC","","0","0","0.576","0.576","1","0","1","0","1","1.576","1.6331","4.468354","1.6331","4.468354","1","1","0"
"17709","17","LiDAR","TID-408","Unencrypted Sensitive Data Communication","","","InC","","0","0","0.16","0.16","1","0","0.56","0","0.56","0.72","0.45364","2.04138","0.45364","2.04138","1","1","0"
"17710","18","Sonar","TID-408","Unencrypted Sensitive Data Communication","","","InC","","0","0","0.208","0.208","1","0","0.56","0","0.56","0.768","0.589732","2.177472","0.589732","2.177472","1","1","0"
"17711","19","Infrared Camera System","TID-408","Unencrypted Sensitive Data Communication","","","InC","","0","0","0.208","0.208","1","0","0.56","0","0.56","0.768","0.589732","2.177472","0.589732","2.177472","1","1","0"
"17712","20","Weather Transmission System","TID-408","Unencrypted Sensitive Data Communication","","","InC","","0","0","0.112","0.112","1","0","0.56","0","0.56","0.672","0.317548","1.905288","0.317548","1.905288","1","1","0"
"17713","21","Echo Sounder","TID-408","Unencrypted Sensitive Data Communication","","","InC","","0","0","0.2","0.2","1","0","0.56","0","0.56","0.76","0.56705","2.15479","0.56705","2.15479","1","1","0"
"17714","26","Vessel Traffic Services Decision Integration","TID-408","Unencrypted Sensitive Data Communication","","","InC","","0","0","0.288","0.288","1","0","0.56","0","0.56","0.848","0.816552","2.404292","0.816552","2.404292","1","1","0"
"17715","22","Gyroscope Compass","TID-408","Unencrypted Sensitive Data Communication","","","InC","","0","0","0.168","0.168","1","0","0.56","0","0.56","0.728","0.476322","2.064062","0.476322","2.064062","1","1","0"
"17716","23","Heading and Speed Sensor","TID-408","Unencrypted Sensitive Data Communication","","","InC","","0","0","0.16","0.16","1","0","0.56","0","0.56","0.72","0.45364","2.04138","0.45364","2.04138","1","1","0"
"17717","29","Internal Data Pipeline / Integration Module","TID-408","Unencrypted Sensitive Data Communication","","","InC","","0","0","0.424","0.424","1","0","1","0","1","1.424","1.20215","4.037396","1.20215","4.037396","1","1","0"
"17718","25","Feedback Control Module","TID-408","Unencrypted Sensitive Data Communication","","","InC","","0","0","0.36","0.36","1","0","0.56","0","0.56","0.92","1.02069","2.60843","1.02069","2.60843","1","1","0"
"17719","28","Human Override Control Interface","TID-411","Weak/Insecure Cryptographic Protocol","","","","","0","0","0.416","0.416","1","0","0","0","0","0.416","0.189917","0.189916896","0.189917","0.189916896","1","1","0"
"17720","34","Collision Avoidance System","TID-408","Unencrypted Sensitive Data Communication","","","InC","","0","0","0.712","0.712","1","0","1","0","1","1.712","2.0187","4.853948","2.0187","4.853948","1","1","0"
"17721","35","Navigation Support and Situational Awareness Module","TID-408","Unencrypted Sensitive Data Communication","","","InC","","0","0","0.536","0.536","1","0","1","0","1","1.536","1.51969","4.354944","1.51969","4.354944","1","1","0"
"17722","8","RF / VHF / UHF Communication Module","TID-412","Network Routing Capability Abuse","","","","","0","0","0.328","0.328","1","0","0","0","0","0.328","0.929962","0.929962","0.697471","0.6974715","1","1","0"
"17723","6","Navigation Data Integration Tool","TID-412","Network Routing Capability Abuse","","","","","0","0","0.512","0.512","1","0","0","0","0","0.512","1.45165","1.451648","1.08874","1.088736","1","1","0"
"17724","11","GMDSS","TID-412","Network Routing Capability Abuse","","","","","0","0","0.392","0.392","1","0","0","0","0","0.392","1.11142","1.111418","0.833564","0.8335635","1","1","0"
"17725","26","Vessel Traffic Services Decision Integration","TID-412","Network Routing Capability Abuse","","","","","0","0","0.288","0.288","1","0","0","0","0","0.288","0.816552","0.816552","0.612414","0.612414","1","1","0"
"17726","9","Vessel Traffic Services Interface","TID-412","Network Routing Capability Abuse","","","","","0","0","0.232","0.232","1","0","0","0","0","0.232","0.657778","0.657778","0.493333","0.4933335","1","1","0"
"17727","7","Satellite Communication System","TID-412","Network Routing Capability Abuse","","","","","0","0","0.392","0.392","1","0","0","0","0","0.392","1.11142","1.111418","0.833564","0.8335635","1","1","0"
"17728","29","Internal Data Pipeline / Integration Module","TID-412","Network Routing Capability Abuse","","","","","0","0","0.424","0.424","1","0","0","0","0","0.424","1.20215","1.202146","0.901609","0.9016095","1","1","0"
"17729","10","Remote Control Center Communication Interface","TID-412","Network Routing Capability Abuse","","","","","0","0","0.416","0.416","1","0","0","0","0","0.416","1.17946","1.179464","0.884598","0.884598","1","1","0"
"17730","24","Autonomous Decision-Making Engine","TID-408","Unencrypted Sensitive Data Communication","","","InC","","0","0","0.704","0.704","1","0","0.56","0","0.56","1.264","1.99602","3.583756","1.99602","3.583756","1","1","0"
"17731","32","Data Integration and Analysis Module","TID-408","Unencrypted Sensitive Data Communication","","","InC","","0","0","0.704","0.704","1","0","1","0","1","1.704","1.99602","4.831266","1.99602","4.831266","1","1","0"
"17732","27","Machine Learning and Adaptive Algorithm Module","TID-408","Unencrypted Sensitive Data Communication","","","InC","","0","0","0.56","0.56","1","0","0.56","0","0.56","1.12","1.58774","3.17548","1.58774","3.17548","1","1","0"
"17733","30","Target Model","TID-408","Unencrypted Sensitive Data Communication","","","InC","","0","0","0.512","0.512","1","0","1","0","1","1.512","1.45165","4.286898","1.45165","4.286898","1","1","0"
"17734","33","Autonomous Navigation Decision Module","TID-408","Unencrypted Sensitive Data Communication","","","InC","","0","0","0.8","0.8","1","0","1","0","1","1.8","2.2682","5.10345","2.2682","5.10345","1","1","0"
"17735","35","Navigation Support and Situational Awareness Module","TID-412","Network Routing Capability Abuse","","","","","0","0","0.536","0.536","1","0","0","0","0","0.536","1.51969","1.519694","1.13977","1.1397705","1","1","0"
"17736","32","Data Integration and Analysis Module","TID-412","Network Routing Capability Abuse","","","","","0","0","0.704","0.704","1","0","0","0","0","0.704","1.99602","1.996016","1.49701","1.497012","1","1","0"
"17737","2","GNSS / GPS Receiver","EUVD-2024-1860","Credential Access","","CoC","","","0","0","0.0242424","0.0242424","1","0.392","0","0","0.392","0.4162424","0.000179039","0.0030741083","0.000179039","0.0030741083","1","1","0"
"17738","2","GNSS / GPS Receiver","EUVD-2024-1860","Exfiltration","","CoC","","","0","0","0.464242","0.4642424","1","0.392","0","0","0.392","0.8562424","0.00342861","0.0063236755","0.00342861","0.0063236755","1","1","0"
"17739","2","GNSS / GPS Receiver","EUVD-2024-1860","Loss of Control","I2CF","","","","1","0","1.82747","1.82747143","1","0","0","0","0","1.82747143","0.0134966","0.0134965709","0.0134966","0.0134965709","1","1","0"
"17740","2","GNSS / GPS Receiver","EUVD-2024-1860","Reputational Harm","","","","","0","0","0.375","0.375","1","0","0","0","0","0.375","0.00276952","0.0027695175","0.00276952","0.0027695175","1","1","0"
"17741","2","GNSS / GPS Receiver","EUVD-2024-1860","Credential Access","","CoC","","","0","0","0.0242424","0.0242424","1","0.392","0","0","0.392","0.4162424","0.000179039","0.0030741083","0.000179039","0.0030741083","1","1","0"
"17742","2","GNSS / GPS Receiver","EUVD-2024-1860","Exfiltration","","CoC","","","0","0","0.464242","0.4642424","1","0.392","0","0","0.392","0.8562424","0.00342861","0.0063236755","0.00342861","0.0063236755","1","1","0"
"17743","2","GNSS / GPS Receiver","EUVD-2024-1860","Loss of Control","I2CF","","","","1","0","1.82747","1.82747143","1","0","0","0","0","1.82747143","0.0134966","0.0134965709","0.0134966","0.0134965709","1","1","0"
"17744","2","GNSS / GPS Receiver","EUVD-2024-1860","Reputational Harm","","","","","0","0","0.375","0.375","1","0","0","0","0","0.375","0.00276952","0.0027695175","0.00276952","0.0027695175","1","1","0"
"17745","2","GNSS / GPS Receiver","EUVD-2024-1860","Credential Access","","CoC","","","0","0","0.0242424","0.0242424","1","0.392","0","0","0.392","0.4162424","0.000179039","0.0030741083","0.000179039","0.0030741083","1","1","0"
"17746","2","GNSS / GPS Receiver","EUVD-2024-1860","Exfiltration","","CoC","","","0","0","0.464242","0.4642424","1","0.392","0","0","0.392","0.8562424","0.00342861","0.0063236755","0.00342861","0.0063236755","1","1","0"
"17747","2","GNSS / GPS Receiver","EUVD-2024-1860","Loss of Control","I2CF","","","","1","0","1.82747","1.82747143","1","0","0","0","0","1.82747143","0.0134966","0.0134965709","0.0134966","0.0134965709","1","1","0"
"17748","2","GNSS / GPS Receiver","EUVD-2024-1860","Reputational Harm","","","","","0","0","0.375","0.375","1","0","0","0","0","0.375","0.00276952","0.0027695175","0.00276952","0.0027695175","1","1","0"
"17749","2","GNSS / GPS Receiver","EUVD-2024-1860","Credential Access","","CoC","","","0","0","0.0242424","0.0242424","1","0.392","0","0","0.392","0.4162424","0.000179039","0.0030741083","0.000179039","0.0030741083","1","1","0"
"17750","2","GNSS / GPS Receiver","EUVD-2024-1860","Exfiltration","","CoC","","","0","0","0.464242","0.4642424","1","0.392","0","0","0.392","0.8562424","0.00342861","0.0063236755","0.00342861","0.0063236755","1","1","0"
"17751","2","GNSS / GPS Receiver","EUVD-2024-1860","Loss of Control","I2CF","","","","1","0","1.82747","1.82747143","1","0","0","0","0","1.82747143","0.0134966","0.0134965709","0.0134966","0.0134965709","1","1","0"
"17752","2","GNSS / GPS Receiver","EUVD-2024-1860","Reputational Harm","","","","","0","0","0.375","0.375","1","0","0","0","0","0.375","0.00276952","0.0027695175","0.00276952","0.0027695175","1","1","0"
"17753","2","GNSS / GPS Receiver","EUVD-2024-1860","Credential Access","","CoC","","","0","0","0.0242424","0.0242424","1","0.392","0","0","0.392","0.4162424","0.000179039","0.0030741083","0.000179039","0.0030741083","1","1","0"
"17754","2","GNSS / GPS Receiver","EUVD-2024-1860","Exfiltration","","CoC","","","0","0","0.464242","0.4642424","1","0.392","0","0","0.392","0.8562424","0.00342861","0.0063236755","0.00342861","0.0063236755","1","1","0"
"17755","2","GNSS / GPS Receiver","EUVD-2024-1860","Loss of Control","I2CF","","","","1","0","1.82747","1.82747143","1","0","0","0","0","1.82747143","0.0134966","0.0134965709","0.0134966","0.0134965709","1","1","0"
"17756","2","GNSS / GPS Receiver","EUVD-2024-1860","Reputational Harm","","","","","0","0","0.375","0.375","1","0","0","0","0","0.375","0.00276952","0.0027695175","0.00276952","0.0027695175","1","1","0"
"17757","2","GNSS / GPS Receiver","EUVD-2024-1860","Credential Access","","CoC","","","0","0","0.0242424","0.0242424","1","0.392","0","0","0.392","0.4162424","0.000179039","0.0030741083","0.000179039","0.0030741083","1","1","0"
"17758","2","GNSS / GPS Receiver","EUVD-2024-1860","Exfiltration","","CoC","","","0","0","0.464242","0.4642424","1","0.392","0","0","0.392","0.8562424","0.00342861","0.0063236755","0.00342861","0.0063236755","1","1","0"
"17759","2","GNSS / GPS Receiver","EUVD-2024-1860","Loss of Control","I2CF","","","","1","0","1.82747","1.82747143","1","0","0","0","0","1.82747143","0.0134966","0.0134965709","0.0134966","0.0134965709","1","1","0"
"17760","2","GNSS / GPS Receiver","EUVD-2024-1860","Reputational Harm","","","","","0","0","0.375","0.375","1","0","0","0","0","0.375","0.00276952","0.0027695175","0.00276952","0.0027695175","1","1","0"
"17761","2","GNSS / GPS Receiver","EUVD-2024-1860","Credential Access","","CoC","","","0","0","0.0242424","0.0242424","1","0.392","0","0","0.392","0.4162424","0.000179039","0.0030741083","0.000179039","0.0030741083","1","1","0"
"17762","2","GNSS / GPS Receiver","EUVD-2024-1860","Exfiltration","","CoC","","","0","0","0.464242","0.4642424","1","0.392","0","0","0.392","0.8562424","0.00342861","0.0063236755","0.00342861","0.0063236755","1","1","0"
"17763","2","GNSS / GPS Receiver","EUVD-2024-1860","Loss of Control","I2CF","","","","1","0","1.82747","1.82747143","1","0","0","0","0","1.82747143","0.0134966","0.0134965709","0.0134966","0.0134965709","1","1","0"
"17764","2","GNSS / GPS Receiver","EUVD-2024-1860","Reputational Harm","","","","","0","0","0.375","0.375","1","0","0","0","0","0.375","0.00276952","0.0027695175","0.00276952","0.0027695175","1","1","0"
"17765","2","GNSS / GPS Receiver","EUVD-2024-1860","Credential Access","","CoC","","","0","0","0.0242424","0.0242424","1","0.392","0","0","0.392","0.4162424","0.000179039","0.0030741083","0.000179039","0.0030741083","1","1","0"
"17766","2","GNSS / GPS Receiver","EUVD-2024-1860","Exfiltration","","CoC","","","0","0","0.464242","0.4642424","1","0.392","0","0","0.392","0.8562424","0.00342861","0.0063236755","0.00342861","0.0063236755","1","1","0"
"17767","2","GNSS / GPS Receiver","EUVD-2024-1860","Loss of Control","I2CF","","","","1","0","1.82747","1.82747143","1","0","0","0","0","1.82747143","0.0134966","0.0134965709","0.0134966","0.0134965709","1","1","0"
"17768","2","GNSS / GPS Receiver","EUVD-2024-1860","Reputational Harm","","","","","0","0","0.375","0.375","1","0","0","0","0","0.375","0.00276952","0.0027695175","0.00276952","0.0027695175","1","1","0"
"17769","2","GNSS / GPS Receiver","EUVD-2024-1860","Credential Access","","CoC","","","0","0","0.0242424","0.0242424","1","0.392","0","0","0.392","0.4162424","0.000179039","0.0030741083","0.000179039","0.0030741083","1","1","0"
"17770","2","GNSS / GPS Receiver","EUVD-2024-1860","Exfiltration","","CoC","","","0","0","0.464242","0.4642424","1","0.392","0","0","0.392","0.8562424","0.00342861","0.0063236755","0.00342861","0.0063236755","1","1","0"
"17771","2","GNSS / GPS Receiver","EUVD-2024-1860","Loss of Control","I2CF","","","","1","0","1.82747","1.82747143","1","0","0","0","0","1.82747143","0.0134966","0.0134965709","0.0134966","0.0134965709","1","1","0"
"17772","2","GNSS / GPS Receiver","EUVD-2024-1860","Reputational Harm","","","","","0","0","0.375","0.375","1","0","0","0","0","0.375","0.00276952","0.0027695175","0.00276952","0.0027695175","1","1","0"
"17773","2","GNSS / GPS Receiver","EUVD-2024-1860","Credential Access","","CoC","","","0","0","0.0242424","0.0242424","1","0.392","0","0","0.392","0.4162424","0.000179039","0.0030741083","0.000179039","0.0030741083","1","1","0"
"17774","2","GNSS / GPS Receiver","EUVD-2024-1860","Exfiltration","","CoC","","","0","0","0.464242","0.4642424","1","0.392","0","0","0.392","0.8562424","0.00342861","0.0063236755","0.00342861","0.0063236755","1","1","0"
"17775","2","GNSS / GPS Receiver","EUVD-2024-1860","Loss of Control","I2CF","","","","1","0","1.82747","1.82747143","1","0","0","0","0","1.82747143","0.0134966","0.0134965709","0.0134966","0.0134965709","1","1","0"
"17776","2","GNSS / GPS Receiver","EUVD-2024-1860","Reputational Harm","","","","","0","0","0.375","0.375","1","0","0","0","0","0.375","0.00276952","0.0027695175","0.00276952","0.0027695175","1","1","0"
"17777","2","GNSS / GPS Receiver","EUVD-2024-1860","Credential Access","","CoC","","","0","0","0.0242424","0.0242424","1","0.392","0","0","0.392","0.4162424","0.000179039","0.0030741083","0.000179039","0.0030741083","1","1","0"
"17778","2","GNSS / GPS Receiver","EUVD-2024-1860","Exfiltration","","CoC","","","0","0","0.464242","0.4642424","1","0.392","0","0","0.392","0.8562424","0.00342861","0.0063236755","0.00342861","0.0063236755","1","1","0"
"17779","2","GNSS / GPS Receiver","EUVD-2024-1860","Loss of Control","I2CF","","","","1","0","1.82747","1.82747143","1","0","0","0","0","1.82747143","0.0134966","0.0134965709","0.0134966","0.0134965709","1","1","0"
"17780","2","GNSS / GPS Receiver","EUVD-2024-1860","Reputational Harm","","","","","0","0","0.375","0.375","1","0","0","0","0","0.375","0.00276952","0.0027695175","0.00276952","0.0027695175","1","1","0"
"17781","2","GNSS / GPS Receiver","EUVD-2024-1860","Credential Access","","CoC","","","0","0","0.0242424","0.0242424","1","0.392","0","0","0.392","0.4162424","0.000179039","0.0030741083","0.000179039","0.0030741083","1","1","0"
"17782","2","GNSS / GPS Receiver","EUVD-2024-1860","Exfiltration","","CoC","","","0","0","0.464242","0.4642424","1","0.392","0","0","0.392","0.8562424","0.00342861","0.0063236755","0.00342861","0.0063236755","1","1","0"
"17783","2","GNSS / GPS Receiver","EUVD-2024-1860","Loss of Control","I2CF","","","","1","0","1.82747","1.82747143","1","0","0","0","0","1.82747143","0.0134966","0.0134965709","0.0134966","0.0134965709","1","1","0"
"17784","2","GNSS / GPS Receiver","EUVD-2024-1860","Reputational Harm","","","","","0","0","0.375","0.375","1","0","0","0","0","0.375","0.00276952","0.0027695175","0.00276952","0.0027695175","1","1","0"
"17785","2","GNSS / GPS Receiver","EUVD-2024-1860","Credential Access","","CoC","","","0","0","0.0242424","0.0242424","1","0.392","0","0","0.392","0.4162424","0.000179039","0.0030741083","0.000179039","0.0030741083","1","1","0"
"17786","2","GNSS / GPS Receiver","EUVD-2024-1860","Exfiltration","","CoC","","","0","0","0.464242","0.4642424","1","0.392","0","0","0.392","0.8562424","0.00342861","0.0063236755","0.00342861","0.0063236755","1","1","0"
"17787","2","GNSS / GPS Receiver","EUVD-2024-1860","Loss of Control","I2CF","","","","1","0","1.82747","1.82747143","1","0","0","0","0","1.82747143","0.0134966","0.0134965709","0.0134966","0.0134965709","1","1","0"
"17788","2","GNSS / GPS Receiver","EUVD-2024-1860","Reputational Harm","","","","","0","0","0.375","0.375","1","0","0","0","0","0.375","0.00276952","0.0027695175","0.00276952","0.0027695175","1","1","0"
"17789","2","GNSS / GPS Receiver","EUVD-2024-1860","Credential Access","","CoC","","","0","0","0.0242424","0.0242424","1","0.392","0","0","0.392","0.4162424","0.000179039","0.0030741083","0.000179039","0.0030741083","1","1","0"
"17790","2","GNSS / GPS Receiver","EUVD-2024-1860","Exfiltration","","CoC","","","0","0","0.464242","0.4642424","1","0.392","0","0","0.392","0.8562424","0.00342861","0.0063236755","0.00342861","0.0063236755","1","1","0"
"17791","2","GNSS / GPS Receiver","EUVD-2024-1860","Loss of Control","I2CF","","","","1","0","1.82747","1.82747143","1","0","0","0","0","1.82747143","0.0134966","0.0134965709","0.0134966","0.0134965709","1","1","0"
"17792","2","GNSS / GPS Receiver","EUVD-2024-1860","Reputational Harm","","","","","0","0","0.375","0.375","1","0","0","0","0","0.375","0.00276952","0.0027695175","0.00276952","0.0027695175","1","1","0"
"17793","2","GNSS / GPS Receiver","EUVD-2024-1860","Credential Access","","CoC","","","0","0","0.0242424","0.0242424","1","0.392","0","0","0.392","0.4162424","0.000179039","0.0030741083","0.000179039","0.0030741083","1","1","0"
"17794","2","GNSS / GPS Receiver","EUVD-2024-1860","Exfiltration","","CoC","","","0","0","0.464242","0.4642424","1","0.392","0","0","0.392","0.8562424","0.00342861","0.0063236755","0.00342861","0.0063236755","1","1","0"
"17795","2","GNSS / GPS Receiver","EUVD-2024-1860","Loss of Control","I2CF","","","","1","0","1.82747","1.82747143","1","0","0","0","0","1.82747143","0.0134966","0.0134965709","0.0134966","0.0134965709","1","1","0"
"17796","2","GNSS / GPS Receiver","EUVD-2024-1860","Reputational Harm","","","","","0","0","0.375","0.375","1","0","0","0","0","0.375","0.00276952","0.0027695175","0.00276952","0.0027695175","1","1","0"
